Summary       = 8x8 simulation
seed          = -1648423451
N             =         64
L             =         40
dtau          =        0.08000000
beta          =        3.20000000
U             =        4.00000000
mu            =        0.00000000
nstab         =         10
north         =          6
nbin          =         10
nmeassweep    =        100
nskip         =          2
nequil        =         20
ckbupfilename = ckb8x8.txt
ckbdnfilename = ckb8x8.txt
bipfilename   = bip8x8.txt
outfilename   = out8x8.txt
debfilename   = deb8x8.txt
up hopping matrix i j Tup(i, j) Tup(j, i) =
      1      2       0.95000000       1.05000000
      1      8       1.05000000       0.95000000
      1      9       1.00000000       1.00000000
      1     57       1.00000000       1.00000000
      2      3       0.95000000       1.05000000
      2     10       1.00000000       1.00000000
      2     58       1.00000000       1.00000000
      3      4       0.95000000       1.05000000
      3     11       1.00000000       1.00000000
      3     59       1.00000000       1.00000000
      4      5       0.95000000       1.05000000
      4     12       1.00000000       1.00000000
      4     60       1.00000000       1.00000000
      5      6       0.95000000       1.05000000
      5     13       1.00000000       1.00000000
      5     61       1.00000000       1.00000000
      6      7       0.95000000       1.05000000
      6     14       1.00000000       1.00000000
      6     62       1.00000000       1.00000000
      7      8       0.95000000       1.05000000
      7     15       1.00000000       1.00000000
      7     63       1.00000000       1.00000000
      8     16       1.00000000       1.00000000
      8     64       1.00000000       1.00000000
      9     10       0.95000000       1.05000000
      9     16       1.05000000       0.95000000
      9     17       1.00000000       1.00000000
     10     11       0.95000000       1.05000000
     10     18       1.00000000       1.00000000
     11     12       0.95000000       1.05000000
     11     19       1.00000000       1.00000000
     12     13       0.95000000       1.05000000
     12     20       1.00000000       1.00000000
     13     14       0.95000000       1.05000000
     13     21       1.00000000       1.00000000
     14     15       0.95000000       1.05000000
     14     22       1.00000000       1.00000000
     15     16       0.95000000       1.05000000
     15     23       1.00000000       1.00000000
     16     24       1.00000000       1.00000000
     17     18       0.95000000       1.05000000
     17     24       1.05000000       0.95000000
     17     25       1.00000000       1.00000000
     18     19       0.95000000       1.05000000
     18     26       1.00000000       1.00000000
     19     20       0.95000000       1.05000000
     19     27       1.00000000       1.00000000
     20     21       0.95000000       1.05000000
     20     28       1.00000000       1.00000000
     21     22       0.95000000       1.05000000
     21     29       1.00000000       1.00000000
     22     23       0.95000000       1.05000000
     22     30       1.00000000       1.00000000
     23     24       0.95000000       1.05000000
     23     31       1.00000000       1.00000000
     24     32       1.00000000       1.00000000
     25     26       0.95000000       1.05000000
     25     32       1.05000000       0.95000000
     25     33       1.00000000       1.00000000
     26     27       0.95000000       1.05000000
     26     34       1.00000000       1.00000000
     27     28       0.95000000       1.05000000
     27     35       1.00000000       1.00000000
     28     29       0.95000000       1.05000000
     28     36       1.00000000       1.00000000
     29     30       0.95000000       1.05000000
     29     37       1.00000000       1.00000000
     30     31       0.95000000       1.05000000
     30     38       1.00000000       1.00000000
     31     32       0.95000000       1.05000000
     31     39       1.00000000       1.00000000
     32     40       1.00000000       1.00000000
     33     34       0.95000000       1.05000000
     33     40       1.05000000       0.95000000
     33     41       1.00000000       1.00000000
     34     35       0.95000000       1.05000000
     34     42       1.00000000       1.00000000
     35     36       0.95000000       1.05000000
     35     43       1.00000000       1.00000000
     36     37       0.95000000       1.05000000
     36     44       1.00000000       1.00000000
     37     38       0.95000000       1.05000000
     37     45       1.00000000       1.00000000
     38     39       0.95000000       1.05000000
     38     46       1.00000000       1.00000000
     39     40       0.95000000       1.05000000
     39     47       1.00000000       1.00000000
     40     48       1.00000000       1.00000000
     41     42       0.95000000       1.05000000
     41     48       1.05000000       0.95000000
     41     49       1.00000000       1.00000000
     42     43       0.95000000       1.05000000
     42     50       1.00000000       1.00000000
     43     44       0.95000000       1.05000000
     43     51       1.00000000       1.00000000
     44     45       0.95000000       1.05000000
     44     52       1.00000000       1.00000000
     45     46       0.95000000       1.05000000
     45     53       1.00000000       1.00000000
     46     47       0.95000000       1.05000000
     46     54       1.00000000       1.00000000
     47     48       0.95000000       1.05000000
     47     55       1.00000000       1.00000000
     48     56       1.00000000       1.00000000
     49     50       0.95000000       1.05000000
     49     56       1.05000000       0.95000000
     49     57       1.00000000       1.00000000
     50     51       0.95000000       1.05000000
     50     58       1.00000000       1.00000000
     51     52       0.95000000       1.05000000
     51     59       1.00000000       1.00000000
     52     53       0.95000000       1.05000000
     52     60       1.00000000       1.00000000
     53     54       0.95000000       1.05000000
     53     61       1.00000000       1.00000000
     54     55       0.95000000       1.05000000
     54     62       1.00000000       1.00000000
     55     56       0.95000000       1.05000000
     55     63       1.00000000       1.00000000
     56     64       1.00000000       1.00000000
     57     58       0.95000000       1.05000000
     57     64       1.05000000       0.95000000
     58     59       0.95000000       1.05000000
     59     60       0.95000000       1.05000000
     60     61       0.95000000       1.05000000
     61     62       0.95000000       1.05000000
     62     63       0.95000000       1.05000000
     63     64       0.95000000       1.05000000
dn hopping matrix i j Tdn(i, j) Tdn(j, i) =
      1      2       0.95000000       1.05000000
      1      8       1.05000000       0.95000000
      1      9       1.00000000       1.00000000
      1     57       1.00000000       1.00000000
      2      3       0.95000000       1.05000000
      2     10       1.00000000       1.00000000
      2     58       1.00000000       1.00000000
      3      4       0.95000000       1.05000000
      3     11       1.00000000       1.00000000
      3     59       1.00000000       1.00000000
      4      5       0.95000000       1.05000000
      4     12       1.00000000       1.00000000
      4     60       1.00000000       1.00000000
      5      6       0.95000000       1.05000000
      5     13       1.00000000       1.00000000
      5     61       1.00000000       1.00000000
      6      7       0.95000000       1.05000000
      6     14       1.00000000       1.00000000
      6     62       1.00000000       1.00000000
      7      8       0.95000000       1.05000000
      7     15       1.00000000       1.00000000
      7     63       1.00000000       1.00000000
      8     16       1.00000000       1.00000000
      8     64       1.00000000       1.00000000
      9     10       0.95000000       1.05000000
      9     16       1.05000000       0.95000000
      9     17       1.00000000       1.00000000
     10     11       0.95000000       1.05000000
     10     18       1.00000000       1.00000000
     11     12       0.95000000       1.05000000
     11     19       1.00000000       1.00000000
     12     13       0.95000000       1.05000000
     12     20       1.00000000       1.00000000
     13     14       0.95000000       1.05000000
     13     21       1.00000000       1.00000000
     14     15       0.95000000       1.05000000
     14     22       1.00000000       1.00000000
     15     16       0.95000000       1.05000000
     15     23       1.00000000       1.00000000
     16     24       1.00000000       1.00000000
     17     18       0.95000000       1.05000000
     17     24       1.05000000       0.95000000
     17     25       1.00000000       1.00000000
     18     19       0.95000000       1.05000000
     18     26       1.00000000       1.00000000
     19     20       0.95000000       1.05000000
     19     27       1.00000000       1.00000000
     20     21       0.95000000       1.05000000
     20     28       1.00000000       1.00000000
     21     22       0.95000000       1.05000000
     21     29       1.00000000       1.00000000
     22     23       0.95000000       1.05000000
     22     30       1.00000000       1.00000000
     23     24       0.95000000       1.05000000
     23     31       1.00000000       1.00000000
     24     32       1.00000000       1.00000000
     25     26       0.95000000       1.05000000
     25     32       1.05000000       0.95000000
     25     33       1.00000000       1.00000000
     26     27       0.95000000       1.05000000
     26     34       1.00000000       1.00000000
     27     28       0.95000000       1.05000000
     27     35       1.00000000       1.00000000
     28     29       0.95000000       1.05000000
     28     36       1.00000000       1.00000000
     29     30       0.95000000       1.05000000
     29     37       1.00000000       1.00000000
     30     31       0.95000000       1.05000000
     30     38       1.00000000       1.00000000
     31     32       0.95000000       1.05000000
     31     39       1.00000000       1.00000000
     32     40       1.00000000       1.00000000
     33     34       0.95000000       1.05000000
     33     40       1.05000000       0.95000000
     33     41       1.00000000       1.00000000
     34     35       0.95000000       1.05000000
     34     42       1.00000000       1.00000000
     35     36       0.95000000       1.05000000
     35     43       1.00000000       1.00000000
     36     37       0.95000000       1.05000000
     36     44       1.00000000       1.00000000
     37     38       0.95000000       1.05000000
     37     45       1.00000000       1.00000000
     38     39       0.95000000       1.05000000
     38     46       1.00000000       1.00000000
     39     40       0.95000000       1.05000000
     39     47       1.00000000       1.00000000
     40     48       1.00000000       1.00000000
     41     42       0.95000000       1.05000000
     41     48       1.05000000       0.95000000
     41     49       1.00000000       1.00000000
     42     43       0.95000000       1.05000000
     42     50       1.00000000       1.00000000
     43     44       0.95000000       1.05000000
     43     51       1.00000000       1.00000000
     44     45       0.95000000       1.05000000
     44     52       1.00000000       1.00000000
     45     46       0.95000000       1.05000000
     45     53       1.00000000       1.00000000
     46     47       0.95000000       1.05000000
     46     54       1.00000000       1.00000000
     47     48       0.95000000       1.05000000
     47     55       1.00000000       1.00000000
     48     56       1.00000000       1.00000000
     49     50       0.95000000       1.05000000
     49     56       1.05000000       0.95000000
     49     57       1.00000000       1.00000000
     50     51       0.95000000       1.05000000
     50     58       1.00000000       1.00000000
     51     52       0.95000000       1.05000000
     51     59       1.00000000       1.00000000
     52     53       0.95000000       1.05000000
     52     60       1.00000000       1.00000000
     53     54       0.95000000       1.05000000
     53     61       1.00000000       1.00000000
     54     55       0.95000000       1.05000000
     54     62       1.00000000       1.00000000
     55     56       0.95000000       1.05000000
     55     63       1.00000000       1.00000000
     56     64       1.00000000       1.00000000
     57     58       0.95000000       1.05000000
     57     64       1.05000000       0.95000000
     58     59       0.95000000       1.05000000
     59     60       0.95000000       1.05000000
     60     61       0.95000000       1.05000000
     61     62       0.95000000       1.05000000
     62     63       0.95000000       1.05000000
     63     64       0.95000000       1.05000000
Bipartite matrix S =

Average sign                               =        1.00000000 +-        0.00000000
Average total density                      =        1.00006501 +-        0.00007807
Average upden                              =        0.49921322 +-        0.00329905
Average dnden                              =        0.50085179 +-        0.00332011
Average KE                                 =      -86.21926805 +-        0.47034251
Average CHEE                               =        0.00000000 +-        0.00000000
Average PE                                 =       34.64031154 +-        0.26479399
Average E                                  =      -51.57895651 +-        0.37440421
Average antiferromagnetic structure factor =        2.50877551 +-        0.25668777
Gup                                        = 
       0.52787098      -0.16725988       0.00836713       0.00045464      -0.00628983      -0.00785677      -0.01039906      -0.21404937      -0.16864777      -0.01676232       0.03026942      -0.00681942       0.00040750       0.00773749       0.04013328      -0.01345033       0.01602699       0.03703033       0.00199238      -0.02627649      -0.00360492      -0.00743903       0.01462866       0.04920163       0.02322298       0.01635492      -0.00888411       0.00044617       0.01124502      -0.00978049      -0.01252040       0.02259090      -0.00147829       0.02095345      -0.00825266       0.00911681       0.01908305       0.00120554       0.00015456      -0.01634521       0.00900067       0.00415053      -0.02364893       0.00504226       0.00995241      -0.01741322      -0.01853508      -0.00430815       0.01660394       0.01808506       0.00873728       0.01472187      -0.00344367      -0.01516877       0.00219469       0.06058707      -0.16056476      -0.04302987       0.02416535      -0.00301679      -0.00410921       0.01101267       0.06721575       0.02224134
      -0.17996584       0.51657873      -0.17510657       0.00027547      -0.00758002      -0.00262745       0.00905835      -0.02483782       0.00663915      -0.19179029      -0.01818522       0.05452878       0.00941455       0.00476358       0.02916887       0.04441121       0.03623020      -0.00344026       0.02587383       0.00267596      -0.01205376      -0.00046996      -0.00979923      -0.01116475       0.00851840       0.00428456      -0.00582471      -0.00646426      -0.00850062      -0.00456881       0.00024410      -0.02263159      -0.00135751      -0.00083608      -0.00322774      -0.00821788       0.00151940       0.00297466       0.00960763       0.00123055      -0.00592756       0.00431918       0.00789823      -0.01059853       0.00070905       0.00664607       0.00826214      -0.00761186       0.03164931       0.01119648       0.03026786       0.00061575      -0.00714136      -0.00071403      -0.01787478      -0.00400771       0.00086036      -0.15309798      -0.02132572       0.04014702      -0.00618791      -0.00240581       0.00120810       0.04687368
      -0.01651329      -0.19068194       0.51866548      -0.13679418       0.01584680       0.00480144      -0.00182561       0.00368801       0.05198694      -0.01331693      -0.14963868       0.00506219       0.03282290      -0.00757487      -0.00291698       0.01424001       0.00414220       0.02896660      -0.00515054       0.03128470       0.00092364      -0.00786660       0.00211393      -0.01924613      -0.01137901      -0.01081152      -0.00370161       0.00040968      -0.00917029      -0.00604539       0.00447698       0.00241085      -0.00472807      -0.01453043       0.01169662      -0.00848442       0.00208311       0.00885031      -0.00470167       0.01128229      -0.01502619      -0.00072357       0.00501109      -0.00680222       0.00244424       0.00495398       0.00869842       0.00069980      -0.00197685       0.02695992      -0.00015656       0.02311282       0.00398335      -0.00990669      -0.00725661      -0.01594152       0.03498986      -0.02624498      -0.18982680      -0.00377248       0.02049982      -0.00386446      -0.00683906       0.00814439
       0.01218725      -0.00149680      -0.18604362       0.50502247      -0.14604756      -0.02111458      -0.00141621       0.00059178      -0.00724103       0.02697574      -0.01517847      -0.17692372       0.00462290       0.04092638       0.00353169      -0.00344735      -0.01875119       0.00508953       0.05129790       0.00347795       0.02049054       0.00623772      -0.00805585      -0.00242651       0.01385041      -0.01291014      -0.01166623      -0.00066363      -0.00270665      -0.00724799      -0.00533791      -0.00222104       0.01467988       0.01864347      -0.00184682      -0.00080414      -0.00143478       0.00525265       0.00885638      -0.00885558       0.00230886      -0.01505254      -0.00485960      -0.00763832      -0.00105880      -0.01302055       0.00531753      -0.00616734      -0.00418995       0.00056228       0.04494109       0.01086818       0.03085921      -0.01305277      -0.01313015      -0.00485432       0.02086707       0.03187920      -0.01105650      -0.21595538       0.02794752       0.02635826      -0.00401776       0.00541988
      -0.00744982       0.02304677      -0.00739418      -0.15613955       0.49606577      -0.18154512      -0.01296970      -0.00179354      -0.01647711       0.01616533       0.01880905      -0.00013077      -0.14481786       0.00433053       0.02266825       0.00154820      -0.01275956      -0.00215595      -0.00280668       0.03511093      -0.02057435       0.04332865       0.00192437       0.00914989       0.00959547       0.01439720      -0.00144401      -0.00376131      -0.00181077       0.00044423      -0.00492842      -0.00696937       0.01351413      -0.00052853      -0.01488008       0.00779568       0.00889395      -0.00020911       0.01166487       0.00058782       0.00704010       0.01889277      -0.01127433       0.00290975      -0.00665435      -0.01102251      -0.00731802      -0.00403188      -0.00720782      -0.00732233       0.00986735       0.02000703      -0.01677248       0.02727420       0.00790028      -0.00527405      -0.00323512      -0.00235739       0.02363029       0.01208948      -0.15178709       0.02257131       0.01374983       0.00215783
      -0.00193373      -0.00284949      -0.01167656       0.00539304      -0.15774153       0.51336387      -0.12532770       0.00151271      -0.01041247      -0.00214728      -0.00179086       0.03248859       0.00917122      -0.15795933       0.00513798       0.03798717      -0.00420267      -0.00273210      -0.01149964      -0.00794161       0.02885286      -0.01028191       0.02599480      -0.00855975       0.00506665      -0.00092420      -0.00732848      -0.01233755       0.00801485      -0.00383670       0.01203967      -0.00398790       0.00193950      -0.00247043       0.01356384      -0.00724405      -0.00318129      -0.00269586      -0.00648710      -0.00310330      -0.01368303       0.00891964       0.00360738      -0.01226125       0.00647936       0.00712216      -0.00583022      -0.00939678       0.00351985      -0.00212464      -0.02498433       0.00537984       0.03592352      -0.00896430       0.04370388       0.01151344      -0.00193173       0.00051950      -0.00027850       0.05213138      -0.00933440      -0.17284715      -0.01206583       0.00476197
      -0.01807182       0.00029030      -0.00705844       0.01786543       0.01766914      -0.16089223       0.50715186      -0.18879288       0.05329017       0.01122968      -0.01413205       0.00417247       0.04115612       0.01247633      -0.14797489       0.01599337      -0.00744505      -0.01835360       0.01001730      -0.01847409      -0.01215075       0.03192227      -0.00398940       0.03538349      -0.00498581       0.00375304       0.04355483       0.00373753      -0.02315188      -0.00064112       0.00282582       0.01257119      -0.00247588      -0.01165960       0.00262872       0.00445637      -0.01378513      -0.00264356       0.00053913       0.00695366      -0.01203354       0.00248542       0.01011551       0.00050040      -0.00202984       0.00836394      -0.00468131      -0.00252952      -0.01067213       0.00319967      -0.00774405      -0.01937174      -0.00844952       0.04009900       0.02247769       0.01702180       0.02667735       0.00938272      -0.00486752       0.01005475       0.01025471       0.01194418      -0.16680859      -0.01775052
      -0.12873825       0.01256814       0.00315533      -0.00112279      -0.00464446      -0.00107574      -0.19854639       0.54196783      -0.01411605       0.02337255       0.00106968      -0.00990951      -0.01040392       0.04660349      -0.00762868      -0.16348903       0.02394707      -0.00040973       0.00171540       0.00402995      -0.01370028      -0.00130059       0.02719447      -0.00523373      -0.05576291      -0.02462627       0.00746222       0.00204127      -0.00489648      -0.00706856       0.00352189      -0.02696371       0.00018361      -0.00122599       0.00038097       0.00463396       0.00821224       0.00021033      -0.00086587      -0.00089776       0.00716994      -0.00650678      -0.00466007       0.00599988      -0.00518003      -0.01167831      -0.00058215       0.00319207       0.02640305       0.00071116      -0.00463891      -0.00202458      -0.01491202       0.02340565       0.04120762      -0.00904571      -0.03253392       0.02409509       0.00764134      -0.00278227      -0.00403370       0.06837661      -0.00431314      -0.17005885
      -0.15326265       0.00456060       0.04631445       0.00798649       0.00807409      -0.00155521       0.02520053       0.00062797       0.54957958      -0.15635645      -0.00907283      -0.00719675      -0.00855825      -0.00127334      -0.00211166      -0.14623492      -0.21494399       0.02954998       0.03703497      -0.00828082      -0.00328425      -0.00209875       0.01676725       0.00989697       0.01619555       0.08540615      -0.00729068      -0.01256265       0.00055449      -0.01197440       0.00880284       0.05380352       0.00018721      -0.01742448      -0.02977853      -0.00193604       0.00747220      -0.00095841      -0.01514076       0.00509371       0.00521942       0.00359867       0.00582035       0.00748950       0.00469546       0.01313249      -0.00466175       0.00067865      -0.01045726       0.00058281      -0.00781246      -0.00039514       0.00856030      -0.00247297      -0.00606367       0.00228365       0.00552255       0.03825112      -0.00366528      -0.01466699       0.00399983      -0.01073098      -0.00636705       0.02403143
       0.01862606      -0.15913149       0.01535606       0.02725598      -0.00363888      -0.00473460       0.01038418       0.03082046      -0.19857508       0.41905454      -0.14046209       0.00666077       0.00942760       0.00510322       0.00051512      -0.02270821      -0.00393793      -0.13922043       0.01687367       0.02671001       0.00019048      -0.00766518      -0.00148281       0.03161892       0.03714943      -0.01064175       0.02721750      -0.00294529      -0.00040675       0.00414593      -0.00947550      -0.00314629       0.00010833       0.01269624       0.00350772      -0.00361372       0.00548014       0.00133434       0.00692096      -0.01372703      -0.00026307      -0.00074740      -0.00441179      -0.00439763      -0.00267783      -0.00671988       0.00718379       0.00523479      -0.01185481       0.00192602       0.00198684      -0.00583009       0.00223270       0.00194444       0.00123729      -0.00765532       0.02544314      -0.00377550       0.01841153      -0.00405945      -0.00802285      -0.00000452      -0.01338406      -0.01274502
       0.03235360       0.01937923      -0.15761813      -0.02742200       0.02402614       0.00048267       0.00087141       0.00347008       0.01211144      -0.17474516       0.48124574      -0.18061819      -0.02080372       0.00098584       0.00087197      -0.00467198       0.03713981       0.01735648      -0.18017936       0.00380862       0.04051270       0.00379458      -0.00386114      -0.00154085      -0.00044114       0.04692829      -0.00050994       0.02367580       0.01070401      -0.02244348       0.00007357      -0.01792330      -0.01080257      -0.00568313       0.00015858       0.00758254      -0.01046211      -0.01157740       0.01491293       0.00719032      -0.00907785      -0.00207656       0.00188842      -0.00181724       0.00602547      -0.00073165       0.00196816       0.00211315      -0.00641560      -0.00022812       0.00061140       0.00071433      -0.01652186       0.00727835       0.01178166       0.00115463      -0.00387075       0.03693326      -0.00191086       0.03420658      -0.00002202      -0.01973787       0.00433853      -0.02261486
       0.00041704       0.03092180      -0.00904478      -0.22031002      -0.01232610       0.04642231       0.02280611      -0.00891549       0.00203799      -0.01263695      -0.13821514       0.52997809      -0.14226554       0.00569465       0.00534529      -0.00322489       0.00147266       0.01772529       0.00381483      -0.16554838      -0.01231578       0.00491102      -0.00124605      -0.00481029      -0.00893212      -0.00144085       0.04200798      -0.00593991       0.01495470      -0.00448912       0.00368357       0.01562258       0.00232395      -0.00944373       0.00721274       0.00113895      -0.00886801      -0.00424027      -0.00561447       0.00875033       0.00386792      -0.00259585       0.00230751      -0.00488963      -0.00123055       0.00192594       0.00069988      -0.00922990       0.03606359      -0.01550236      -0.01732838      -0.00233515       0.00222786      -0.00601524       0.00037246       0.00479152      -0.00359709       0.01885341       0.09226340      -0.01837943       0.01924039      -0.00640036       0.00126500      -0.01847325
      -0.00482388      -0.01268801       0.04227307       0.00256015      -0.15170213       0.01363923       0.02676766       0.01061037       0.00828924       0.00760030       0.00591486      -0.20036073       0.45864239      -0.15706090      -0.01124825       0.00045351      -0.00731160      -0.00571015       0.03010349       0.01478601      -0.18820115       0.01054455       0.02879978      -0.01455475       0.00602806      -0.01799915      -0.01968678       0.03226303       0.02212572       0.05476468       0.00315065      -0.00915805       0.00790354      -0.00280828      -0.01275305      -0.00014916       0.00241305      -0.00662926      -0.01877495      -0.00177421       0.00835720       0.00080088      -0.00020936      -0.00871880      -0.00082819      -0.00841269       0.00038974       0.00943307       0.00410134       0.00134679      -0.00758227       0.00198602      -0.00167971       0.00057527      -0.01271024       0.00191394      -0.00634228      -0.01371152       0.00625472       0.04089299      -0.00359516       0.03855121      -0.00422338      -0.00398031
       0.00663811      -0.01427204       0.00211185       0.04279392      -0.04662709      -0.16719921      -0.02918762       0.05895511       0.00317356      -0.00190703       0.01514186      -0.00957457      -0.19435091       0.55226380      -0.16085719       0.01254657       0.00206406      -0.00157971      -0.01215951       0.04309472       0.00845759      -0.17833121       0.00710958       0.01776959      -0.00758856      -0.00204966      -0.03684598       0.01155712       0.04626487       0.01014131       0.03058556      -0.00574930       0.00286595       0.01293358       0.00447761      -0.00596705      -0.00108932      -0.00035858       0.00292069      -0.02196322       0.00222325      -0.00179157       0.01741137       0.00710600      -0.01048700      -0.01340092       0.00506597      -0.00464655       0.00439650       0.00361211      -0.01123447      -0.00208541       0.00065647      -0.00660671      -0.00838126      -0.01261445      -0.01069893      -0.00310383      -0.01693137       0.00422242       0.04091827       0.01853928       0.02264445       0.01434833
       0.02173936       0.00992173       0.00618212      -0.01079915       0.04163259       0.01225966      -0.14878495      -0.00258998      -0.01749120       0.00886102       0.00631949       0.00955922       0.03232941      -0.16582536       0.47068682      -0.15082726       0.01600952      -0.00514682      -0.00281634      -0.00481080       0.03325239      -0.02550766      -0.14225004       0.00579165       0.00338056      -0.01307023       0.00879938      -0.01402116       0.01119094       0.06715927       0.00208438       0.01621637      -0.00241323      -0.00218512       0.01383009      -0.01698694      -0.02413347       0.00710128      -0.00672618      -0.01733346       0.00351224      -0.00564769       0.00828578       0.00437395      -0.01736279      -0.00228274       0.00420256       0.00477294      -0.01582269      -0.00572022       0.00250036      -0.01670394      -0.00781957      -0.00103481      -0.00721723       0.00105020       0.01773988      -0.01379741       0.00075894      -0.01195268       0.00471438       0.02748819       0.00765870       0.04942350
       0.00881976       0.03693305       0.00905751      -0.00043153      -0.00467173       0.04241302      -0.00925841      -0.17943617      -0.15541963       0.00701113       0.00846114       0.01091312      -0.00092973      -0.02700203      -0.14889677       0.50251419      -0.01987329       0.01823461      -0.00203259      -0.00261343       0.01103385       0.03162889      -0.00502212      -0.17613708       0.04474105      -0.00870937      -0.02339916      -0.00429862      -0.00459216      -0.00380196       0.03590342      -0.00407779       0.00085499      -0.00732381       0.00678709      -0.00651089      -0.00606957      -0.01373690      -0.01005745      -0.00360058      -0.01285113      -0.00389076       0.00400284       0.00165524       0.01867528       0.00759525      -0.00539899       0.00012595      -0.00265401      -0.01027588      -0.00415580      -0.00475675       0.00566176      -0.01341240      -0.00560719       0.00354499       0.03184948       0.01137990      -0.00390682      -0.00591361      -0.01767040      -0.02336147       0.03084630       0.01218821
      -0.05526816       0.02604301      -0.01446361      -0.00900382       0.00466759      -0.02698823      -0.00879438       0.05584381      -0.22689968       0.00024829       0.02932293       0.00594952       0.00002143       0.00390378       0.03063932       0.02401501       0.47984615      -0.17750778      -0.00230453      -0.00388891      -0.01920073       0.00660210       0.00021414      -0.20007993      -0.19973278       0.02516902       0.05798598       0.01015483      -0.01185132       0.02042279       0.03952172      -0.03837883       0.00631542       0.03652775      -0.00714901      -0.01762580      -0.01455833      -0.00807042       0.01508958       0.05065372      -0.00408212      -0.00267736      -0.00092223      -0.00285605       0.01119135       0.01646608      -0.01413508      -0.00881072       0.01854847       0.01695071      -0.00118062      -0.01520187       0.00035782       0.01906113      -0.00466044      -0.01864659       0.02050287       0.01287862      -0.00523830      -0.00827167       0.01094464      -0.00505301      -0.01632140      -0.00336557
       0.03026522       0.00516071       0.01745118       0.00329231      -0.00763562       0.00307543      -0.01915901      -0.00748679       0.00571835      -0.14003830       0.00581444       0.02610056      -0.00125551      -0.00397282      -0.00517069       0.04201254      -0.18585375       0.49078862      -0.16505662       0.02257301      -0.00136250       0.00069320       0.00091162      -0.01994976       0.00001017      -0.18893365      -0.01894196       0.04326487      -0.00230471       0.00290776       0.00664949       0.04470966       0.04256719      -0.00424077       0.03223529       0.00313046      -0.00245786       0.00247977      -0.03047922      -0.00606943       0.00195720      -0.00774424       0.00307442      -0.01324496      -0.00803575       0.01008044       0.00475669      -0.01427454      -0.00526468      -0.00237072      -0.00562757       0.00284753       0.00606058      -0.00413932       0.00765900       0.00183396      -0.00376699       0.00366663      -0.00647271      -0.00985301       0.01423027       0.00951586       0.00300033      -0.00420935
       0.00647764       0.04015157       0.01168634       0.04129760      -0.00024114      -0.01281202      -0.01260381      -0.01132576       0.03688319      -0.00588222      -0.15896254       0.00928107       0.02124655       0.00182065       0.00577934      -0.00410003       0.00198746      -0.15155625       0.51829006      -0.18866404      -0.02336938       0.02081430       0.00338128       0.00757235       0.03063987       0.01246498      -0.17859638       0.03995912       0.02173967      -0.00024492      -0.00857607      -0.00414583       0.00984690       0.04269155      -0.00680696       0.03003217      -0.01664023      -0.00890816       0.00703664      -0.01221600      -0.00861741       0.00522843      -0.00716612       0.00379849      -0.00610569       0.00165206       0.01048570      -0.00628820       0.00327117       0.00518454      -0.00136894       0.00664190      -0.00048905      -0.00060923      -0.00287841       0.00508241      -0.00993187       0.00201497       0.00075252       0.00472197      -0.01554513       0.00911700       0.00311094       0.01357284
      -0.00576835       0.00209162       0.02982574      -0.00935618       0.02916614      -0.00165489      -0.00639733      -0.01156491       0.01406368       0.03882868      -0.00760811      -0.17427204      -0.00628990       0.02708866       0.00576428       0.01022946      -0.00060774      -0.01982418      -0.14261060       0.45481510      -0.18133933       0.01694432      -0.00014430       0.02040509       0.00338020       0.03848550       0.02815218      -0.13929672      -0.02231404       0.03484732      -0.00217607      -0.00476206      -0.01524739      -0.00331564       0.02624242      -0.00888190       0.01523115       0.00524193      -0.00349608      -0.00345367      -0.00546569      -0.00589918      -0.00151421       0.00176935      -0.00039407      -0.00187548       0.00425641       0.00381790       0.01014475       0.00502075      -0.00651489       0.00776529       0.00101507      -0.00453690       0.00129836      -0.00484007      -0.00168521      -0.00031507      -0.01553275      -0.00337353       0.00026190      -0.01617930       0.00865634      -0.00010446
      -0.00065565      -0.00730778      -0.00797276       0.05307340       0.00166756       0.03897129      -0.00287173      -0.01316111      -0.00192819       0.00127848       0.02946293      -0.02356900      -0.20203084       0.01038101       0.03193700      -0.00449515      -0.00177303      -0.00015631       0.02367916      -0.17193585       0.51712342      -0.16010137       0.00652996      -0.00039664       0.00030868      -0.00976449       0.02918162       0.00391898      -0.14663596      -0.01663150       0.03230941      -0.00052470       0.00136163      -0.00612214      -0.00237941       0.02089286      -0.01395671       0.04230987      -0.00974543      -0.00680938       0.00339973      -0.00248861      -0.00721920      -0.00316203       0.00015837      -0.00104615      -0.00559517       0.01145274      -0.01509912       0.00941090       0.00430679      -0.00344880       0.00581131      -0.00575847      -0.00050137       0.00975467       0.00688629       0.00441968      -0.02307820      -0.00167308       0.01141476      -0.00554488      -0.01569854       0.00350909
      -0.00463572       0.00134763      -0.02032331      -0.00854032       0.02438165       0.01311788       0.01828607       0.00084556       0.00019434      -0.00053588       0.00099812       0.03240310      -0.02710929      -0.16663290      -0.01406854       0.02006817       0.00771935      -0.00135958       0.01182364      -0.00462423      -0.16171243       0.49335060      -0.15500034       0.00703059      -0.00700547      -0.01511595      -0.00098512       0.02933438       0.00601234      -0.17495792      -0.01612806       0.03117223      -0.00624402      -0.01244053      -0.01750224      -0.00105638       0.03382339       0.01133643       0.03228804       0.00349203      -0.00640087       0.00800099      -0.00380357      -0.00760788       0.00493204       0.00417982      -0.00024569      -0.01466673      -0.00486145       0.00431198       0.00815647      -0.00298158       0.00083226      -0.00045174      -0.00176769      -0.00025282      -0.00411372       0.01142647       0.00546632      -0.02107648      -0.01092540      -0.00842079       0.00370647      -0.00897939
      -0.00937989      -0.01403157       0.01057548      -0.01243356       0.00187982       0.02615913       0.00160978       0.04177428       0.02329980      -0.00241582      -0.00444063      -0.00655871       0.05003665      -0.00753412      -0.15145222       0.02712838       0.01165118       0.01012451      -0.00666864       0.00486937      -0.00212657      -0.14970526       0.47356165      -0.16885946       0.02497295       0.01242437       0.00047885       0.00304406       0.02486568       0.02132386      -0.18580205      -0.02459655      -0.00791568      -0.02050927      -0.00207386      -0.00809312       0.01449679       0.04187926      -0.00416658       0.04425125      -0.01490989      -0.00008294       0.01648927       0.00047516      -0.02184028       0.00036571       0.00437440       0.00216504       0.00542091      -0.00046434       0.00192555       0.01174527       0.00009547      -0.00318460      -0.00221099      -0.00521640      -0.01081303      -0.01543913       0.00243041       0.00146649      -0.01153128      -0.00029317       0.00145894      -0.00169614
       0.05003057       0.01443661      -0.01122414      -0.00175599      -0.01329320       0.01179372       0.03807805      -0.01785064      -0.01238900       0.03682828      -0.00392817       0.00185126       0.00917536       0.02638077       0.01344543      -0.17038262      -0.15468388      -0.00325782      -0.00240218      -0.00774287       0.01071773       0.01562407      -0.13415859       0.50442051      -0.00147466       0.02725965      -0.00296659      -0.00694585       0.00422074       0.02444320       0.01183537      -0.15560839       0.04002854       0.01994360       0.00729394       0.00507336      -0.00975013      -0.00448922       0.03481276       0.00333760      -0.00685012      -0.01602805       0.00572672       0.00782260      -0.00405185      -0.01076023      -0.00100998      -0.00742110       0.00999606      -0.00851360      -0.00112193       0.00941306      -0.00198911      -0.00294091       0.00100873       0.00928465      -0.00289022      -0.02124884      -0.00207308       0.00656899      -0.02141779      -0.00079178       0.00599151      -0.00436350
       0.00042370      -0.00153630      -0.01448405       0.00422574      -0.00078710       0.00284945      -0.00838710       0.00021546       0.03232668       0.02905687      -0.00722542      -0.00171769      -0.00447994      -0.00717255       0.00070131       0.03942976      -0.13598938       0.00760639       0.04269034      -0.00345842      -0.00471411      -0.00229803       0.02868770      -0.00702567       0.50272630      -0.17280703       0.01669844      -0.00513305      -0.00051514       0.00140343      -0.00674517      -0.18960685      -0.14982614      -0.00380690       0.04331396       0.00070540       0.00217444      -0.00326175       0.04943655       0.00940381       0.00152945       0.03340192      -0.00427513      -0.00815182      -0.00034465      -0.01782518       0.00455745       0.02861379      -0.01156982      -0.00087404      -0.00747363       0.00353945       0.00790523       0.00343708      -0.01084453       0.00503624       0.00063780       0.00643537      -0.01154431       0.01260611      -0.00735987       0.00174631      -0.00428885      -0.00308166
       0.01858069       0.00062130      -0.00135879      -0.01067345      -0.01903715       0.00783012       0.00786929      -0.01555662       0.03107364      -0.01881029       0.04609364       0.01083757      -0.01001287      -0.00558551      -0.01066648      -0.02016643       0.01015138      -0.18226715      -0.02684417       0.04364443      -0.00045828      -0.02302518       0.00749317       0.04692504      -0.19393002       0.51279367      -0.21340268      -0.00197136       0.00470015      -0.00398657       0.00005548      -0.00880541      -0.00802443      -0.16670924      -0.00175546       0.01218643       0.00092319       0.00389746      -0.02582601       0.05103924       0.03477992       0.00869722       0.03757946       0.01116432      -0.00597441       0.01866501      -0.01032176       0.00545435       0.00299298       0.00729982       0.00243068      -0.00638318       0.00149843      -0.00583516      -0.00147939      -0.00489952      -0.00904410      -0.00389879      -0.00150840       0.00048485       0.01841794      -0.01793918       0.00654970       0.00289168
      -0.00778768      -0.00347327       0.00922740      -0.00657949      -0.00780457      -0.00191466       0.00934408       0.00430868       0.00664223       0.03025679      -0.00101867       0.03014349      -0.00456651      -0.01114633       0.00744562      -0.01281585       0.04595138       0.01035170      -0.17547712       0.03092978       0.03742561      -0.01103851      -0.00540394      -0.00016414       0.00758340      -0.19347932       0.48004084      -0.16408707      -0.00020595      -0.00243063       0.00022310       0.02254054       0.03395929      -0.00576561      -0.16342462       0.00107291       0.03150044       0.00192558      -0.00538937      -0.00183114       0.01188430       0.01873300      -0.00251282       0.04708314       0.00312952      -0.01181578      -0.00162734      -0.00766836      -0.00299401       0.00193236       0.00189623      -0.00338747      -0.01589251      -0.00494922       0.00712208       0.00513846      -0.00521157      -0.00826874       0.02636677      -0.00710404      -0.00415643       0.00880671      -0.00383688       0.00509386
       0.00674083      -0.00402223       0.00078551      -0.00138011      -0.00896765      -0.01348072      -0.00149120       0.00794426      -0.01831623      -0.01051178       0.02146703       0.01663026       0.05734277      -0.00023440      -0.00984775      -0.00044896       0.00274406       0.03012190      -0.00389008      -0.17061731       0.02006489       0.02468964      -0.00376785      -0.00128579      -0.00242034      -0.00832192      -0.20176965       0.46591276      -0.13859629       0.00488889       0.00618927       0.00195307      -0.00315754       0.04273441       0.02768908      -0.15069068       0.03576677       0.04412484       0.00700389      -0.01629147      -0.02402281      -0.01137481       0.04472040      -0.01003341       0.00224600      -0.01212649      -0.01094322       0.00370865       0.00560941      -0.03194849       0.00205193      -0.00620454       0.00579458      -0.01617927       0.00144702       0.00830611       0.01192024      -0.00336571       0.00445403       0.00993159       0.00205159       0.01025489       0.00438303      -0.00236038
       0.01455652      -0.00997005      -0.00739887       0.01519594      -0.00121425       0.01487483      -0.00144147      -0.00068646       0.01380850      -0.01789389      -0.00257193       0.03093979      -0.02720014       0.03980045       0.00851982      -0.01367361      -0.00042049      -0.00358956       0.04022773      -0.00974712      -0.20337921      -0.02539154       0.03529789      -0.02389324       0.00826334      -0.00274456       0.03229396      -0.15370957       0.54180178      -0.17405916       0.01880477       0.01043774       0.00359589      -0.00541031       0.05938821       0.00956333      -0.14555504      -0.01551475       0.03328174       0.01045131      -0.01233378      -0.00557190       0.00844392       0.02543331       0.01500873       0.03438141       0.00648188      -0.01750435       0.00419527      -0.00605390      -0.01811567      -0.00738447       0.00693314       0.00357561      -0.01205308       0.00508263       0.00537768       0.00557157      -0.01186735      -0.00131767       0.00164702      -0.00545047      -0.00175574       0.00882858
       0.00077085       0.00559701       0.00352854      -0.01482265       0.00404918       0.00240531      -0.00174728      -0.00550079       0.00090571       0.00327614      -0.01319275       0.00021510       0.02844162      -0.00092075       0.03216879       0.00380402       0.00036256      -0.01572901      -0.00686606       0.03733732       0.00960692      -0.16520652       0.00171624       0.03304857      -0.00129398      -0.00579519       0.01966255      -0.01628123      -0.17050650       0.50474120      -0.13238395       0.04187617       0.00070147       0.00642767       0.00969320       0.02809000      -0.00647251      -0.18501348       0.02788791       0.05573296      -0.02345497       0.00156880      -0.03016002      -0.00675745       0.05083716      -0.00033481       0.02833946      -0.01439903       0.00362055       0.01730647       0.01882525      -0.00267745      -0.00411655       0.00026025       0.00509134      -0.01165050      -0.00019426       0.00439896       0.01444200      -0.00274405      -0.00967788       0.00070067       0.00016804       0.00484897
      -0.00971679       0.00331930       0.00074725       0.00056586      -0.01737636      -0.00157457      -0.00313482       0.00190641      -0.00795234      -0.02963171       0.00533250      -0.00553507       0.00558243       0.02189609       0.00952156       0.03177665       0.04646349       0.00662832      -0.00163242       0.01088871       0.03444894      -0.00054809      -0.14775626      -0.01324790       0.01588224       0.00815776      -0.01599788       0.01616612      -0.02159496      -0.17592514       0.55222502      -0.19960477       0.03425076       0.00829269      -0.01783419       0.01101742       0.05098837       0.00260582      -0.22588343      -0.02658490       0.02578884      -0.01788781      -0.00781240      -0.01888730      -0.00126097       0.05129113       0.01805744       0.06997525      -0.02387115       0.00259584       0.01298183       0.00865077      -0.01513756       0.00287038      -0.00667766      -0.00813837      -0.00169434       0.02509181      -0.00052121       0.01540667       0.00092364       0.00951202       0.00758192      -0.01103194
       0.00050265      -0.00789635      -0.00007113       0.00346266       0.00006212      -0.01013793      -0.00138117       0.00040955       0.04792506      -0.00514179      -0.00773120      -0.00874670      -0.02286969       0.00976946       0.04047111       0.00238003      -0.01010743       0.03160885       0.00934212       0.00207158       0.00798879       0.03259589      -0.02027105      -0.18260389      -0.15889992      -0.01498387      -0.00885616      -0.00622342      -0.00252886       0.00814108      -0.14557769       0.53442750       0.00121200       0.03203367       0.00253808      -0.00080753       0.00556274       0.03499268      -0.01007005      -0.19314076       0.05163196       0.00426892      -0.01919785       0.00344417      -0.01784035      -0.01706028       0.03393588       0.01040508      -0.00687430      -0.00489586       0.00790521       0.02505187       0.00086322      -0.01860714       0.00988787       0.01108120      -0.00794957      -0.00073406      -0.00285522      -0.00199444       0.01276506       0.00718884       0.00222210       0.00021948
      -0.00458326      -0.00246978      -0.00127547       0.00031461       0.00536607       0.00875018      -0.00240341      -0.00086889      -0.00295366       0.00905537      -0.01204941       0.01013900       0.00746480      -0.01378651      -0.02801572       0.00624372      -0.01014882       0.02948959      -0.00695492      -0.00854673       0.00252328      -0.01137275       0.01308375       0.07011981      -0.18869033      -0.00392183       0.03465424       0.00994186       0.00223174      -0.00623762       0.02738200       0.01845761       0.47736212      -0.16239198       0.00062310      -0.00290939       0.01056887       0.01308354       0.00784886      -0.20261825      -0.19680525       0.02654897       0.03172210      -0.00100183      -0.00368634       0.00709450       0.04426497       0.01955092       0.00090922       0.02589080      -0.00368207      -0.00393500      -0.00786665      -0.01311832      -0.00141220       0.02231739       0.01085548       0.00547507      -0.00086954       0.00353407       0.00774608       0.00679038      -0.01537350      -0.00198549
      -0.00591651      -0.00083599      -0.00700644       0.00588106       0.00418675       0.00131393       0.00561566      -0.00213918      -0.00056434       0.01659900      -0.00611235      -0.02754069      -0.00250225       0.00435111      -0.00157233      -0.00670171       0.02164971       0.01906923       0.04256695      -0.01236254      -0.01747843       0.00272296      -0.01077237       0.00224141       0.00013283      -0.17332055       0.00460070       0.03548045      -0.00083050      -0.00141300      -0.00485400       0.03759370      -0.15876359       0.49515267      -0.14890111      -0.00808989      -0.00343443      -0.00040801       0.01625193      -0.01819672      -0.00959520      -0.14280249       0.01286446       0.01851282      -0.00163956      -0.00131898       0.00476112       0.03657242       0.03268733      -0.01415346       0.02994118      -0.01221589      -0.00414637       0.00685207      -0.01362272      -0.00330908       0.01418059       0.00511054      -0.00493463      -0.01989283      -0.00554245      -0.00038881      -0.00257830      -0.00566112
      -0.00810737      -0.00501032      -0.01239130      -0.00634081      -0.00293052       0.00776916      -0.00137495       0.00338942      -0.00552124       0.02168018      -0.00098272       0.00275493      -0.00504162      -0.00235761       0.00360788       0.00210638      -0.00256979       0.03919479      -0.00875734       0.03681910       0.00237522      -0.00560631       0.00053922      -0.01434109       0.03534247      -0.01141739      -0.16419055       0.00343931       0.01488509       0.00007167       0.00185030      -0.00458115       0.01272304      -0.14983160       0.50040532      -0.14314415      -0.00318608      -0.00393128      -0.00116520       0.00241356       0.04906104       0.00343787      -0.17201415       0.00364861       0.02423241      -0.00722072      -0.00577277      -0.01004421      -0.01280160       0.03381513      -0.00754645       0.04449090      -0.00258460      -0.00143685       0.00729729      -0.01150784      -0.01451224       0.00815258       0.00436352       0.00007312      -0.00921467       0.00203386       0.00236034      -0.00604869
      -0.00312054       0.00080817      -0.00323999      -0.00283882       0.01198533       0.01011837      -0.00274689       0.00346952      -0.00172180       0.00401334      -0.00330957      -0.00268382      -0.00824781      -0.01543728      -0.00598317       0.00356493      -0.02034795      -0.00579864       0.02359806       0.02215752       0.04411117       0.00646310      -0.00592118      -0.00034384      -0.00536712       0.04275104       0.04027536      -0.14128676      -0.01655058       0.03765863      -0.00213019      -0.00630710      -0.00661776      -0.00199229      -0.20017894       0.49309721      -0.15441680       0.00928064       0.00125680       0.00608426       0.00368787       0.02388488      -0.02649868      -0.17561385      -0.01480392       0.02271570      -0.01089428       0.00235798      -0.02314336       0.01690870       0.04514577       0.00688084       0.02880150       0.00573163      -0.00512332       0.00372415      -0.00710322      -0.01277036       0.01716582      -0.00709583       0.00631183      -0.02644782      -0.00639583       0.00188060
      -0.00512683       0.00701871       0.00541764      -0.00074279      -0.01089784       0.00228318       0.00657508      -0.00684396       0.00359444      -0.00792698      -0.01331416       0.00202938       0.00355610      -0.00306590      -0.01082369       0.00335946       0.00330254      -0.00551949       0.00408412       0.02492850       0.02017526       0.04540122      -0.00879149      -0.00689160      -0.00541367       0.01412048       0.04738098      -0.05673379      -0.16325687       0.02904503       0.02045870      -0.00067682      -0.00539678      -0.00279972       0.00686142      -0.18289425       0.43676874      -0.16154065      -0.00001882      -0.00511813       0.00433577      -0.01759320       0.04321217       0.02408914      -0.13831033      -0.01062627       0.03316741       0.00248952       0.00641889      -0.02951353      -0.00278049       0.03899088      -0.02243010       0.03580118       0.00172797      -0.00570872       0.01008225       0.00101659      -0.00998238      -0.01089082      -0.01808033      -0.00115212      -0.00596647      -0.00268925
       0.00098877       0.00173944      -0.00019404      -0.01660463       0.00004694       0.00536142      -0.02063757       0.00554705      -0.01015136       0.01266902       0.01019764      -0.00670040       0.00126378      -0.00312289      -0.00340757      -0.00835936      -0.01324945       0.00095616      -0.00898897       0.00447330       0.04052813      -0.01195480       0.02322741       0.01095085       0.00696033      -0.00965311      -0.00721592       0.04711389       0.00649521      -0.16520469      -0.01896851       0.02553512       0.01622473      -0.00094175      -0.00158290       0.01780988      -0.17497689       0.54074705      -0.14138096      -0.01114599       0.00008396       0.00517375       0.00105282       0.02903737      -0.01019944      -0.16078785      -0.04003319       0.01669600      -0.01132813       0.00272753      -0.00151195      -0.00492345       0.03398293      -0.01126114       0.03310888      -0.00124399      -0.00463357      -0.00081364      -0.00168736      -0.00409238       0.00134410      -0.00160629      -0.01412287      -0.01520230
       0.00898817       0.01519813      -0.00197423       0.00951432      -0.00532572      -0.01212066      -0.01260159      -0.00570833      -0.02953128      -0.00367821       0.00800940      -0.00268918      -0.02310698      -0.00332343       0.00261358      -0.00618617       0.00592002      -0.00998971       0.00071157      -0.01540559      -0.00404950       0.03271122       0.00586171       0.03327408       0.04596570       0.00056435      -0.00506203       0.00098143       0.03950245      -0.00266871      -0.16238827       0.01102842       0.00017219       0.00947854       0.00458897      -0.00101670       0.00068361      -0.17994989       0.43424060      -0.17898630       0.03433033       0.00143134       0.00545800      -0.00549165       0.04963353       0.02095146      -0.16672142       0.00880158       0.00386152      -0.00032461      -0.00425216      -0.02683709       0.00032454       0.03120184      -0.02076455       0.02986894      -0.00636229      -0.00320404      -0.00055451       0.00078233       0.01208705       0.01642729      -0.00753736      -0.00595212
      -0.00926349      -0.00419418       0.01384287       0.00022782       0.02505141      -0.00121411       0.00375056      -0.00180471       0.00081190      -0.01374977      -0.00339703      -0.00596280       0.00185010       0.00021958      -0.00910264       0.00733341       0.03091563       0.00712748      -0.02127337       0.00717310      -0.00615269       0.00956351       0.02029390      -0.02049390      -0.00763481       0.03544931      -0.01422832      -0.00812357      -0.00011874       0.04386255       0.02214033      -0.18224074      -0.15238595      -0.01427108       0.00465094       0.00370837      -0.00328835       0.01172070      -0.19300028       0.51814827      -0.03501192       0.02242432      -0.00155659      -0.00607202      -0.00410716       0.07415667       0.00832759      -0.19540154       0.03791377       0.00406733      -0.00622686      -0.00292487      -0.00895881       0.00070297       0.04188774      -0.03426741       0.00337920      -0.01025569       0.00419790       0.00342907       0.00218272      -0.04094686       0.02271743       0.02168314
       0.01067879       0.01608511      -0.00657002      -0.00550721       0.00915009       0.00232719      -0.01520827       0.00436681      -0.00459373      -0.00032810      -0.01106922       0.00061109       0.00207739      -0.00178439       0.01503902      -0.00293187      -0.00743011       0.00918132      -0.00867464       0.00223929       0.01071277      -0.00676465      -0.01645907      -0.01226657       0.00918116       0.02810642      -0.02054335       0.00511171       0.01244514      -0.01922085      -0.00109155       0.06640414      -0.15843630      -0.01843232       0.00959988       0.00511980      -0.00432397      -0.01142164       0.00769240      -0.01209373       0.54303656      -0.16669423      -0.00258104       0.00847120       0.00588636      -0.00321146      -0.01763526      -0.16218668      -0.16045257       0.00384158       0.02194391      -0.00145869      -0.00287363      -0.00651170       0.04315271       0.03001553      -0.01986750       0.03326304      -0.00074195      -0.00589105       0.00563641      -0.00480576      -0.00798630       0.02866211
       0.00066834       0.00469100       0.00385970      -0.00361234       0.00287935       0.00693301      -0.00960734      -0.02553656      -0.00052949      -0.01287349      -0.00515242      -0.01411645       0.00264650       0.01033133       0.00868372      -0.00038398       0.00487827       0.00108867       0.00278049      -0.01709981      -0.00107797       0.01554645      -0.00288398      -0.01151524       0.04073426      -0.00453446       0.04630457       0.00169367      -0.00562377       0.00991228      -0.01228306      -0.00178927      -0.01347727      -0.15716996      -0.00936825       0.04513412      -0.00034914      -0.00004699      -0.00656846       0.05186380      -0.18856965       0.46487777      -0.17181043       0.00355950      -0.00623873      -0.00738372       0.00096895       0.00431653       0.00334998      -0.18143268      -0.00608498       0.03616823      -0.00187363      -0.00498776      -0.00454738       0.02491304       0.03477736      -0.00441784       0.03104908       0.00199319      -0.00878415       0.00092304      -0.01063732       0.00179932
      -0.00485578      -0.00136311      -0.00561420       0.00236376      -0.01367802      -0.00443484       0.00579737       0.00387107      -0.00822859      -0.00196752       0.00551498       0.00681006      -0.00352356       0.00880064       0.00241695       0.01673614      -0.01020877       0.00537678      -0.00234147      -0.00071850      -0.00841252       0.00494747      -0.00021100       0.00218712       0.00916647       0.05128652       0.00326215       0.02667249      -0.00085591      -0.00939401       0.00125003      -0.01670022       0.01812680       0.00172539      -0.17651587      -0.00278630       0.02067570      -0.00653856      -0.00227238      -0.00634267       0.01298598      -0.13721237       0.52486833      -0.15407181       0.00344763       0.01071887       0.00710025      -0.00228639       0.03546948      -0.00457701      -0.15362756       0.02653618       0.02750635       0.00484542      -0.00316725      -0.00768610       0.00468093       0.02907611      -0.05108485       0.05314466      -0.00499175      -0.01025912       0.00744047      -0.00991305
       0.00974706      -0.01783551      -0.00055362      -0.01285128       0.00612999      -0.00340066       0.00227329       0.01801193       0.01444253       0.00703486      -0.00001364       0.00425525       0.00494747      -0.00275349      -0.00586736      -0.00226778      -0.00172250      -0.01606375       0.02151583      -0.00040142       0.00851073      -0.01573162       0.00203427       0.00271785      -0.01525114      -0.01226221       0.03899025      -0.00538007       0.02985503      -0.00660737      -0.01715090      -0.00077491      -0.00632170       0.04552600       0.00202277      -0.17084093       0.02831413       0.04501025      -0.00312497      -0.00486235      -0.02465166       0.02183722      -0.17478157       0.48974426      -0.17207441       0.01243191       0.01036955      -0.00129905       0.00067131       0.07001382       0.01611892      -0.21032923       0.00793886       0.01981403      -0.00526992       0.00094780      -0.02691909      -0.00193589       0.06868549       0.01052953       0.02906639      -0.02531663      -0.01219666       0.01081283
       0.00630431      -0.00072672      -0.00768674      -0.00241925      -0.00126403       0.00610349      -0.00597022      -0.00515690       0.00589554       0.00114370      -0.00362770      -0.01266480      -0.00160803      -0.00248093       0.00765490       0.00648117       0.00747299       0.00506950      -0.00762830       0.00613338      -0.00048587      -0.00142933      -0.00731363       0.01130828      -0.00911055      -0.00079737      -0.04490766       0.02162219       0.00219723       0.03379617      -0.00143298      -0.00955666      -0.00896633       0.01122496       0.03821169      -0.01607154      -0.15507180      -0.00828389       0.02016953      -0.00062807       0.00121736       0.00502985      -0.01097950      -0.16865375       0.58851102      -0.15096007       0.00888740       0.01058043      -0.00938011      -0.00090041       0.02393457       0.00586523      -0.16406959      -0.01967455       0.01841842       0.00533522      -0.00022011      -0.00054436       0.00399512       0.03741512       0.00730323       0.04114240      -0.00030603      -0.00486643
       0.00182763      -0.00103034      -0.00126784      -0.00330248      -0.00249074       0.00544871       0.00795301      -0.01262754       0.00011084      -0.00073557       0.00597686       0.00422316      -0.00326625      -0.00188841      -0.00472493      -0.00337439       0.00337216       0.00170322      -0.00339806      -0.00844474       0.00063976       0.00169062       0.00465298      -0.00870145      -0.00631985      -0.00099588      -0.03189865       0.01244333       0.03388243       0.00069958       0.03474674      -0.00435543       0.00038542      -0.01297269      -0.00731364       0.04901625      -0.02835099      -0.19582837       0.01835587       0.01976337       0.01125080       0.00706821       0.00580539      -0.00388640      -0.20154646       0.47149231      -0.15840685      -0.01242223      -0.00432202      -0.00601557      -0.00844725       0.04908640       0.00265091      -0.15325517       0.01795643       0.03140809      -0.00209217      -0.00673742      -0.01281355      -0.00146026       0.04837989       0.00106671       0.03823776       0.00736096
      -0.00411029      -0.00168754       0.01116917       0.00995081      -0.01465831      -0.00741150       0.00718343      -0.01506538       0.01292584       0.00805165      -0.00475109       0.00695200       0.00445589      -0.00275914       0.00027142      -0.01101932      -0.01057169       0.00417961      -0.00583776      -0.00893067      -0.01612304       0.00436783       0.00295696      -0.00017645      -0.00201261       0.00147119       0.04757415      -0.01174731       0.00254354       0.03283956      -0.00523272       0.04697485       0.00480249      -0.00210946       0.00908236      -0.01226712       0.03827906      -0.00067383      -0.16122678       0.00962730      -0.01161141       0.00659090       0.00333743       0.00341910       0.00094360      -0.18020083       0.51876447      -0.13035021       0.02128460       0.00068442      -0.00549822       0.00138183       0.03182639       0.00673197      -0.15361433       0.02170124      -0.00356054      -0.00731106      -0.00649182      -0.00949365      -0.00753507       0.04597392       0.01712396       0.02943106
      -0.00390634      -0.01917058       0.01175988       0.00933104      -0.01006523      -0.02919268       0.01462139       0.00978154       0.00404305      -0.01106427       0.00435256       0.01071665       0.02830268      -0.00215273       0.00100865       0.00712207       0.01194132      -0.01755375      -0.00467780       0.01559813       0.01196190      -0.03039217      -0.00018068       0.00040897       0.04888557       0.00740473       0.00772412      -0.00561035      -0.04807132       0.00061625       0.04276064      -0.03021133       0.00146420       0.03553331       0.00530520      -0.00682133      -0.00780458       0.06155209       0.02628939      -0.18248621      -0.17918931       0.00290136       0.00281673       0.01548354      -0.00128302       0.02029501      -0.23238494       0.51156625      -0.01222582       0.03451345       0.00137729      -0.02938446       0.00218667       0.05784121      -0.02289011      -0.16906772       0.04063710       0.01783146      -0.00378853      -0.01579035      -0.02092536       0.00608297       0.02978607      -0.02136459
       0.00082685       0.03683064      -0.00051307      -0.01204385       0.00822372      -0.00598794       0.00504767       0.03145319       0.01091021       0.01326566      -0.01066957       0.01350356      -0.00147563       0.00022258      -0.00866448      -0.01151850       0.00082055      -0.00915829       0.00043910       0.00528981      -0.00360856       0.00867034       0.00352476      -0.00493816      -0.01016952      -0.01163413      -0.01392632       0.00248087       0.01521547      -0.00395634      -0.01278816      -0.00555133       0.00151427       0.02061825      -0.00204787      -0.01172182      -0.00521530      -0.00001937      -0.00328952       0.04823314      -0.16950937       0.02265950       0.03679497      -0.00328408      -0.00049652       0.00039799       0.02947378      -0.01412151       0.43371075      -0.17627608      -0.01574594       0.00820930       0.00523991      -0.00755555       0.01802942      -0.16797527      -0.19339246      -0.00008036       0.02793018       0.00034839      -0.00238168      -0.01266353       0.02825586       0.00407510
       0.03412631      -0.01675795       0.01525963      -0.01345428      -0.01139634      -0.00727509      -0.01326684      -0.00479967       0.00329191      -0.00720420       0.00477576       0.00052894       0.00298148       0.01516898       0.00776128      -0.02371605      -0.00065933       0.00145202      -0.01447339       0.00841272       0.01038984      -0.01233419       0.00423911       0.00005913      -0.00976701       0.01071421      -0.00777369      -0.01633082      -0.00835317       0.00518477       0.00152474      -0.02065990       0.03633235       0.02235170       0.02973242       0.00701969      -0.01164288       0.01169782      -0.01755639      -0.01515414       0.03321525      -0.12869768      -0.04001615       0.02724189       0.00101157       0.01101403      -0.00272062       0.04754877      -0.19229248       0.53752104      -0.16177844       0.01341988      -0.00208849       0.00332833      -0.00008872      -0.00129433      -0.02904524      -0.16250884       0.03794226       0.04016815      -0.00307728      -0.00858567       0.00109916       0.03263223
       0.00076767       0.04337315       0.01097035       0.04414093       0.00394544      -0.01423645       0.01006758      -0.04095314      -0.01133195      -0.00238620       0.00671361      -0.00369232      -0.00314650       0.00107938       0.00719365      -0.02147957      -0.00467435      -0.00682721      -0.00798975      -0.00818873      -0.00062254      -0.00059664       0.00100339       0.01843793      -0.01748463       0.00422821       0.00502285       0.00747771      -0.00634130       0.01222787       0.00605484      -0.00925272       0.02896636       0.03415804      -0.00587718       0.02944904      -0.02178611      -0.00939566       0.01477693      -0.01194639       0.05487036      -0.01285073      -0.18275846       0.01674862       0.05179004      -0.01586496      -0.00415245       0.00241824       0.00270126      -0.19331450       0.51656521      -0.14935849      -0.00400939       0.00171383      -0.01053859      -0.00497852       0.07163122      -0.01628300      -0.21585411      -0.04044300       0.04998808       0.01067458       0.00919328      -0.00885753
      -0.01189198       0.00176621       0.02928606      -0.01428336       0.03491826       0.00724705      -0.01438222       0.00179940       0.01015502      -0.03004823      -0.00260455      -0.00074267       0.01030022      -0.00382795      -0.00236500       0.00594300       0.02157230      -0.01291586      -0.00253026      -0.00095505      -0.00999480      -0.00467655      -0.00239951      -0.00959197       0.00925035      -0.03032936      -0.00210509       0.00302970      -0.00025207      -0.01382287       0.00301760       0.00770285      -0.00635829      -0.00559955       0.03594401       0.00607994       0.04412766      -0.00917182      -0.00357329      -0.00305955      -0.00635486       0.04635367      -0.00015712      -0.20789420      -0.02553727       0.03220677      -0.00878591      -0.02413066       0.02259624      -0.01599338      -0.17473966       0.47780726      -0.14984425       0.00295262       0.00553798       0.03119676      -0.01028057       0.03280992      -0.01155693      -0.18792503      -0.00690215       0.03781041      -0.00661978      -0.01106267
      -0.00223705      -0.01180799      -0.03366602       0.03302022       0.00753304       0.02827952      -0.01796253      -0.00822743       0.00344471       0.00469846      -0.01650786       0.02707551      -0.00974902      -0.01093045       0.00044217       0.00738050      -0.00401626       0.00396437       0.00354410      -0.00136164       0.00141780      -0.00290551       0.00813489       0.01204985       0.01695925      -0.00004776      -0.01243431      -0.00405006      -0.01292835      -0.00326011      -0.00771412      -0.00666503       0.00226137      -0.02449289      -0.00390254       0.03170632       0.00397400       0.05898004      -0.01196987       0.00037712      -0.00317520      -0.00631732       0.04581800       0.02628511      -0.14038715      -0.01026923       0.01876719       0.01284193       0.00487133      -0.00382643       0.00898833      -0.16444824       0.51491435      -0.14344880      -0.00536273      -0.00039493       0.00739664       0.00770915       0.03957214       0.01069067      -0.20065086       0.03541194       0.02805912      -0.00718944
      -0.01958720       0.00091075      -0.00914091      -0.00303213       0.06190525      -0.00073630       0.03772891      -0.00159792      -0.01119147       0.01215436      -0.00283159      -0.02122071      -0.00047204      -0.00282417      -0.00299202      -0.00194080      -0.00161655      -0.00315607       0.00575307       0.01140680      -0.00980774       0.00083883      -0.00356954      -0.01112938       0.00609181       0.01159149      -0.01318548      -0.00468525      -0.00275948       0.00407681       0.01044195      -0.01116352       0.00318911      -0.00739199      -0.02070757       0.01695750       0.03753686       0.00242035       0.03785195       0.00350908      -0.00133066      -0.02745616      -0.00226147       0.04536407      -0.04820801      -0.19707566      -0.00518906       0.02270511       0.00549501      -0.01278882       0.00896751       0.00541888      -0.18070235       0.56042547      -0.16360998      -0.01748390       0.00952678      -0.00715433       0.00991595       0.03183108       0.00495085      -0.19513854       0.00174832       0.04014818
      -0.00166508      -0.00363087       0.00980458      -0.01299857      -0.00607101       0.02982546      -0.00960447       0.03976837      -0.00718341      -0.00399001       0.00812717      -0.01237918      -0.01966851       0.00475416      -0.00422521       0.00526947       0.00010749      -0.00064725       0.00156095       0.00271017       0.00322469      -0.00065472      -0.00389638       0.00196691      -0.01319172      -0.00383678       0.01806178      -0.00352838      -0.00790585      -0.01097170      -0.00704801       0.01045493       0.00160645      -0.00647165      -0.00126365      -0.01410928       0.01418369       0.04835905       0.01482589       0.03041556       0.05198383       0.00176777      -0.01170303       0.00442968       0.02957229      -0.01393477      -0.16098238       0.01695235      -0.00686723      -0.00176010      -0.00061334       0.00400168       0.00397773      -0.16551759       0.46147461      -0.14218418       0.02081503      -0.00580871       0.00171212       0.00023421       0.03903492       0.01499484      -0.14302692       0.00605867
       0.02502354      -0.00251888      -0.02583095       0.00146849      -0.01255338       0.00465596       0.03418063       0.01427751      -0.00033396      -0.01226659      -0.00250479       0.02142901       0.00457141      -0.00503688      -0.00182223       0.00265450       0.00151487      -0.00620801       0.00903147      -0.00218717       0.00521125      -0.00495677      -0.00792477       0.00527357       0.00575214      -0.01211545       0.00891586       0.00021132      -0.00333873      -0.01219136       0.00259007      -0.00254062       0.03031459       0.00536431       0.00029255      -0.00041667      -0.01584054      -0.00598248       0.03939148      -0.01609570      -0.00343848       0.03446564      -0.00261512      -0.00064078      -0.00889254       0.05489444      -0.00984301      -0.17956294      -0.18802791       0.00775452      -0.00468805       0.00819262      -0.00160887       0.00165783      -0.21335348       0.53556588       0.00187250       0.03698514      -0.01380678      -0.00809215      -0.00935290       0.04787685      -0.02375924      -0.17820835
      -0.14183354      -0.00968460       0.01915545      -0.00913570      -0.00487706       0.00959320       0.02810409       0.01339458      -0.01390161       0.02726753       0.00505355      -0.01599175      -0.00002647      -0.00143493      -0.00680725       0.04345199       0.00317013      -0.00451083      -0.01007734       0.00925261       0.00404079       0.00573432      -0.01067930      -0.01383623       0.00856011      -0.00138032       0.00644473       0.00665718      -0.00855933       0.01185537       0.00562675      -0.02155165       0.00487037       0.00062493      -0.00336397       0.00053503      -0.00170785       0.00256648      -0.00704736       0.00066417      -0.00677567       0.02399035      -0.00006936      -0.00721625       0.00443595       0.00014038      -0.00693645       0.03874715      -0.17126744       0.02789671       0.02744251      -0.01617102       0.00182750       0.00405450       0.03195820       0.01039968       0.48625006      -0.14845487       0.00813076      -0.00076658       0.00960179       0.00886635      -0.00809741      -0.15948461
      -0.00991755      -0.24096266       0.00982374       0.03972611       0.00622923      -0.00586214      -0.00222517       0.04233125       0.03936489       0.01707133       0.02739668      -0.00869933      -0.01616012      -0.01701134      -0.01199057       0.01345053       0.00959590      -0.00053293       0.01599036      -0.00666765      -0.00590654       0.00508463       0.00083566      -0.01425203       0.00166204       0.00895614      -0.00521217      -0.00218813      -0.00047131       0.00603661       0.00680973      -0.00355317       0.00208322      -0.00276183      -0.00779402      -0.00944721      -0.00266544       0.00649077      -0.00253349      -0.01192560       0.03397543      -0.00190013       0.03191597       0.00007660      -0.00789183       0.00211612      -0.01259328      -0.00082032       0.02293599      -0.12993603      -0.00312284       0.02691622      -0.00312597       0.00040347       0.00014125       0.03008992      -0.16601134       0.46649615      -0.13055437       0.00000921      -0.00581943      -0.00519083       0.00262097       0.00492109
       0.03025059       0.01221136      -0.16364684       0.00018432       0.03192898      -0.00019742      -0.00603084      -0.00098874      -0.00365731       0.04684116      -0.02828010       0.03227318      -0.01248041      -0.01157313      -0.00222987      -0.00784366      -0.02374511       0.01096360      -0.00065694      -0.00407572      -0.01004642       0.00382526       0.00754308       0.01313812      -0.01627249      -0.00641131       0.01506540       0.00518049      -0.00051787      -0.00312008      -0.00250907       0.01741936      -0.01359671      -0.00869653       0.00148230       0.00358670      -0.01069981      -0.00271281       0.00565901       0.01871349      -0.00744377       0.02041405      -0.00611503       0.04694206      -0.00449378      -0.01503983       0.00030818      -0.00430931       0.03889375      -0.00544301      -0.14039615      -0.00705236       0.04044766       0.00622564      -0.00717616       0.00478175      -0.00658763      -0.14161909       0.50139684      -0.18086358       0.01670646       0.01128068      -0.00656768      -0.00831101
       0.00074951       0.03655317       0.00648160      -0.15511274       0.00926273       0.02533364      -0.00763492      -0.00001745      -0.02075873      -0.00835255       0.03968080      -0.02713043       0.02727869      -0.00333643      -0.01071849       0.00407392      -0.02149831      -0.01239499      -0.00278537       0.00799896       0.01161170      -0.00223148      -0.00166383      -0.00265677       0.00969107       0.03048307      -0.00657429      -0.00525596       0.00404949       0.00419915       0.00283854       0.00164663      -0.00323411      -0.01476555      -0.01132027       0.01039000       0.00127619      -0.02313902      -0.00259467      -0.00180470       0.00036621       0.00424885       0.03934867       0.02380790       0.02412967       0.00803982      -0.00095754       0.00155797      -0.01238325       0.01777050       0.01009308      -0.16019190      -0.01096511       0.02347550       0.00405599      -0.01374036      -0.00325089       0.02163457      -0.13764483       0.52794238      -0.12866629      -0.00531404       0.00308078      -0.00313526
       0.00046958       0.00370075       0.04050548       0.01159890      -0.19866917       0.00285452       0.02640147      -0.00585147       0.00410466      -0.01483155       0.00600232       0.01622610      -0.06869599       0.01220072      -0.00517950      -0.01362643       0.01409005      -0.00127158      -0.01088401       0.00194406       0.01104983       0.01363210      -0.00334574       0.01580928      -0.01743437      -0.00068204       0.01044420      -0.00886951       0.00061511      -0.00295923      -0.01146677      -0.00469603      -0.00539360       0.00677623      -0.00504520      -0.00236123       0.00591158      -0.00029820       0.00145857      -0.00150999       0.00529411      -0.01773398       0.00091217       0.03046096       0.00036587       0.04373636       0.00624061       0.00440518      -0.02702627       0.00639800       0.05002724       0.00223306      -0.15192101       0.01479694       0.03321456      -0.00632593       0.00322552       0.00398817      -0.00769274      -0.15352995       0.45109937      -0.15924238      -0.00112663       0.00485200
       0.00033453      -0.01034240      -0.00045727       0.03676185      -0.00127041      -0.16429111       0.01181923       0.03054942      -0.00868895      -0.00637946      -0.00452434       0.00252275       0.04081179      -0.02085074       0.03426472      -0.00947140       0.00577156       0.00420632       0.00638379      -0.00681580       0.00326026       0.00030485       0.00690370      -0.01010788       0.00612752      -0.00026648       0.01000479      -0.00108789      -0.01253623       0.00025694      -0.00481624       0.00279379      -0.00459255       0.00562566       0.00362054      -0.01512213       0.00703563       0.02204935      -0.00800837      -0.01173447      -0.00777838       0.00658559      -0.01866437      -0.01552029       0.03121431       0.00764339       0.02492997       0.00501170       0.00236414       0.00126162      -0.01393532       0.03450488       0.01097527      -0.15866009      -0.02685046       0.02856697       0.00331802       0.00243505      -0.00401566      -0.00129376      -0.15054396       0.48773187      -0.14273838       0.00103234
       0.03544512      -0.00431234      -0.01076433      -0.01137591       0.03865645      -0.01630137      -0.19386024      -0.00718075       0.00358426      -0.00484587       0.00231310      -0.02301686      -0.01126004       0.04558873      -0.00387443       0.02381737      -0.00032358       0.00809129       0.00904385       0.00590585      -0.01422879       0.00687579      -0.00027171      -0.00288668      -0.00135188       0.00343648      -0.01446489       0.00059533      -0.00231860      -0.00135634      -0.00833495      -0.00152708      -0.00673567       0.00625936       0.00635747      -0.00383864      -0.00898314       0.01046689       0.00416737       0.00972233       0.00165653      -0.00193913       0.00205202      -0.01306183       0.00587867       0.05138294       0.00440262       0.02166097       0.03263109      -0.00296748       0.00429715       0.01547513       0.02856324      -0.04616428      -0.17999060       0.01385475       0.00298516      -0.00353408       0.00163997       0.00334044       0.00655701      -0.18403161       0.51112645      -0.13346457
      -0.00351410       0.03847135      -0.00648986      -0.00833688      -0.00150487       0.04746678      -0.00004351      -0.18985212       0.01703748       0.01187049      -0.01074860       0.00247814      -0.00889494      -0.01185859       0.03322770      -0.00344710      -0.01079830      -0.00474944      -0.00597260       0.00952246       0.00870846      -0.01063407       0.00396851       0.00438589       0.00476927      -0.00485400      -0.00092139       0.00608545       0.01494090      -0.00424773      -0.00614076       0.00700984      -0.00408663      -0.01274433       0.00207712       0.00725467      -0.00081199      -0.01799714      -0.00229983       0.01290034       0.02799821      -0.01400435      -0.00281957       0.00521053      -0.01858518      -0.01079812       0.04194436      -0.00157646       0.04011506       0.01789541       0.00216257       0.00405693       0.00209497       0.02574144       0.00029494      -0.17163810      -0.13515442       0.00179153      -0.00698114       0.00518419      -0.00897509       0.00370677      -0.17775099       0.45402573
+-
       0.04012562       0.01709395       0.01301427       0.00758228       0.00626097       0.00737764       0.01325305       0.02665118       0.03506878       0.01495691       0.00756029       0.00859060       0.00827306       0.00988365       0.00479817       0.02119595       0.00822129       0.00947909       0.00504704       0.01333084       0.00614701       0.00500626       0.01017222       0.00938978       0.02132625       0.01430772       0.00663183       0.00733530       0.00572727       0.00372252       0.00416470       0.01236083       0.00861084       0.01913912       0.00658592       0.00474331       0.01014957       0.00557295       0.00638938       0.00904140       0.00854749       0.00968621       0.00914146       0.00434689       0.00402012       0.00588249       0.00722229       0.00537186       0.01232725       0.00923457       0.00554656       0.01648924       0.00535479       0.00671283       0.01269909       0.02625870       0.02736319       0.01742223       0.00908820       0.00608857       0.00377107       0.00603695       0.01152061       0.03499882
       0.02141019       0.03573400       0.03291522       0.01158268       0.00746686       0.00476261       0.01071220       0.02445561       0.01716944       0.02765641       0.01165185       0.01585676       0.00761057       0.00808025       0.01522428       0.02040047       0.00898862       0.00923877       0.00973964       0.00860931       0.00627361       0.00674549       0.00729330       0.01482112       0.01449034       0.00858578       0.00888702       0.00516801       0.00797661       0.01317770       0.01095803       0.00433920       0.00653346       0.00407979       0.00516603       0.00481276       0.00777467       0.00298571       0.00538263       0.00550509       0.00806047       0.00432303       0.00730589       0.00279933       0.00402534       0.00470187       0.01588657       0.00552279       0.00630074       0.00757718       0.00633239       0.01158965       0.00392688       0.00706127       0.00762520       0.01209667       0.01609186       0.01723444       0.03192752       0.01239138       0.00904592       0.00333016       0.00541472       0.01472079
       0.00734490       0.02655457       0.04029289       0.01744955       0.00496345       0.00394772       0.00329139       0.00540177       0.01596912       0.01740316       0.01691303       0.01999031       0.00664078       0.00645764       0.00408102       0.00456671       0.00355186       0.00858036       0.01037000       0.00607256       0.00556430       0.00362231       0.00464736       0.01172187       0.00518174       0.01047453       0.00561758       0.00727938       0.00559325       0.00872740       0.00640333       0.00294165       0.00333706       0.00463408       0.01019868       0.00373288       0.00441440       0.00508936       0.00328771       0.00588318       0.00498272       0.00395377       0.00390065       0.00649090       0.01261464       0.00733284       0.00379601       0.00817501       0.01004033       0.00488262       0.00926804       0.00971822       0.00710495       0.00413595       0.00320737       0.00602734       0.00857849       0.01563435       0.02738262       0.01264854       0.00512205       0.00713818       0.00308565       0.00772542
       0.00825793       0.00772342       0.02600815       0.04635204       0.01636913       0.01470028       0.00621141       0.00354654       0.00619312       0.00560356       0.02548875       0.02839028       0.02367634       0.02209017       0.00277723       0.00392134       0.00584474       0.00736141       0.01889700       0.00739573       0.00965103       0.00456786       0.00381465       0.00450653       0.00836229       0.01643480       0.01286655       0.00722594       0.00204337       0.00715146       0.00344162       0.00567641       0.00549610       0.01252616       0.00767643       0.00346159       0.00269111       0.00733896       0.00611956       0.00471652       0.00662842       0.00428522       0.00726965       0.00497370       0.00932272       0.00688932       0.00660543       0.01114187       0.00748791       0.00637631       0.02149135       0.01775238       0.00542381       0.00649762       0.00589391       0.00635467       0.01544165       0.00939386       0.01775441       0.04127246       0.03455100       0.01155319       0.00590384       0.00557142
       0.00751192       0.01341265       0.00722175       0.01740911       0.04092204       0.01179953       0.01368934       0.00829636       0.00765555       0.00976838       0.00582203       0.01011827       0.01085443       0.00945834       0.00492514       0.00842583       0.00462278       0.00318259       0.00617034       0.01078918       0.00702736       0.00820244       0.01021388       0.01856192       0.00740318       0.00618349       0.01418340       0.00489697       0.00681281       0.00999999       0.00439416       0.00334424       0.00998008       0.00291010       0.01550569       0.00794639       0.00420820       0.00584515       0.01136524       0.01434253       0.00715892       0.01859382       0.00860829       0.00793817       0.00628932       0.00388943       0.00200413       0.00325772       0.00982120       0.00583856       0.00877281       0.00794716       0.01400628       0.00363653       0.01331888       0.00557109       0.00571736       0.00438402       0.00747479       0.00943465       0.02037100       0.01382263       0.01214064       0.00557827
       0.00442772       0.00238615       0.01006061       0.01142868       0.01854039       0.04236960       0.01393584       0.00692680       0.00529221       0.00332337       0.00310036       0.00972854       0.01428472       0.02193223       0.01334337       0.01395468       0.00547853       0.00750662       0.00432279       0.00791989       0.00466841       0.00486545       0.00922032       0.00515848       0.00542634       0.00609853       0.00546271       0.00575403       0.00449710       0.01127540       0.00452881       0.00648215       0.00720427       0.00321483       0.00537445       0.00367012       0.00305468       0.00770455       0.00918983       0.00313179       0.00847178       0.00423664       0.00813234       0.00607447       0.00429665       0.00547742       0.00591849       0.00643667       0.01511817       0.00128491       0.00876345       0.00630828       0.01665499       0.00584123       0.01716352       0.00645359       0.00599198       0.00276762       0.00322140       0.01381353       0.01147744       0.01218701       0.01328793       0.00578364
       0.00516031       0.00461927       0.00441668       0.01624936       0.02530002       0.01578036       0.03328958       0.01581247       0.01141227       0.00836598       0.00945213       0.00906966       0.01159465       0.00986693       0.01843551       0.00964839       0.00567277       0.00596221       0.00624220       0.00584935       0.00784106       0.00955295       0.00716043       0.00857405       0.00861271       0.00539627       0.01768966       0.00384520       0.00901327       0.00706184       0.00498168       0.00850272       0.00439272       0.00657144       0.00814857       0.00418792       0.00652562       0.00812244       0.00475077       0.00494404       0.00593789       0.00566979       0.00712321       0.00333255       0.00695582       0.01308406       0.00280896       0.00619812       0.01023153       0.00481104       0.00345394       0.01762990       0.00523365       0.00428994       0.01265647       0.00777371       0.00602418       0.00627724       0.00672474       0.01233932       0.01657458       0.02925321       0.02503279       0.01862875
       0.01032724       0.00619655       0.00358354       0.00361250       0.01484751       0.00691456       0.04486394       0.02825276       0.01062258       0.00508858       0.00366129       0.00454158       0.00950252       0.02099734       0.01492669       0.03091116       0.00615995       0.00527881       0.00448868       0.00222253       0.00666072       0.00325593       0.00587364       0.01282574       0.06549273       0.01085825       0.00613599       0.00454228       0.00289923       0.00439570       0.00344995       0.01883887       0.00751326       0.00497629       0.00718112       0.00322444       0.00381674       0.00696023       0.00275076       0.00496260       0.00801995       0.00257059       0.00342076       0.00283189       0.00332662       0.00258759       0.00532562       0.00239007       0.01119652       0.00850996       0.00480376       0.00282929       0.00603823       0.01514920       0.00604838       0.00689415       0.01042912       0.00408130       0.00643934       0.00348692       0.00650632       0.01975529       0.01189374       0.01753880
       0.01627182       0.00555728       0.01004460       0.00706766       0.01074281       0.00352369       0.00698461       0.01757366       0.03846165       0.01540248       0.00434825       0.01251802       0.00457657       0.00638405       0.00829086       0.01377150       0.04437632       0.02097643       0.00681816       0.00692346       0.00365069       0.00428681       0.00514119       0.01531190       0.03437172       0.03170534       0.02031838       0.00587713       0.00492171       0.00536813       0.00423836       0.02365669       0.00474177       0.01181815       0.01278589       0.00383844       0.00296129       0.00314262       0.00586040       0.00702442       0.00395662       0.00902465       0.00502513       0.00329362       0.00282637       0.00749776       0.00302429       0.00232255       0.00843587       0.00289375       0.00267753       0.00805342       0.00422201       0.00293565       0.00408892       0.00580036       0.00507271       0.01365297       0.00349773       0.00291884       0.00265556       0.00443434       0.00681790       0.00469719
       0.02296253       0.01302300       0.01066707       0.00469278       0.00245812       0.00357397       0.01108504       0.00870343       0.02732189       0.02155919       0.01186749       0.00750217       0.00371610       0.00572547       0.00518541       0.00565497       0.01659754       0.01692172       0.00667787       0.00585764       0.00489590       0.00467958       0.00501009       0.00587513       0.01007317       0.01295538       0.00965145       0.00752314       0.00289820       0.00629193       0.00574183       0.00829755       0.00600049       0.01468178       0.00469981       0.00390797       0.00211102       0.00267145       0.00386641       0.00607172       0.00515686       0.00411856       0.00379200       0.00354888       0.00420781       0.00360679       0.00294736       0.00453315       0.00669455       0.00365585       0.00349098       0.00346477       0.00285155       0.00244565       0.00340961       0.00655230       0.00690006       0.00479243       0.00456403       0.00554296       0.00570107       0.00485609       0.00753204       0.01125930
       0.00702968       0.00915781       0.01944405       0.01218000       0.01214211       0.00710679       0.00455574       0.00941765       0.01012326       0.01373237       0.04730291       0.01787624       0.01444084       0.00569962       0.00597923       0.00543077       0.01229317       0.01163239       0.02013161       0.02790470       0.01342879       0.00904279       0.00838921       0.00497735       0.00598299       0.00968510       0.01253135       0.00583962       0.00585546       0.00678559       0.00456254       0.00692385       0.00662747       0.00338061       0.00522932       0.00816780       0.00315362       0.00483138       0.00367472       0.00372609       0.00483194       0.00414136       0.00338981       0.00332845       0.00622585       0.00440138       0.00370859       0.00445770       0.00309243       0.00208807       0.00699601       0.00433276       0.00435873       0.00435175       0.00697785       0.00387130       0.00405633       0.01187726       0.00653054       0.00461545       0.00352333       0.00791645       0.01234108       0.00700741
       0.00227818       0.00618566       0.01062640       0.03802216       0.01806299       0.00936422       0.01720699       0.00272124       0.00255770       0.00519346       0.01394347       0.03518151       0.01375079       0.00724787       0.00730716       0.00483844       0.00376834       0.00299855       0.01292679       0.01815195       0.01110569       0.00954514       0.00744382       0.00568828       0.00807158       0.00479624       0.00980114       0.00925754       0.00719272       0.00584393       0.00738087       0.00725716       0.00452659       0.00517696       0.00714090       0.00354562       0.00820399       0.00377827       0.00329925       0.00226193       0.00675488       0.00504280       0.00939034       0.00393289       0.00117828       0.00370002       0.00286435       0.00964814       0.03727486       0.00614872       0.02219803       0.00662779       0.00324127       0.00298616       0.00281032       0.00184246       0.00553352       0.02571128       0.05555156       0.01086429       0.00643820       0.00469314       0.00816144       0.01387955
       0.00410150       0.00769280       0.01291411       0.01113360       0.02708849       0.01003063       0.00791204       0.00610442       0.00458979       0.00398084       0.00623532       0.02391267       0.05217212       0.01642809       0.00359576       0.00876708       0.00458607       0.00446459       0.00594325       0.01317665       0.03449071       0.01104548       0.00533289       0.00656081       0.00493104       0.00959225       0.02071550       0.00794963       0.01118831       0.01431347       0.00808212       0.00730136       0.00596335       0.00827757       0.00948603       0.00245331       0.00631365       0.00860209       0.00648447       0.00488288       0.00803403       0.00279436       0.00581666       0.00636503       0.00434177       0.00439577       0.00286767       0.00359193       0.00339594       0.00216191       0.00366449       0.00703493       0.00638509       0.00558630       0.00608995       0.00496153       0.00523677       0.00679474       0.01383819       0.01403876       0.01287897       0.00699730       0.01386055       0.00361515
       0.00367038       0.00798402       0.01080850       0.01850044       0.02062148       0.01893749       0.01380986       0.01714432       0.00624947       0.00601789       0.00668331       0.01262081       0.02584676       0.02409898       0.01509578       0.01640437       0.00314630       0.00523908       0.00828927       0.00955389       0.02060321       0.01827572       0.01561206       0.01366400       0.00516530       0.00581720       0.01299773       0.00865156       0.01791374       0.01794955       0.00590340       0.00885209       0.00411163       0.00593659       0.00734840       0.00591672       0.01089545       0.00450386       0.00918608       0.01405210       0.00554083       0.00547446       0.00880361       0.00570328       0.00436622       0.01183761       0.00380207       0.00529062       0.00657188       0.00574898       0.01292433       0.00841587       0.01151917       0.00522848       0.01451581       0.00272530       0.00570009       0.00499235       0.00811528       0.00918665       0.01671502       0.01799350       0.01138036       0.00717450
       0.00967957       0.00650774       0.00964258       0.00937809       0.01025117       0.01166587       0.02006368       0.01007398       0.00986261       0.00608497       0.00598664       0.01719790       0.01978903       0.01671392       0.03082245       0.02036709       0.00829518       0.00490898       0.00397283       0.00654999       0.00980269       0.02938965       0.02567170       0.01829269       0.00756806       0.00863764       0.00804907       0.00689127       0.01812737       0.02931024       0.00490165       0.01557597       0.00767941       0.00925708       0.00733112       0.01234666       0.01052546       0.00548910       0.00926696       0.01154359       0.00606377       0.00641257       0.00690850       0.00430535       0.02150778       0.00513689       0.00336689       0.00853223       0.00712613       0.00363252       0.00376037       0.01023649       0.00633714       0.00413350       0.00685665       0.00587952       0.00447056       0.00693966       0.00467484       0.00665409       0.00630359       0.00945467       0.00603453       0.01424535
       0.01537490       0.00686347       0.01095753       0.00377542       0.00487696       0.01187730       0.00875876       0.01828338       0.01715383       0.01191301       0.00402290       0.00506204       0.00514938       0.01003909       0.01304885       0.03696674       0.01602086       0.00595284       0.00517748       0.00442897       0.00479345       0.00719239       0.01144317       0.02051559       0.01397033       0.00776783       0.01401022       0.00273386       0.00723338       0.00750773       0.00693214       0.00819436       0.00571464       0.00556367       0.00614839       0.00739472       0.00354386       0.00428553       0.00702489       0.00565449       0.00560575       0.00382608       0.00396124       0.00567278       0.01127699       0.00668761       0.00602754       0.00304556       0.00862322       0.00514244       0.00404676       0.00590584       0.00899459       0.00320027       0.00813832       0.00745019       0.00421180       0.00773174       0.00203442       0.00902172       0.01277277       0.01916085       0.00734285       0.01057987
       0.04385409       0.00993848       0.01161033       0.00459567       0.00622607       0.00726710       0.01047098       0.02717449       0.03353398       0.01513158       0.00534638       0.00695498       0.00941499       0.01194233       0.00935924       0.02015122       0.04263668       0.02457647       0.00853590       0.00405203       0.01531285       0.00975450       0.00937525       0.03416625       0.04083615       0.02104268       0.01005877       0.01048429       0.00559212       0.01606296       0.00988285       0.02834951       0.01241879       0.02005710       0.00736636       0.00851888       0.00466442       0.00333799       0.02147309       0.01407814       0.00600923       0.00698465       0.00575723       0.00451872       0.00851437       0.01046991       0.00713000       0.00600494       0.01370907       0.01113489       0.00368586       0.00696125       0.00371284       0.00376042       0.00521089       0.01568624       0.00956021       0.00860607       0.00484744       0.00569656       0.00685078       0.00990374       0.00932851       0.00697659
       0.00711508       0.01067173       0.00928782       0.00700597       0.00611384       0.00459093       0.00539864       0.00588690       0.00780003       0.01574555       0.01973449       0.01072680       0.00420279       0.00486280       0.00540525       0.01018239       0.03508011       0.02756719       0.02721272       0.00768428       0.00364840       0.00796814       0.00461225       0.02412204       0.02136920       0.02167223       0.01326772       0.01354378       0.00503436       0.00932965       0.00377847       0.01538849       0.01242800       0.00730823       0.00716998       0.00295378       0.00486622       0.00568636       0.01134907       0.01781144       0.00533903       0.00829181       0.00529788       0.00436965       0.00262067       0.00418954       0.00516512       0.00786688       0.00285101       0.00261669       0.00309120       0.00316340       0.00367281       0.00289831       0.00416962       0.00602503       0.00456665       0.00256388       0.00748357       0.00356197       0.00642894       0.00790509       0.00483592       0.00442538
       0.00723897       0.01061604       0.01084997       0.01281652       0.00550906       0.00652506       0.00670043       0.00655615       0.01058616       0.00947672       0.02688610       0.01910347       0.01028466       0.00481661       0.00379726       0.00697358       0.00791817       0.01368613       0.03309801       0.01977474       0.01779107       0.01135992       0.00457525       0.01096714       0.00650359       0.01536871       0.02585994       0.02074924       0.00459411       0.00530392       0.00357007       0.00856497       0.00592006       0.01621514       0.01071943       0.00929114       0.00930646       0.00618520       0.00567263       0.00884518       0.00722892       0.00182698       0.00886825       0.00448814       0.00418512       0.00439483       0.00666950       0.00335870       0.00769553       0.00503383       0.00376572       0.01419387       0.00217155       0.00425557       0.00229499       0.00554369       0.00839424       0.00242011       0.00532790       0.00762871       0.00608605       0.00610382       0.00429552       0.00743416
       0.00255195       0.01096618       0.01062989       0.01015459       0.00783963       0.00617816       0.01075493       0.00781895       0.00905027       0.00914096       0.01525554       0.02240396       0.01021329       0.00722212       0.00571616       0.00420571       0.00443604       0.01348818       0.01609251       0.04015367       0.02936069       0.02773580       0.00654081       0.01162042       0.01014050       0.01927203       0.01497880       0.02065253       0.02829772       0.01005063       0.00391397       0.00639653       0.00592410       0.01186670       0.00844723       0.00722492       0.01087891       0.01458459       0.00613378       0.00495532       0.00966493       0.00372879       0.00587386       0.00378795       0.00551024       0.00464979       0.00362301       0.00406822       0.00298986       0.00424244       0.00228754       0.00370753       0.00350244       0.00714590       0.00500132       0.00303373       0.00419143       0.00657370       0.01539130       0.00524745       0.00877926       0.00673607       0.00416193       0.00471931
       0.00247464       0.00549926       0.00889641       0.01132722       0.01014956       0.01449109       0.00508852       0.00647899       0.01029670       0.00603144       0.00499675       0.02677796       0.02527080       0.01747074       0.00875626       0.00369440       0.00272082       0.00579957       0.01149481       0.01316738       0.04057847       0.01352929       0.00530486       0.00876888       0.00644665       0.00526846       0.01059334       0.01324854       0.00788005       0.01956667       0.00593940       0.00552734       0.00539488       0.00553721       0.01073521       0.00569572       0.01202075       0.01074508       0.00844650       0.00643817       0.00924765       0.00165954       0.00275182       0.00521530       0.00389987       0.00578729       0.00379220       0.00444059       0.00997914       0.00496907       0.00569504       0.00357125       0.00925012       0.00579797       0.00518183       0.00544511       0.00219085       0.00636108       0.00707563       0.00568452       0.00783136       0.00806312       0.00409279       0.00314387
       0.00317735       0.00442757       0.01184559       0.00583935       0.00803184       0.00931487       0.00792594       0.00599008       0.00398640       0.00322150       0.00300257       0.00978006       0.03008366       0.03064786       0.01624255       0.00454970       0.00634222       0.00399970       0.00541991       0.01090179       0.01929306       0.02821149       0.03436103       0.00514864       0.00556192       0.00515974       0.00700560       0.00833651       0.01685149       0.01753518       0.00988629       0.00941898       0.00298592       0.00746772       0.00538386       0.00438980       0.01744843       0.00783868       0.00784592       0.00650287       0.00836880       0.00500700       0.00419787       0.00616531       0.00541641       0.00345393       0.00400068       0.00323023       0.00601953       0.00385110       0.00551660       0.00368914       0.00616759       0.00296685       0.00296764       0.00369046       0.00442932       0.01129047       0.00359894       0.01266515       0.00678804       0.01049218       0.00511110       0.00634920
       0.00885869       0.00704929       0.00577119       0.00580838       0.00490213       0.00489840       0.00903213       0.01446919       0.00644563       0.00470747       0.00447330       0.00856805       0.01177834       0.01503345       0.02181350       0.02360432       0.00910266       0.00546831       0.00179233       0.00744717       0.00650192       0.01806974       0.05632121       0.02759410       0.00826261       0.00787258       0.00925949       0.00728394       0.00588502       0.01211389       0.02785992       0.02070643       0.00520338       0.00788905       0.00484265       0.00362555       0.00987515       0.00841670       0.01083645       0.01171042       0.00774111       0.00541207       0.00762280       0.00584730       0.01552793       0.00595858       0.00495938       0.00344869       0.00669077       0.00492787       0.00450030       0.00751565       0.00340648       0.00293702       0.00468252       0.00383566       0.00586379       0.01001228       0.00347922       0.01163074       0.00707830       0.01087707       0.00959238       0.00661762
       0.02254769       0.00591952       0.00494196       0.00381987       0.00687087       0.00996628       0.01094908       0.01263991       0.01699587       0.00793518       0.00349677       0.00915491       0.00729558       0.00457127       0.01244830       0.02078597       0.01648506       0.01259886       0.00587346       0.00720185       0.00289789       0.00876250       0.01306460       0.04375476       0.02022418       0.00992741       0.01092079       0.00328208       0.00416856       0.00620667       0.00976988       0.01324120       0.00889758       0.01182851       0.01035303       0.00369972       0.00222724       0.00440969       0.00981981       0.00625120       0.00642501       0.01393478       0.00572190       0.00303785       0.00521701       0.00489910       0.00566993       0.00638492       0.01708850       0.00559145       0.00359596       0.00627295       0.00313084       0.00284236       0.00342131       0.00819897       0.00633191       0.01049497       0.00262506       0.00656834       0.01204793       0.01037337       0.00528670       0.00613027
       0.00593141       0.00467476       0.00547950       0.00298270       0.00472331       0.00285613       0.00478631       0.00688456       0.01110180       0.00878658       0.00589280       0.00514254       0.00808559       0.00288499       0.00497043       0.00974149       0.01391798       0.01251273       0.01221200       0.00304458       0.00286056       0.00498301       0.00682547       0.01676007       0.04438076       0.01840170       0.01326063       0.00565909       0.00360626       0.00703510       0.00994709       0.02905556       0.01196235       0.00893811       0.00889222       0.00447871       0.00324940       0.00363875       0.00953163       0.01159317       0.01142327       0.00980984       0.00638600       0.00717755       0.00561352       0.00510026       0.00556204       0.00544912       0.00594773       0.00280123       0.00358221       0.00703658       0.00886950       0.00408055       0.00600283       0.00254016       0.00442008       0.00449901       0.01628546       0.00322585       0.00576698       0.00447637       0.00631019       0.00500645
       0.00586493       0.00379414       0.00868007       0.00446859       0.02244509       0.00767681       0.00701628       0.00396249       0.00818984       0.00699449       0.01367035       0.01208427       0.00805946       0.01241517       0.00606564       0.00850235       0.01078858       0.02831226       0.01687040       0.01307351       0.00948676       0.01188352       0.01552859       0.01514056       0.01621055       0.03623443       0.02075273       0.01612284       0.00378287       0.01244077       0.00836863       0.01957708       0.01093486       0.01400622       0.00978839       0.00836730       0.00645328       0.00629895       0.01841005       0.01566417       0.01070860       0.00539369       0.00570622       0.01044047       0.00383337       0.01338165       0.00828578       0.00719391       0.00565844       0.00856957       0.00480809       0.00654007       0.00489740       0.00533418       0.00317994       0.00312858       0.00325758       0.00405763       0.00241737       0.00589162       0.02572053       0.01274096       0.00247153       0.00444420
       0.00315208       0.00671803       0.01144065       0.00939834       0.00278239       0.00401599       0.00411185       0.00605626       0.00946770       0.01651848       0.00877818       0.02114193       0.00604269       0.00745574       0.00463153       0.00409454       0.00936166       0.01188876       0.01989452       0.01012810       0.00779519       0.00581790       0.00280384       0.00790275       0.00765598       0.02765492       0.02918273       0.01928035       0.00696185       0.00358560       0.00359611       0.00805658       0.01117705       0.01128471       0.01558521       0.00846387       0.00720860       0.00507129       0.00662369       0.00490621       0.00549023       0.00626310       0.00764426       0.01359651       0.00811679       0.00454265       0.00707631       0.00475204       0.00605760       0.00610460       0.00735389       0.00980098       0.01015828       0.00767351       0.00885757       0.00340078       0.01074353       0.00477752       0.03106128       0.00533300       0.00426669       0.00728324       0.00576108       0.00591378
       0.00391174       0.00508141       0.00773903       0.01245020       0.00621060       0.00379856       0.00248140       0.00289509       0.00638859       0.00852021       0.00716582       0.01473289       0.01694036       0.00963923       0.00637927       0.00308199       0.00337978       0.00629361       0.01148925       0.01431856       0.01029449       0.00528709       0.00284740       0.00416638       0.00775045       0.01322881       0.02024999       0.02877384       0.01635106       0.01661242       0.00320910       0.00874112       0.00351937       0.01170541       0.02523554       0.01342872       0.00920570       0.01131073       0.00710519       0.01287785       0.00866864       0.00395055       0.01438810       0.01654722       0.01886172       0.00745324       0.00467240       0.00682740       0.00471803       0.01547479       0.00753029       0.00821712       0.00248863       0.00441617       0.00278628       0.00315130       0.00355762       0.00765982       0.00839130       0.00692607       0.00354616       0.00615178       0.00324598       0.00453377
       0.00607551       0.00733354       0.00629583       0.00960193       0.00730209       0.01311659       0.00429559       0.00558757       0.00879576       0.01117073       0.00536870       0.00633697       0.01094789       0.01299755       0.00917681       0.00768251       0.00407981       0.00948159       0.01331877       0.01062586       0.02796947       0.00836104       0.01540664       0.01781846       0.00815784       0.00672429       0.02128078       0.02963462       0.03033659       0.02451195       0.01241402       0.00454958       0.00844312       0.00625425       0.01589055       0.01005464       0.01671305       0.01031440       0.00941366       0.00427135       0.00946921       0.00304706       0.00700320       0.00947138       0.00561676       0.00849158       0.00762490       0.00230224       0.00425796       0.00469838       0.00686316       0.00471954       0.00580055       0.00418087       0.00423775       0.00411616       0.00253026       0.00553174       0.01076594       0.00418669       0.00414929       0.00733676       0.00308397       0.00305056
       0.00386174       0.00368919       0.00613740       0.00573252       0.00376337       0.01040003       0.00449712       0.00797762       0.00408713       0.00420601       0.00344248       0.01703886       0.01611531       0.00799849       0.00793436       0.00573218       0.00611289       0.00410830       0.00392649       0.01342026       0.02529551       0.02268671       0.00860937       0.00982336       0.00441081       0.00865894       0.01392613       0.01597939       0.01281880       0.04012912       0.01093020       0.04658306       0.01102872       0.01257815       0.00641721       0.00605624       0.01105816       0.02184737       0.01852283       0.01885056       0.01248033       0.00452813       0.00737257       0.00755728       0.01845841       0.00764543       0.00910603       0.00920537       0.00656773       0.00264995       0.01977491       0.01080757       0.00881097       0.00586739       0.00621587       0.00626120       0.00624726       0.00425282       0.00431551       0.00584197       0.00467226       0.00461548       0.00571535       0.00731384
       0.01359072       0.00759903       0.00502027       0.00463014       0.01140933       0.01048386       0.00562001       0.00942196       0.00886092       0.01417858       0.00358361       0.00432873       0.01085591       0.00983706       0.01420265       0.00900544       0.00977843       0.00452253       0.00515682       0.00581368       0.01232201       0.01256159       0.01816135       0.01156889       0.00946088       0.00923937       0.02052838       0.00779250       0.01545636       0.02460195       0.04684618       0.03130288       0.01061398       0.00985267       0.00633821       0.01312535       0.01680833       0.00949298       0.04192670       0.02325300       0.01172782       0.00674891       0.00645113       0.00522412       0.01536678       0.01087044       0.01344143       0.02055168       0.00921156       0.00540106       0.00683314       0.00523104       0.00722663       0.00326841       0.00722997       0.01101243       0.00522815       0.01227052       0.00272917       0.00967699       0.00549286       0.00411667       0.00929272       0.00955426
       0.00711842       0.00626636       0.00388409       0.00356670       0.00393196       0.00595842       0.00374435       0.00512498       0.00824974       0.00873938       0.00527019       0.00506092       0.00854232       0.00582833       0.00828356       0.00700707       0.01212594       0.00780095       0.00583388       0.00344761       0.00488742       0.00834127       0.01326624       0.01879673       0.01716815       0.00468980       0.00739687       0.00396911       0.00758730       0.00850072       0.01962353       0.03758410       0.01102767       0.01907575       0.00558717       0.00406273       0.00463337       0.00851817       0.01069120       0.03530126       0.01601237       0.00689662       0.00818712       0.00309028       0.00701983       0.00830670       0.00777791       0.00669801       0.00713264       0.00668985       0.00411721       0.01914398       0.00870773       0.00574260       0.01048982       0.00276645       0.00438641       0.00765831       0.00536720       0.01037540       0.01175588       0.00944060       0.00616365       0.00408780
       0.00382220       0.00814110       0.00949472       0.00562619       0.00282451       0.00591983       0.00604356       0.00447218       0.00334034       0.01090796       0.00262486       0.01097958       0.00525709       0.00893512       0.00801759       0.00416272       0.01043627       0.00590889       0.01235820       0.00841405       0.00700656       0.00252822       0.00341524       0.02731853       0.01635651       0.01655587       0.01528245       0.00776840       0.00410823       0.00684497       0.00804698       0.02410793       0.03072792       0.01566734       0.00708370       0.00614668       0.00666630       0.00692957       0.01746963       0.03493736       0.02897784       0.02003168       0.00786877       0.00482680       0.00483763       0.00815590       0.01067099       0.02609081       0.01383044       0.00550008       0.01056638       0.00709268       0.00840184       0.00593855       0.00679082       0.00847094       0.00656390       0.00584416       0.01145722       0.00810505       0.00596777       0.01127394       0.00811681       0.01192221
       0.00232896       0.00680909       0.00365110       0.00569536       0.00615041       0.00366407       0.00267544       0.00548487       0.00698489       0.01362738       0.00453369       0.01709892       0.00436470       0.00714197       0.00411833       0.00294504       0.00827567       0.00841221       0.00737352       0.00575117       0.00751118       0.00344118       0.00619751       0.00452979       0.01490883       0.01720365       0.01842804       0.00664233       0.00405798       0.00317044       0.00447057       0.01092325       0.02163369       0.04338360       0.02327997       0.00697213       0.00517502       0.00645232       0.01305794       0.01756450       0.01453798       0.00856066       0.00938833       0.00905807       0.00430338       0.00277028       0.00553156       0.02909760       0.00487738       0.00817401       0.00999595       0.00508532       0.00385605       0.00446494       0.00523983       0.00719139       0.01043494       0.00505182       0.00255832       0.00919832       0.00552037       0.01163412       0.00268613       0.00658122
       0.00527763       0.00257595       0.00534341       0.00351679       0.00404054       0.00401186       0.00246507       0.00355109       0.00426230       0.00991087       0.00454012       0.00964510       0.00762518       0.00265434       0.00287625       0.00365847       0.00553012       0.01049231       0.00806689       0.00641198       0.00590189       0.00384444       0.00393019       0.00648219       0.01546606       0.00938811       0.01519009       0.00983725       0.00613451       0.00280757       0.00241639       0.00533727       0.01149549       0.01745390       0.03993214       0.01889466       0.00792102       0.00335884       0.00871965       0.00450400       0.02720274       0.00707719       0.02979849       0.01139720       0.00789774       0.00468852       0.00306279       0.00831330       0.01273006       0.00714990       0.00556857       0.01862182       0.00387570       0.00136097       0.00561865       0.00575930       0.00970797       0.00442797       0.00434360       0.00500815       0.00331137       0.00614951       0.00392298       0.00561880
       0.00433006       0.00385584       0.00415990       0.00787546       0.00709066       0.00524468       0.00489616       0.00320899       0.00672115       0.00685365       0.00526090       0.00840069       0.02007248       0.00529863       0.00572112       0.00388668       0.01218291       0.00631583       0.00371879       0.00932395       0.02437219       0.00431168       0.00461062       0.00225312       0.00874743       0.01218232       0.02283988       0.01644413       0.01213884       0.00815861       0.00500809       0.00582432       0.00499570       0.01468640       0.03504795       0.03362551       0.01507671       0.00759024       0.00790359       0.01014192       0.00539858       0.00797995       0.01198074       0.02036190       0.01303955       0.00486880       0.00243866       0.00453573       0.01201722       0.00672940       0.01023386       0.01247029       0.00608621       0.00567707       0.00321324       0.00460558       0.00724068       0.00689684       0.01308883       0.01107166       0.00435360       0.01609934       0.00274026       0.00222665
       0.00406247       0.00267909       0.00467846       0.00850216       0.00687555       0.00481757       0.00777376       0.00442587       0.00522289       0.00651384       0.00559855       0.00643709       0.00656556       0.00934682       0.00572143       0.00248475       0.00413521       0.00587486       0.00543681       0.01401729       0.01051069       0.01699209       0.00799388       0.00402176       0.00314129       0.00893896       0.01432327       0.03666589       0.02035813       0.01230025       0.00596490       0.00506380       0.00357340       0.00767086       0.01259962       0.02140601       0.03341518       0.00826655       0.01167210       0.00901715       0.00771679       0.01575847       0.00479635       0.01277675       0.02167731       0.01572157       0.00764076       0.00388248       0.00568171       0.00922372       0.00451853       0.00628876       0.01149010       0.00724876       0.00351077       0.00286901       0.00314191       0.00718934       0.00323613       0.00827311       0.00695530       0.00580196       0.00288715       0.00544591
       0.00298787       0.01008924       0.00790149       0.01226086       0.00573874       0.00981881       0.01850298       0.00290808       0.00481271       0.00359649       0.00566392       0.01294657       0.00591225       0.01203586       0.00821515       0.00439690       0.00582068       0.00540723       0.00685854       0.00868415       0.01011385       0.00741280       0.00404487       0.01380160       0.00427746       0.00352837       0.00766372       0.01486358       0.01696271       0.02233847       0.00780446       0.00980349       0.00674008       0.00429427       0.00708793       0.00690311       0.03718693       0.03674578       0.01250401       0.01119296       0.00411807       0.01490225       0.00438802       0.00549425       0.03336715       0.01675789       0.03755574       0.00422026       0.00602717       0.00550223       0.00616278       0.01455828       0.00828427       0.00955417       0.00820263       0.00400495       0.00447018       0.00627248       0.00382406       0.00563315       0.00960291       0.00342218       0.00765117       0.00879028
       0.00482904       0.00563270       0.00449223       0.00508994       0.00337855       0.00548236       0.00569135       0.00627959       0.01146792       0.00650397       0.00625840       0.00623668       0.00942515       0.00503223       0.00495888       0.00558334       0.00501803       0.00514493       0.00693343       0.00436469       0.01034905       0.01119739       0.00709124       0.00531605       0.01467931       0.00629554       0.01116352       0.00858335       0.00996547       0.01291289       0.01939486       0.01464359       0.01172062       0.00526833       0.00541182       0.00369290       0.00878741       0.01830645       0.04151850       0.01930227       0.01030100       0.00353801       0.00564587       0.00768099       0.01129056       0.01509745       0.01325755       0.01183935       0.01380256       0.00998287       0.01040198       0.01314880       0.00457172       0.00842568       0.00704656       0.00828953       0.00551358       0.01301930       0.00348600       0.00434595       0.01563356       0.00661396       0.00734050       0.00617324
       0.00362932       0.00546542       0.00465072       0.00625009       0.00655263       0.00276152       0.00657509       0.01131398       0.00443437       0.00858281       0.00504575       0.00612213       0.00495526       0.00770408       0.00549812       0.00708905       0.01005892       0.00920662       0.00654361       0.00547678       0.00594369       0.01298831       0.00847838       0.01427635       0.01033454       0.01096496       0.00841778       0.00680916       0.00803454       0.01202416       0.01927584       0.02715481       0.01113889       0.00794702       0.00603877       0.00371305       0.00794861       0.01031077       0.02905067       0.04729345       0.01119379       0.00643295       0.00353863       0.00312898       0.00553614       0.02268855       0.01574935       0.02577198       0.00699986       0.00885051       0.00349134       0.00485999       0.00566217       0.00418788       0.01502750       0.02080970       0.00655819       0.00356691       0.00270955       0.00451907       0.00845997       0.01344750       0.01004244       0.01287918
       0.00601888       0.01137940       0.00755542       0.00318379       0.00583592       0.00320402       0.00476042       0.01107972       0.00974406       0.01123803       0.00615314       0.00698170       0.00360974       0.00348880       0.00951504       0.00388763       0.01519564       0.00844340       0.00441296       0.00393585       0.00598425       0.00359165       0.00685995       0.01325674       0.01369982       0.01039971       0.01715620       0.00495939       0.01280052       0.00998257       0.01066706       0.02775534       0.01898480       0.01084599       0.00697933       0.00265182       0.00367308       0.01701739       0.03583507       0.03403741       0.04224616       0.01810809       0.00501883       0.00590199       0.00562113       0.00715477       0.00902460       0.01765538       0.01769046       0.01181381       0.00584191       0.00709089       0.00425844       0.00471801       0.01240337       0.01246379       0.02150133       0.00787386       0.00289854       0.00614939       0.00315666       0.00598661       0.00965006       0.01040924
       0.00543862       0.00380078       0.00970865       0.00928251       0.00403095       0.00741450       0.00598366       0.00793772       0.00544280       0.00956026       0.00496360       0.00476922       0.00416145       0.00884377       0.00495592       0.00554267       0.00443615       0.00757791       0.00554420       0.00759155       0.00394332       0.00466007       0.00468010       0.00593619       0.00930213       0.00809797       0.01380996       0.00690313       0.00304935       0.00631575       0.00254533       0.00743036       0.01399832       0.02105539       0.01637793       0.01156670       0.00926805       0.00485166       0.00509581       0.01224187       0.02470392       0.02722218       0.02016110       0.01159714       0.00409725       0.00449845       0.00416809       0.00794703       0.01442264       0.03367097       0.01354177       0.00862266       0.00350183       0.00673548       0.00532659       0.01166819       0.01139552       0.01191112       0.01102646       0.00853531       0.00484738       0.00775638       0.00397811       0.00498840
       0.00356397       0.00362986       0.00671063       0.00828536       0.00537801       0.00531571       0.00461199       0.00375252       0.00479597       0.00434125       0.00400400       0.00534933       0.00536213       0.00520909       0.00800464       0.00769326       0.00558325       0.00433378       0.00323301       0.00432740       0.00447508       0.00426138       0.00304655       0.00770196       0.01304730       0.01084972       0.00744573       0.00724724       0.00456767       0.01228649       0.00489805       0.00824223       0.00484663       0.01393268       0.03142960       0.01069262       0.00492042       0.00339529       0.00347200       0.00689494       0.01347962       0.01474307       0.02961544       0.02308205       0.00455732       0.00258073       0.00460349       0.00403118       0.00802332       0.00683233       0.02202870       0.01620048       0.01815897       0.00435132       0.00344623       0.00454016       0.00840894       0.00727664       0.06763040       0.01533175       0.00512841       0.01046808       0.00612858       0.00514810
       0.00769423       0.00422052       0.00740156       0.01892102       0.01198698       0.00630051       0.00543322       0.00619894       0.00406177       0.00335424       0.00502373       0.00740301       0.00852074       0.00681316       0.00638331       0.00619946       0.00348909       0.00474700       0.01814453       0.01323579       0.01239595       0.00503055       0.00338212       0.00693588       0.00613362       0.00981447       0.00675753       0.01165061       0.00421000       0.01088530       0.00751787       0.00848627       0.00772680       0.01133035       0.01065985       0.01134311       0.01966306       0.01271123       0.00761436       0.00515970       0.01114588       0.00890712       0.01476145       0.03329529       0.02354871       0.02822780       0.00433062       0.00439728       0.01325492       0.02526517       0.01489798       0.04731711       0.01416086       0.00528050       0.00576353       0.00352133       0.00561476       0.01394412       0.01983097       0.01374987       0.01089128       0.01146285       0.00637552       0.00923770
       0.00328852       0.00336206       0.00427470       0.00730948       0.00559607       0.00906980       0.00638942       0.00299197       0.00498654       0.00366222       0.00581506       0.02042054       0.01403587       0.00535440       0.00358859       0.00399996       0.00432412       0.00357514       0.00609186       0.00499695       0.00762526       0.00644145       0.00358484       0.00738952       0.00520294       0.01157148       0.03745837       0.00687773       0.01025646       0.01571479       0.00481393       0.00699985       0.00203083       0.00592433       0.01911950       0.01075620       0.01588058       0.02127278       0.00567699       0.00427279       0.00810567       0.00258498       0.00903014       0.01431517       0.05094500       0.01019685       0.00532095       0.00470419       0.00606534       0.00408612       0.00799055       0.01377160       0.02996271       0.01036119       0.00533569       0.00663159       0.00491587       0.00484753       0.00532906       0.00477796       0.00560167       0.01138443       0.00444405       0.00244206
       0.00339236       0.00221200       0.00251097       0.00353062       0.00309089       0.00479456       0.00461041       0.00531292       0.00669038       0.00672870       0.00369575       0.01195791       0.00834163       0.00442152       0.00356930       0.00438400       0.00547287       0.00678630       0.00567998       0.00422014       0.00571841       0.00506214       0.00383610       0.00350581       0.00391635       0.00394355       0.02196434       0.00726626       0.00860262       0.00502864       0.00912873       0.00684974       0.00334134       0.01392048       0.00813097       0.01046402       0.02707427       0.02304346       0.01045882       0.00603685       0.00402279       0.00755834       0.00479370       0.00850436       0.02799947       0.05253768       0.01658374       0.00618343       0.00715183       0.00247466       0.00499271       0.00925922       0.01031188       0.02128270       0.00871698       0.00792304       0.00351440       0.00412267       0.00419338       0.00335160       0.01875696       0.00634851       0.00953920       0.01145415
       0.00335545       0.00453458       0.00563978       0.00361486       0.00743297       0.00430553       0.00607223       0.00621394       0.00745209       0.00562082       0.00267026       0.00444010       0.00355369       0.01111529       0.00840004       0.00575492       0.00467923       0.00747081       0.00459177       0.00642316       0.00664434       0.00788483       0.00414179       0.00562262       0.00596267       0.00432640       0.03510801       0.00644203       0.00440022       0.00447818       0.00905038       0.01701426       0.00754703       0.00501421       0.00875586       0.00833325       0.01063080       0.01608411       0.02552980       0.00736470       0.01101703       0.00408012       0.00418769       0.00252902       0.01027869       0.02008428       0.03514989       0.01345473       0.00271705       0.00360505       0.00582115       0.00602195       0.01058453       0.00846046       0.02133119       0.00850907       0.00480296       0.00517188       0.00342926       0.00615032       0.00817749       0.01484674       0.00390244       0.00540588
       0.00298831       0.00596017       0.00857885       0.00582952       0.00811154       0.01209584       0.01600624       0.00926433       0.00670497       0.00663519       0.00277782       0.00640565       0.01565124       0.00474810       0.00417466       0.00544279       0.00490508       0.00677402       0.00579818       0.00709265       0.00520307       0.00971638       0.00307448       0.00993734       0.01081996       0.00789460       0.00757084       0.00856336       0.02490431       0.00938043       0.01009926       0.01183374       0.02384652       0.00941278       0.00697388       0.00455220       0.00624748       0.02495189       0.02007124       0.02271145       0.02739028       0.01541335       0.00443582       0.00878113       0.00488883       0.02161941       0.05403958       0.04215782       0.02312270       0.01204639       0.00703744       0.02708451       0.00352408       0.01903500       0.01036394       0.01972569       0.00755789       0.01753625       0.00526478       0.00990087       0.00633787       0.00630481       0.00832713       0.01871153
       0.00814885       0.01083946       0.01252839       0.00950475       0.00383446       0.00319552       0.00725295       0.00995867       0.00959942       0.00945445       0.00443608       0.01571984       0.00520458       0.00277216       0.00872748       0.00589083       0.00472005       0.00456954       0.00443632       0.00616811       0.00300925       0.00406619       0.00330235       0.00476517       0.01563472       0.00827272       0.00598097       0.00474678       0.01180924       0.00349889       0.00388896       0.00967640       0.00521679       0.00396310       0.00308874       0.00420736       0.00997971       0.01102175       0.00708870       0.02729125       0.03731148       0.00799312       0.01095878       0.00562944       0.00582702       0.00683672       0.01022586       0.02332671       0.03064937       0.02169989       0.00979488       0.00717523       0.00301042       0.00534625       0.00918133       0.03101771       0.02831096       0.01470191       0.00622880       0.00721153       0.00206590       0.00475182       0.00858968       0.01542086
       0.00952916       0.00925055       0.00461981       0.01871177       0.00933322       0.00377140       0.01128928       0.00880651       0.00555157       0.01150106       0.00479476       0.00737338       0.00488651       0.00558272       0.00790974       0.00777425       0.00357703       0.00940563       0.00740919       0.00744919       0.01259745       0.01138763       0.00434104       0.00328964       0.01069134       0.00835492       0.00887688       0.01545110       0.01507117       0.00592030       0.00503171       0.01298838       0.00865967       0.00877550       0.00872940       0.01538890       0.00752416       0.00702418       0.00622542       0.01684749       0.03693820       0.01110215       0.02585177       0.01128921       0.00474044       0.00564237       0.00634847       0.00966208       0.02827140       0.03167354       0.03856009       0.02599294       0.00542048       0.00519193       0.00341833       0.00431154       0.01072693       0.02963396       0.01230923       0.00828191       0.00699338       0.00433238       0.00590017       0.00787710
       0.01233258       0.01168546       0.00911556       0.02641441       0.00868565       0.00963433       0.00817017       0.01261403       0.01244561       0.01025617       0.00624612       0.01045689       0.00859601       0.00799430       0.01006291       0.00959939       0.00433197       0.00492228       0.00560053       0.00826461       0.00491398       0.00265267       0.00483474       0.00480423       0.01876141       0.00629704       0.00666635       0.01543621       0.00336533       0.00869153       0.00514414       0.00460892       0.02365422       0.01220492       0.01120082       0.00312198       0.00934500       0.00889306       0.01170645       0.00973769       0.00871955       0.01182094       0.02051083       0.01227955       0.01917303       0.01850349       0.00242656       0.00520524       0.01556736       0.02031748       0.02870912       0.01379951       0.00699587       0.00665402       0.01094309       0.00648646       0.01909486       0.03094790       0.03220336       0.01136894       0.01274318       0.00840350       0.01354076       0.01083904
       0.00309428       0.00614662       0.00621213       0.00404640       0.00642424       0.00831215       0.01102703       0.00848100       0.00708704       0.01994431       0.00510359       0.01123893       0.00384516       0.00684278       0.00304744       0.00421598       0.01765478       0.00876728       0.00777794       0.00630169       0.01179910       0.00416263       0.01089495       0.00852732       0.00613423       0.01408580       0.00787647       0.00596810       0.00360482       0.00474455       0.00314682       0.00590454       0.00903841       0.00274243       0.00464233       0.00772368       0.01513227       0.01554588       0.00827068       0.00559955       0.00829779       0.00779782       0.00974682       0.02631659       0.01319288       0.00738539       0.00904430       0.01589787       0.03631510       0.01094388       0.02389747       0.04804001       0.01715708       0.00726437       0.00467295       0.01423889       0.00860148       0.00949707       0.01889865       0.01882058       0.01305820       0.02247132       0.00755781       0.01141591
       0.00374125       0.00546527       0.02209880       0.01258086       0.00998855       0.00466725       0.00721400       0.00324523       0.00668633       0.00615732       0.00430146       0.04035987       0.00662731       0.01134960       0.00391613       0.00293916       0.00499025       0.00278908       0.00578176       0.01162123       0.00700917       0.00362097       0.01294800       0.00868263       0.01007230       0.00409241       0.00599596       0.01154780       0.01543940       0.00981236       0.00307350       0.00650268       0.00457288       0.01210139       0.00865598       0.00802326       0.02429508       0.02429467       0.01227991       0.00639620       0.00346712       0.00452231       0.01244080       0.01053470       0.01732774       0.01184102       0.00851130       0.00448429       0.00441089       0.00886909       0.00618400       0.02279357       0.04487821       0.01665525       0.00739621       0.00415032       0.00388958       0.00556944       0.00476951       0.01029944       0.03570447       0.01682865       0.00512261       0.00625494
       0.01301372       0.00568950       0.00439090       0.00422576       0.02166383       0.01125851       0.01773347       0.01128682       0.00545319       0.00609265       0.00391697       0.00908816       0.01289888       0.00694213       0.00390406       0.00687342       0.00615447       0.00295695       0.00305618       0.01313537       0.00635042       0.00363392       0.00172468       0.00603719       0.00654795       0.00330143       0.00686697       0.01081614       0.00493814       0.00742088       0.00866370       0.00348122       0.00315868       0.00517331       0.00604276       0.00603287       0.01512862       0.01619773       0.01057857       0.00664872       0.00394320       0.01738551       0.01124748       0.01766295       0.02684862       0.04605091       0.01671869       0.00450014       0.00856248       0.01076939       0.00702395       0.01579809       0.02976276       0.04097945       0.03795413       0.00808518       0.00886747       0.00454304       0.00552089       0.00627160       0.01240485       0.02589900       0.01814814       0.01549212
       0.00434900       0.00646839       0.00336400       0.00322937       0.00428427       0.00394461       0.00967626       0.00937559       0.00549899       0.00375175       0.00471444       0.00574997       0.01224113       0.00309983       0.00622327       0.00818391       0.00376731       0.00201181       0.00458548       0.00454875       0.00350466       0.00426372       0.00259540       0.00532443       0.00422690       0.00329881       0.01705712       0.00321477       0.00368756       0.00788686       0.00366199       0.01237266       0.01197856       0.00394338       0.00911461       0.01111472       0.00705428       0.01875257       0.00676713       0.00840041       0.01193132       0.00536634       0.00628391       0.00371617       0.00908985       0.01951541       0.01703258       0.01091581       0.01201555       0.00481021       0.00501177       0.00603452       0.00907286       0.01449783       0.03673004       0.01535391       0.00968359       0.00477834       0.00228919       0.00351850       0.00923773       0.01098800       0.00662040       0.00947354
       0.00648537       0.00518550       0.01501395       0.00876729       0.00455724       0.00469623       0.00727791       0.00783718       0.00725846       0.01013352       0.00588365       0.00758795       0.00332923       0.01413579       0.01554564       0.00695553       0.00664274       0.00662409       0.00401659       0.00288993       0.00503967       0.00345940       0.00349170       0.00812069       0.00628428       0.00757548       0.01458803       0.00431544       0.00265230       0.00629747       0.00494127       0.00805246       0.01050932       0.00548781       0.00484282       0.00438844       0.00709691       0.00825035       0.00710866       0.00717573       0.01132111       0.01159224       0.00449248       0.00514208       0.01344297       0.01761462       0.01991164       0.02579059       0.02412753       0.01214250       0.00688542       0.00326450       0.00431381       0.01467600       0.03408996       0.02738619       0.01371513       0.00966231       0.01321625       0.00440940       0.00836717       0.01637749       0.01205610       0.02629777
       0.01130576       0.01534840       0.00402685       0.00882340       0.00456378       0.01353771       0.01095658       0.01270135       0.00426728       0.01014162       0.00429008       0.00758183       0.00443722       0.00267368       0.01616978       0.00962054       0.00366300       0.00354419       0.00327684       0.00935537       0.00494062       0.00612091       0.00589028       0.00740776       0.00372687       0.00342358       0.00356365       0.00847430       0.00861502       0.00614830       0.00351682       0.01369014       0.00559048       0.00382965       0.00295902       0.00345783       0.00526708       0.01054495       0.00519819       0.00396676       0.00559460       0.00615327       0.00602881       0.00684344       0.00490595       0.00793806       0.01462769       0.01120548       0.01700950       0.00831072       0.00762982       0.01144541       0.00388823       0.00780624       0.01095741       0.01961719       0.03684144       0.02570582       0.00603900       0.00495007       0.00759800       0.00732231       0.00873782       0.02615824
       0.02025996       0.06170800       0.02815704       0.00865204       0.00553190       0.00314579       0.00603050       0.01062783       0.00925776       0.00990962       0.00492080       0.00836245       0.00943100       0.01198947       0.00856917       0.01104781       0.01457924       0.00644328       0.00687921       0.01224189       0.00556177       0.00321485       0.00301204       0.00721226       0.00466096       0.00922231       0.00615446       0.00473479       0.00373096       0.00290264       0.00665774       0.00684138       0.00202033       0.00664795       0.01617079       0.00244269       0.00358585       0.00411748       0.00496529       0.00706084       0.00425485       0.00759196       0.00686915       0.00278526       0.00378618       0.00460886       0.00319193       0.00561016       0.01312162       0.00990823       0.00689984       0.01410162       0.00467171       0.00219251       0.00416852       0.00963721       0.03180136       0.04598740       0.01792961       0.00657715       0.00266293       0.00338180       0.00558998       0.00982964
       0.01126548       0.01556466       0.01566383       0.01089012       0.00871742       0.00529041       0.00682953       0.00876297       0.00586057       0.01713418       0.01685415       0.00530582       0.00651566       0.00333343       0.00820459       0.00825547       0.01087631       0.00953115       0.00676273       0.00445915       0.00439820       0.00915972       0.00737597       0.00602569       0.00994868       0.00724476       0.01413542       0.00570975       0.00591297       0.00748589       0.00570125       0.00447361       0.00668643       0.00493267       0.00976930       0.00554208       0.00510760       0.00868749       0.00393472       0.01730837       0.00724396       0.00585242       0.00895277       0.00960141       0.01242708       0.00466831       0.00589952       0.00510942       0.01300547       0.01322992       0.01627704       0.01944266       0.00822049       0.00468265       0.00783369       0.01222820       0.00885105       0.01407729       0.03493490       0.03380079       0.00734404       0.00470957       0.00502687       0.01277408
       0.00273154       0.00764252       0.00943416       0.01164094       0.00918845       0.00606535       0.00804599       0.00386943       0.00718954       0.01115774       0.01368611       0.02559048       0.01178304       0.01216140       0.00316201       0.00436819       0.02194273       0.00404933       0.00823895       0.00834214       0.00720427       0.00313644       0.00439238       0.00562712       0.00567396       0.01766232       0.00523096       0.00307793       0.00716606       0.00388600       0.00290820       0.00508717       0.00274862       0.00626190       0.00742530       0.00606393       0.00727936       0.00805209       0.00600453       0.00492772       0.00436195       0.00927922       0.00675752       0.01557504       0.00558634       0.00384088       0.00469005       0.00413776       0.00799874       0.00413949       0.01069682       0.01041834       0.00658234       0.00277899       0.00480612       0.01347432       0.00664645       0.01560691       0.00855580       0.03012290       0.01638494       0.00613322       0.00395859       0.00514417
       0.00218867       0.00606787       0.01127869       0.01205261       0.03798752       0.01297367       0.00851116       0.00904340       0.00445825       0.00990355       0.00867902       0.01766169       0.08148340       0.02041498       0.00321794       0.00788583       0.00729721       0.00740884       0.00410587       0.01098700       0.00833599       0.02175936       0.00723181       0.00837722       0.00894821       0.01007953       0.00510305       0.00657702       0.00999642       0.00920534       0.00543535       0.00902730       0.00634175       0.00752582       0.00425238       0.00293814       0.00530576       0.00939278       0.00451437       0.00587763       0.00545501       0.00714146       0.00883473       0.00762790       0.00955457       0.01536978       0.00717894       0.00949550       0.01724012       0.00499010       0.01443449       0.01415302       0.02244161       0.01659850       0.00802802       0.00478238       0.00655148       0.00720334       0.01276168       0.01385044       0.02403585       0.02180118       0.01022043       0.00671802
       0.00199172       0.00874357       0.00738633       0.01278666       0.01030102       0.01786813       0.01242359       0.00666170       0.00455719       0.00628842       0.00433634       0.00655830       0.01503292       0.00831175       0.01362310       0.00740105       0.00683282       0.00270816       0.00979155       0.00353033       0.00296157       0.00609280       0.00754495       0.00902347       0.00203509       0.00281860       0.00827778       0.00346719       0.00796412       0.00525172       0.00517857       0.00718338       0.00428936       0.00558048       0.00370312       0.00499090       0.00434773       0.01797193       0.00829228       0.00746573       0.00452208       0.00376157       0.00540866       0.00499291       0.00636643       0.00910232       0.00658267       0.00330804       0.00256637       0.00472033       0.00750575       0.02809409       0.00928648       0.01818864       0.01816806       0.00450354       0.00354356       0.00362859       0.00463097       0.00923671       0.01250717       0.03301974       0.01107413       0.00581336
       0.00764524       0.00225971       0.00301335       0.01201761       0.01270414       0.01171143       0.02422513       0.01045321       0.00583900       0.00483996       0.00359451       0.00672032       0.00942389       0.00889046       0.00975156       0.00516622       0.00511347       0.00573022       0.00330446       0.00548632       0.00463347       0.00570741       0.00273388       0.00558107       0.00414515       0.00541112       0.00916080       0.00617395       0.00635954       0.00272726       0.00237505       0.00834708       0.00611351       0.00371778       0.00498806       0.00387236       0.00540319       0.00357314       0.00665196       0.00874779       0.00241440       0.00321399       0.00576538       0.00815923       0.00383501       0.01217825       0.01151543       0.00417083       0.00709018       0.00719552       0.00400301       0.01171704       0.00519156       0.02728364       0.03136420       0.00967788       0.00597990       0.00225336       0.00414233       0.00269553       0.01267233       0.02162911       0.04296612       0.01344885
       0.01057055       0.00605503       0.00485126       0.00659610       0.01007970       0.01007757       0.01434229       0.02832146       0.00784197       0.00304776       0.00458193       0.00524279       0.00902872       0.01042681       0.00997375       0.00805286       0.00746839       0.00388288       0.00449130       0.00327655       0.00643066       0.00396776       0.00496310       0.00492324       0.00731878       0.00789235       0.00367898       0.00554271       0.00482668       0.00703672       0.00299475       0.00429424       0.01038386       0.00726990       0.00303052       0.00346666       0.00446843       0.00749760       0.00898709       0.00832200       0.01240860       0.01554705       0.00705570       0.01083458       0.00479743       0.00900320       0.01214549       0.01216081       0.02539846       0.01486203       0.00707580       0.00390814       0.00426213       0.00541513       0.01311687       0.03033459       0.01699896       0.00967563       0.00397816       0.00856921       0.00752235       0.00809988       0.02313299       0.02720585
Gdn                                        = 
       0.47232916      -0.16026354       0.01499417       0.01128718       0.00175744      -0.00348600       0.02140231      -0.14269279      -0.15405445      -0.01725904       0.02597079      -0.00085467      -0.00246503      -0.00889126       0.03002559      -0.01191118       0.05539485       0.02830442      -0.00367379      -0.00435472       0.00293250      -0.00931878       0.01126197       0.05458843       0.00055131      -0.01477565      -0.00605466      -0.00740216       0.01346077      -0.00013666      -0.00792204      -0.00171756       0.00475728      -0.00479400       0.00749589      -0.00730690       0.00319796       0.00432064      -0.00988249      -0.01050807       0.01013058       0.00224975      -0.00206532      -0.00820193       0.00615219      -0.00180377      -0.00615588       0.00313194      -0.00013166       0.03004969      -0.00265667      -0.00700239       0.00268235      -0.02869312       0.00065029       0.02925933      -0.14191142       0.00779507       0.01465482       0.00001503       0.00095439      -0.00067917       0.04272337       0.00459343
      -0.18547209       0.48299181      -0.17173390      -0.00059908       0.01670284       0.00314233       0.00070192      -0.01475681      -0.00578917      -0.15816688      -0.01603064       0.02604913       0.01193286      -0.01121440      -0.00951815       0.04628846       0.02889504      -0.00314682       0.03436586      -0.00189755       0.00114672      -0.00034226      -0.01892547      -0.01752007       0.00256088       0.00396164       0.00560555      -0.00274853       0.00551270       0.00305752      -0.00392890      -0.01193751      -0.00544240       0.00055234      -0.00382405       0.00018064       0.00426747       0.00253224       0.02805080       0.00399251      -0.01714662       0.00524350      -0.00051373      -0.01564062      -0.00373729       0.00018856       0.00325350      -0.02326501       0.04306110       0.01746461       0.04027654       0.00183722      -0.00503139      -0.00379845      -0.00855660       0.00204740       0.00995753      -0.24251073      -0.01198911       0.02908029      -0.00075088      -0.00733879       0.00373754       0.04466665
      -0.01009094      -0.19510610       0.48078480      -0.16869605       0.00615392      -0.00895087       0.01056483       0.00122349       0.05728934      -0.01919520      -0.15858631       0.00804342       0.03574075       0.00115878       0.00430410      -0.00547553       0.01367656       0.02124236      -0.01158400       0.02825316       0.00902080      -0.01404653      -0.01113123      -0.01610919      -0.01771727       0.00199893       0.00637771      -0.00185108      -0.00239815      -0.00424439       0.00297666       0.00079487       0.00111237      -0.00826404       0.01376416      -0.00282582      -0.00359840      -0.01274183       0.00381160       0.02236123      -0.00946082      -0.00712119      -0.00461806       0.00047269      -0.00481233       0.00068619       0.01263765      -0.01264379       0.00199213       0.01743892      -0.00998139       0.02602295       0.03078300      -0.00395769      -0.00930135      -0.03731260       0.02698261      -0.00990539      -0.16241723      -0.00614054       0.03221354      -0.00524354      -0.01065885       0.00908252
       0.00525081       0.00852570      -0.15179658       0.49419929      -0.14050686      -0.00627154       0.01332687       0.00304402      -0.00743239       0.03409037       0.03110224      -0.22116798      -0.00242443       0.03296011       0.01068133      -0.00089365      -0.01662641      -0.00422567       0.04691203       0.01030930       0.04794970       0.00810961      -0.00762093       0.00130661      -0.00409707      -0.01406689       0.00790015      -0.00013415      -0.01459348      -0.01242603      -0.00292905       0.00615911       0.00760851      -0.00586140      -0.00720414       0.00398359      -0.00064807       0.01636627       0.00358336      -0.00104067       0.00247212      -0.00594903      -0.00079568      -0.01140746       0.00007356      -0.00261903      -0.00929674       0.00238531      -0.01880915       0.01635832       0.04679036       0.01469425       0.02873737       0.00177077      -0.00775057      -0.00101436       0.01181543       0.04863548      -0.00148441      -0.15556493      -0.00976859       0.02883437       0.00971289      -0.00688354
       0.00511274      -0.00972856      -0.01947284      -0.16137581       0.50379892      -0.14163644      -0.01511894      -0.00136124       0.00748752       0.00319557       0.03105133       0.01271737      -0.15296941       0.04247823       0.03063655       0.00284551      -0.00666418      -0.01391921      -0.00014009       0.03239852      -0.00110098       0.02240137      -0.00267972      -0.00772392       0.00300700       0.02281721      -0.00963553       0.01033941      -0.00163164      -0.00379618      -0.01576225      -0.00092953      -0.00536562       0.00876708       0.00341965       0.01195335       0.00945270       0.00040522       0.00913447       0.01295141       0.01037060      -0.00341717      -0.01645922      -0.00784133      -0.00227831       0.00333124      -0.00922129       0.01417553      -0.01012446      -0.02019341      -0.00627247       0.03741662      -0.00996912       0.05494947       0.00337504      -0.00749613      -0.00669535      -0.00588798       0.04052311      -0.00960573      -0.19906108       0.00098329       0.03084238      -0.00100132
      -0.00640949       0.00177218       0.00433217       0.02504428      -0.20100860       0.48649414      -0.14577832       0.00006328       0.00242481      -0.00506454       0.00135306       0.05559500      -0.01511969      -0.16696391      -0.01135319       0.03293953      -0.01891001      -0.00330419      -0.02023029       0.00294060       0.04415806      -0.01057205       0.02263689      -0.00870325      -0.00260416       0.00133743      -0.00005801      -0.01597323      -0.01748936      -0.00004964       0.00179255      -0.00701951      -0.00065553      -0.00291517       0.01650371      -0.01064355       0.00189042      -0.00679274      -0.01185714       0.00387795      -0.00581783       0.00715498       0.00472894      -0.00714448      -0.00856134       0.00456914       0.00161660      -0.02597442       0.00091137       0.00425068      -0.02199335      -0.00755582       0.03285592       0.00167256       0.02286713      -0.00164648      -0.01089788      -0.00679891      -0.00012093       0.03123576      -0.00259926      -0.16184021       0.01564423       0.04053555
       0.00607444       0.00858433       0.00305500      -0.00201116       0.01511644      -0.13790809       0.49319483      -0.18002674       0.02157820      -0.00484279       0.00075213      -0.02390742       0.03362527       0.03269898      -0.14895908       0.00913216       0.00743851      -0.01395442       0.00758783      -0.00519145       0.00440574       0.02262985      -0.00067610       0.03389766      -0.00588048      -0.00598184       0.00535241       0.00235867      -0.00265118       0.00082568      -0.00431759       0.00107245       0.00110102       0.00260226       0.00407610       0.00241019      -0.00640620      -0.02285851       0.01372422       0.00591391      -0.01379569       0.00715614       0.00769098      -0.00153052      -0.00600319      -0.01009147       0.00475991      -0.01133199      -0.00433797      -0.00915213      -0.00501831      -0.02462533       0.02031740       0.04506778       0.01084713       0.03184596       0.02255328       0.00123390      -0.00579790       0.00928566       0.03070026      -0.01426169      -0.19459944       0.00099813
      -0.19476533       0.01962815       0.00295842      -0.00217058       0.00243957       0.00005978      -0.20710749       0.45874198      -0.00020796       0.02500009      -0.00355479      -0.00525149      -0.01016624       0.07172550       0.00027713      -0.18086881       0.05112015       0.00749275      -0.00576946       0.00659566      -0.02273253      -0.00297395       0.04885790       0.01670972      -0.00229210      -0.01548274      -0.00063247       0.01299102       0.00302256      -0.00683926       0.00071550       0.00022561       0.00198100       0.00082180      -0.00720967      -0.00202117      -0.00053803      -0.00402438      -0.00882851       0.00104603      -0.00029383      -0.01728615      -0.00395251       0.01645600       0.00574684      -0.01752415       0.01641951       0.00949907       0.02637469       0.00718652      -0.02802919      -0.00382430      -0.01191627       0.00287967       0.04790996      -0.01296611      -0.01371013       0.03459711      -0.00079627      -0.00262128       0.01179832       0.03606889       0.00740014      -0.19067930
      -0.16445057      -0.00571480       0.04236100       0.00878548      -0.01419913       0.01045755       0.06316927       0.01474000       0.45022700      -0.17991566      -0.00951391       0.00378036      -0.01119341      -0.00166289       0.01650369      -0.17447676      -0.22473810      -0.00572009       0.02935627      -0.00954438       0.00296405       0.00020923       0.02864127       0.01242485      -0.03245945       0.02602227      -0.00652331      -0.01400707      -0.01094412      -0.00511711       0.00828492       0.05477763      -0.00309345       0.00109280      -0.00292956       0.00212207       0.00179718       0.00187355      -0.03704248      -0.00071089       0.00456766       0.00002217       0.00774621       0.00792639      -0.00367755       0.00347352      -0.01185297       0.00270545       0.01064141      -0.00325548      -0.00904995      -0.00998821       0.00417303       0.00967727      -0.00980071      -0.00263469       0.01597600       0.03534693       0.00055984      -0.01427793      -0.00504990      -0.01731555      -0.00202142       0.02006149
       0.02061390      -0.19242484       0.01215782       0.02348499      -0.01177191      -0.00399322      -0.01728881       0.02930971      -0.17328983       0.58058988      -0.15766648       0.01074011       0.00622900       0.00217402       0.01671820      -0.00974257      -0.00117067      -0.13903100       0.00504203       0.03309126      -0.00370398      -0.00192536       0.00553137       0.04365653       0.03381764       0.01888371       0.02476732       0.01083189      -0.00526270       0.00278776      -0.04663577       0.00663342      -0.00746174       0.01669934      -0.02056010       0.00370893       0.00646786       0.01687977       0.00219340      -0.01767564      -0.00249307       0.01159704       0.00019436      -0.00679674      -0.00274198       0.00020735       0.01550211       0.00986910      -0.01480785      -0.00491705       0.00228958      -0.02893342      -0.00437159       0.01081523       0.00570849      -0.01368442       0.03171409      -0.01718215       0.04264563       0.00950855      -0.00807290       0.01077905      -0.00869934      -0.01471620
       0.03528916       0.02085367      -0.14842634       0.01636356       0.01370755       0.00105266      -0.01321040       0.00008850       0.00854311      -0.15494173       0.51877142      -0.12397415      -0.00483260       0.01170821      -0.00863171       0.01034189       0.03619248      -0.00660936      -0.15996990       0.00667816       0.02330482      -0.00106534      -0.00591666       0.00797922       0.00886246       0.04950209      -0.00074162       0.01885462       0.00254049      -0.00480965      -0.00865840      -0.01086926      -0.01471739       0.00670708      -0.00131339       0.00298984      -0.00988999      -0.00703373       0.00868131       0.00212694       0.01207562      -0.00724223      -0.00560084      -0.00004863       0.00145023      -0.00101386       0.00494446       0.01262610      -0.01472399      -0.00592498       0.00876236       0.00124415      -0.01439398       0.00200326       0.00917003       0.00346896      -0.00781868       0.02851739       0.03031173       0.03801821      -0.00508833       0.00005365      -0.00120201      -0.01585716
       0.00532693       0.06558791      -0.00600667      -0.17891739       0.00020133       0.02425353      -0.00304272      -0.00326258      -0.01043563      -0.00730407      -0.19865509       0.46927280      -0.18056497       0.00496714       0.00807275      -0.00589302      -0.00205333       0.03220372      -0.00823444      -0.17604411       0.02270614       0.02471643       0.00453732       0.00235740      -0.00895857      -0.00971482       0.03841579      -0.01638433       0.02598940       0.00053957       0.00648317       0.00697226      -0.00972759      -0.03050146      -0.00401819      -0.00376947      -0.00237256      -0.00295547       0.00246577      -0.00655573       0.00698959       0.01369776       0.00584992      -0.00341182      -0.00902069      -0.00319032       0.00052794      -0.01087651      -0.01671643       0.00298189       0.00271162      -0.00142539      -0.02787234      -0.01625923       0.01368608       0.02201209      -0.02261293       0.01584316       0.03960087       0.02691550       0.01174668      -0.00010291      -0.01547185      -0.00105668
       0.00406531      -0.01123588       0.04058504      -0.00575512      -0.14507845      -0.00710616       0.03424432       0.00807363       0.00885540       0.01035237       0.02378281      -0.15612472       0.54111671      -0.17337189      -0.02612138      -0.00387429      -0.00266491       0.00462483       0.03003535       0.00760700      -0.20399213       0.02350638       0.04178651      -0.01391241       0.00412383      -0.01659212       0.00470168       0.06410790       0.02725739       0.02703666      -0.00298364      -0.01658698       0.00962063       0.00149009      -0.01175722       0.00824998       0.00393122      -0.00221055      -0.02244645      -0.00198880      -0.00314312       0.01192357       0.00521395       0.00775184       0.00339604      -0.00407785      -0.00208161       0.01796162      -0.00406484       0.00114619      -0.00430627      -0.01103078      -0.01038729       0.00100588      -0.01007416      -0.00450963       0.00119140      -0.02294324       0.01513140       0.03122219       0.06818528       0.03575465       0.00750945      -0.00549669
      -0.00400749       0.00220976       0.00995511       0.05117449      -0.00569726      -0.15897859      -0.01038610       0.03643163      -0.00143213      -0.00585542      -0.00004858      -0.00918102      -0.17277605       0.44770783      -0.14760001       0.02163631      -0.00024447      -0.00335307      -0.00281063       0.02883279      -0.01443187      -0.16645892       0.00763832       0.02086018      -0.00404902       0.00424420      -0.02047695      -0.00013631       0.04315206       0.00106807       0.01944226      -0.00802054       0.00980063       0.00859925       0.00080894      -0.01707635       0.00252550      -0.00324146       0.00199266      -0.00140286      -0.00753101      -0.00734901       0.01522441       0.00067979      -0.00392625       0.00257770      -0.00183041       0.00187193      -0.00049399       0.01889796      -0.00133168      -0.00487573       0.01671745      -0.00254452      -0.00341533      -0.00265245       0.00299920       0.01467960      -0.01497820       0.00557859       0.01571519       0.01950831       0.03980108       0.01003681
       0.03224341      -0.02359668      -0.00325909      -0.00457652       0.02824966      -0.00577670      -0.14894896       0.00636937       0.00177039      -0.00206270      -0.00096714       0.00580228       0.01245937      -0.17947665       0.52860676      -0.13180842       0.02305241       0.00041980       0.00402513      -0.00486136       0.04257568       0.01776558      -0.15199340      -0.01105655      -0.00041912      -0.00801912      -0.00392688      -0.01494876      -0.01166151       0.03549260      -0.01141158       0.03654988      -0.02525151       0.00173270       0.00717602       0.00672551      -0.01473435       0.00450116       0.00327158       0.00928586      -0.01411205      -0.00030493      -0.00812667      -0.00363825      -0.00921210      -0.00488061      -0.00185470       0.00182462      -0.00477714      -0.00789014       0.00973343       0.00734680      -0.00071865       0.00187181      -0.00747314      -0.00035991       0.00504748      -0.00755480       0.00142606      -0.01354168       0.00548749       0.03984620       0.00521055       0.02870184
       0.01086070       0.03730784      -0.01099287      -0.00361126      -0.00429289       0.04786027      -0.01695990      -0.16501268      -0.13042217       0.01930173      -0.00250842       0.00400632      -0.00164020      -0.01618458      -0.16622584       0.49749887      -0.02507780       0.02665803       0.00201253       0.00645154       0.00651381       0.02614505      -0.03117859      -0.17036029       0.03755485       0.01971359      -0.00583341      -0.00201925      -0.02066219      -0.00516739       0.03327970      -0.00297672      -0.00715523      -0.00679032       0.00382829       0.00457702      -0.00306190      -0.00825578       0.00734413       0.00635058      -0.00227848      -0.00333887       0.00724398       0.00198400       0.00908185       0.00399315      -0.01387931      -0.00508239       0.01200346      -0.02340535       0.01332544       0.00724556      -0.00585747      -0.00504281      -0.00937092       0.00173906       0.03817533      -0.01240725      -0.00214795      -0.00214773      -0.01967094       0.01241856       0.02783142       0.00487799
      -0.01770928       0.02891150      -0.00397678      -0.01248340       0.01426197      -0.01171432       0.01037871       0.02780987      -0.21338038       0.00381449       0.03014338      -0.00191216      -0.00702601      -0.00157754       0.02003112       0.02487071       0.52039454      -0.16535985      -0.00154130      -0.00102709       0.00286097       0.01019222      -0.01551232      -0.17283927      -0.13557776      -0.00885696       0.03756755      -0.00420723      -0.00003716       0.00089210       0.05847292       0.01041780       0.01139275       0.01867198       0.00142266      -0.01197500      -0.00569589      -0.02126876      -0.00694150       0.03470096      -0.00498238      -0.00417444      -0.00982842       0.00206967       0.00848139       0.00132423      -0.01143559      -0.01383642      -0.00153361       0.00405928       0.00314150       0.01522990       0.00549628       0.00730565       0.00233596      -0.00137581       0.00305465      -0.00655272      -0.01538309       0.01409141       0.01435790      -0.00634282      -0.00113092       0.01116922
       0.04108107       0.00322221       0.02530073      -0.00714222       0.00215016       0.00154121      -0.02200550       0.00128418      -0.03287007      -0.13923376      -0.01655585       0.01488646       0.00421225      -0.00092762       0.00872333       0.02283586      -0.19792918       0.50889421      -0.13703822       0.01796934      -0.00117686       0.00275871       0.01209668       0.00174926      -0.00821493      -0.18256901      -0.00797601       0.02247597       0.00111661      -0.01417357      -0.00746102       0.03829833       0.03367793      -0.01985683       0.03549958       0.00423880      -0.00234330       0.00213657      -0.01512320      -0.00810190      -0.00858793       0.00022875      -0.00497684      -0.01467356      -0.00589934       0.00367260      -0.00378667      -0.01979540      -0.01090604      -0.00191974      -0.00503197       0.01078649      -0.00064835       0.00313820       0.00349619       0.00558361       0.00462032      -0.00048356      -0.01114892      -0.01111725       0.00354870       0.00498865      -0.01147136      -0.00703570
      -0.00242120       0.03005676       0.00671808       0.04835001      -0.00000676      -0.00929892      -0.00912155      -0.00450769       0.04381963      -0.01928904      -0.17983462      -0.00334482       0.02328882       0.00999913      -0.00295314       0.00303556       0.00092511      -0.18408102       0.48148145      -0.13036598      -0.02291182       0.01103568       0.00806827      -0.00422349       0.05218578       0.03147412      -0.17360977       0.00481918       0.02983234       0.00536231      -0.00054103      -0.01076049       0.00562948       0.04620614       0.01032984       0.02137323      -0.00338688      -0.00230295      -0.00185086      -0.03028979      -0.01408481      -0.00515216      -0.00265455      -0.02199760      -0.00940597       0.00152637      -0.00575102       0.00779124       0.00169094      -0.02156749       0.00855613      -0.00054842      -0.00414793       0.00025418      -0.00637366       0.01523402      -0.01068778      -0.01627573      -0.00248631       0.00339465      -0.00856921      -0.00801158       0.00766549       0.00473838
      -0.03700911      -0.00312257       0.03530838      -0.00343119       0.03301639       0.00740163      -0.01151471      -0.00714809       0.01040192       0.03244323      -0.00453508      -0.16686386      -0.01378053       0.03358847       0.00351980       0.00027199      -0.00558008      -0.02825569      -0.21026750       0.54568987      -0.15329855       0.00717218       0.00336080       0.00926838       0.00580763       0.05896795      -0.03383933      -0.17114612       0.00823474       0.02237174      -0.01197732      -0.00038003      -0.01470311       0.01490812       0.04550285      -0.02284568       0.02173717      -0.00091514      -0.00264996      -0.00762718      -0.00174870      -0.02338139       0.00009293      -0.00290770      -0.00557884      -0.00466190       0.00360391       0.01896962       0.01457072      -0.01231058      -0.00960928       0.00316244       0.00139722      -0.01154079      -0.00922352       0.00340809      -0.01181674      -0.00736546       0.00403511       0.00742876      -0.00031625      -0.00506413      -0.00382818       0.00994409
       0.00071770      -0.01789558       0.00049965       0.02536338       0.02117012       0.02725013       0.01022555      -0.00979174      -0.00016641       0.00203931       0.04943377       0.01380263      -0.19041387      -0.00612029       0.02653771      -0.00617176       0.01399980      -0.00290346       0.02533440      -0.19797979       0.48318650      -0.14556347       0.00000282       0.00878583      -0.00548222      -0.00004196       0.04665860      -0.02222515      -0.20379159      -0.00817554       0.02239025      -0.00879892      -0.00365511      -0.02425662      -0.00186656       0.04942585      -0.02052380       0.03556858       0.00480397       0.00402855       0.01010231       0.00180079      -0.01141300      -0.00845513      -0.00100480      -0.00260437      -0.01322494      -0.01021194       0.00340402       0.01202872      -0.00137042      -0.01169898      -0.00013810      -0.00760483      -0.00044406       0.00066572       0.00452133       0.00700724      -0.01399691      -0.01218508       0.01111212      -0.00395665      -0.01344836      -0.00944528
      -0.00230856       0.00119985      -0.01394759      -0.00630019       0.04937845       0.01056978       0.02918075       0.00175159       0.00082023      -0.00695549      -0.00569990       0.01081415      -0.01035127      -0.17893566       0.02119960       0.02267354       0.00697809       0.00349782       0.01949601      -0.01476266      -0.17728585       0.50554632      -0.13485311      -0.01330939      -0.00035571      -0.02336478       0.01048958       0.03100617       0.03076647      -0.16551338       0.00098084       0.02806087      -0.00788066      -0.00232247      -0.01090890      -0.01003383       0.05196760       0.01113802       0.02697104      -0.00737639       0.00737365       0.01958502      -0.00508357      -0.01807680       0.00149737       0.00203364      -0.00581138      -0.02883673       0.00179263       0.00828542       0.00579120       0.00477838      -0.00503325       0.00005517      -0.00108355       0.00189703      -0.00445519       0.00577817      -0.00753175      -0.00315823      -0.01448198       0.00021473      -0.00679638      -0.00986271
      -0.00756099      -0.00552144      -0.00425517      -0.01058331      -0.00107071       0.02849051       0.00386013       0.02509917       0.01241689      -0.00010205      -0.00615189       0.00187840       0.03524509      -0.00886769      -0.14349064       0.00013338      -0.00025052       0.00517413      -0.00029966      -0.00424535      -0.00939038      -0.16924827       0.52588563      -0.12267650       0.02216602      -0.00870808      -0.00181389       0.00582522       0.04322129      -0.00123341      -0.14769261       0.01964575      -0.01185742      -0.00938821      -0.00288518      -0.01048204       0.01136968       0.02595041      -0.00658533       0.01793348      -0.01312668       0.00365305      -0.00000052      -0.00359041      -0.00918092      -0.00555538       0.00240042      -0.00024638      -0.00706224      -0.00119798       0.00201365       0.00039589      -0.01388905      -0.00377138       0.00479666      -0.00697983      -0.00975731      -0.00306360       0.00661715       0.00286280      -0.00763273      -0.00824805       0.00034451      -0.00322181
       0.04373693       0.00790832      -0.01356860       0.00253389       0.00015553       0.01105836       0.04037085       0.00517663      -0.00900700       0.02416257       0.00191400      -0.00715723       0.01810249       0.02405984      -0.00734838      -0.17609056      -0.18025915       0.01899709       0.00980844      -0.01938109      -0.00060080      -0.00815317      -0.18743942       0.49499345       0.00683689       0.03782985      -0.00311199      -0.00122157       0.02269805       0.04128392       0.01369847      -0.18339184       0.06558576      -0.00075318      -0.00908514      -0.00085302      -0.00926057      -0.00373099       0.03660376       0.02050437       0.01182858      -0.00825468      -0.00112130       0.00301540      -0.01210185      -0.00760409      -0.00155050       0.00016475      -0.00344387       0.00688409       0.00608271       0.00754999       0.01714570       0.01307414       0.00069926      -0.00520396       0.01304897      -0.00945215      -0.01057941      -0.00223666      -0.01225813      -0.00639149       0.00060531       0.00410668
       0.02129648      -0.00544388      -0.01114826      -0.01191701       0.01023516      -0.00548886      -0.00489060       0.05974749      -0.01622648       0.03493859       0.00174834      -0.00181430      -0.00683483      -0.01653880      -0.00450240       0.05005331      -0.20074220      -0.00089252       0.02363025       0.00155315      -0.00208387       0.00934570       0.03790049       0.00562394       0.49596497      -0.17356297      -0.00608825      -0.00205475      -0.00657805       0.00026626      -0.01727193      -0.17542280      -0.18987364      -0.00043966       0.02833616       0.00418399      -0.00478460      -0.00826473       0.05681443       0.01058757      -0.00964405       0.03549181      -0.00745434      -0.00729171       0.00791909      -0.01333601      -0.00186421       0.05418524      -0.00902315       0.00566127      -0.00758464      -0.00782173       0.01761050      -0.00540657      -0.01643379      -0.00580763      -0.00884866       0.00277435       0.01567212       0.00552914       0.01884421       0.01179028       0.00075469       0.00552667
      -0.01877219       0.00545185       0.00940316      -0.01299635      -0.01345571       0.00495599      -0.00557703      -0.03029415       0.09462834       0.00925367       0.04161807       0.00101700      -0.01310100       0.00474728      -0.02121787       0.01152851      -0.02845123      -0.18960662      -0.01147102       0.03348391       0.01544377      -0.01672970      -0.01524839       0.03465056      -0.19120983       0.48698717      -0.17509931       0.00875669       0.00013467       0.00789736       0.00878323       0.01996065       0.00298713      -0.17199611       0.01163563       0.03200039      -0.01078156      -0.00912899      -0.00154172       0.04390853       0.03022748       0.00585566       0.04726411       0.01251488       0.00373742       0.00000863      -0.00025640      -0.00720345       0.01257426       0.00911437      -0.00532897      -0.02322381      -0.00048749       0.00967204       0.00579698      -0.01044468      -0.00474479      -0.00815479      -0.00515156      -0.02948271      -0.00949934      -0.00111353       0.00475065       0.00462017
      -0.01084182       0.00431743      -0.00678487       0.00858724       0.00385401       0.00778341       0.04170920      -0.00814059       0.00419474       0.02967869      -0.00092898       0.03716609       0.02076096      -0.03246648      -0.01045737      -0.03760974       0.07466340       0.01903544      -0.17725216      -0.02643420       0.01966989      -0.00091596       0.00067153       0.00386584      -0.01270351      -0.23964921       0.52039048      -0.18496054      -0.02898719       0.01777922       0.00774949      -0.01488630       0.04159502      -0.00681242      -0.16330117      -0.03421516       0.03833323       0.00466365      -0.00981716       0.01264287       0.02344189       0.05273981      -0.00578066       0.03432478       0.04135854      -0.01916588      -0.03564687       0.00024717      -0.01549384       0.01616363       0.00155636      -0.00049729      -0.01095740       0.01282895       0.01123908      -0.00508033      -0.00853698      -0.00676133      -0.01117981      -0.00421648      -0.01058836       0.00842398       0.01312955       0.00705546
       0.00102317      -0.00948471      -0.00095056      -0.00120043       0.00130024      -0.01069689      -0.00366280       0.00062520      -0.01952557       0.00134850       0.02534023       0.00759320       0.03009375      -0.00766439      -0.00921053       0.00263594      -0.01163950       0.05532548      -0.04681402      -0.13519652      -0.00185426       0.02243949      -0.00332636      -0.00977544      -0.00552177       0.00522277      -0.18456101       0.53301229      -0.13667481       0.00946089       0.01733781       0.00814121      -0.01188236       0.04321037      -0.00450230      -0.14230340       0.05197593       0.03779519       0.00018974      -0.01011888       0.00049542      -0.00216875       0.03143259       0.00650411       0.02058187      -0.01168426      -0.00703863       0.00646193      -0.00216319      -0.01388756      -0.00798385       0.00278620       0.00531205      -0.00465090       0.00075584      -0.00218893       0.01330903       0.00198778       0.00487953       0.00516653      -0.00588568       0.00159857      -0.00185042      -0.00531697
       0.01447198       0.01211398      -0.01055091       0.00322612      -0.00242836      -0.00845315      -0.02394119       0.00508344      -0.00317762      -0.00371495      -0.01169824       0.01554378      -0.02200947       0.04247426      -0.00513323       0.00092585      -0.01457748       0.00136525       0.02960128       0.02314949      -0.14623218      -0.00617273       0.02107739      -0.00285666      -0.00168798       0.00217688       0.00184670      -0.15218139       0.45830622      -0.15400716       0.01676230       0.00111703       0.00429936      -0.00029529       0.01641436       0.01879533      -0.16299286      -0.00548457       0.03081930       0.00028577      -0.01082292      -0.00965052       0.00129372       0.03412773      -0.00236027       0.03184294      -0.00132205      -0.03926716       0.01308357       0.00407223      -0.01050587      -0.00032161      -0.01631028       0.00229682      -0.00454658       0.00162439       0.00813945       0.00502447       0.00050652       0.00564119      -0.00193569      -0.01087723       0.00352105       0.00928646
       0.00405875       0.00009019       0.00582206      -0.00997338      -0.00107882      -0.00617168       0.00069761      -0.00536036      -0.00967882      -0.00679627      -0.02861745       0.00567539       0.06239264      -0.01096716       0.06160544       0.00472043      -0.01312997      -0.00033386      -0.00027397       0.04208405       0.02047183      -0.17640061      -0.01772018       0.02060710       0.00168406       0.00316991      -0.00409562      -0.00401255      -0.19153661       0.49562655      -0.15725519      -0.00900969       0.00807925       0.00063539       0.00012130       0.04458897      -0.03411958      -0.16524459       0.00430548       0.03884732      -0.01394640      -0.01324870      -0.01645355       0.00719612       0.03819514      -0.00081654       0.03013416       0.00133861       0.00150334       0.00745409      -0.01465857      -0.01645408       0.00532041       0.00382667       0.00945647      -0.00952303       0.00682234      -0.00428071       0.00017643      -0.00565550      -0.00393144      -0.00027948       0.00105115       0.00440121
      -0.00941737      -0.00079511       0.00516362       0.00536176      -0.00509716      -0.01325403       0.00249399      -0.00319956      -0.00705362      -0.00534031      -0.00128743       0.00174273      -0.00356777       0.03464643      -0.00076094       0.03180752       0.03199399      -0.00598926      -0.01175335       0.00193830       0.03998048       0.01704780      -0.18572979      -0.01119557       0.00567435       0.00152887       0.00040847       0.00556953      -0.02248866      -0.14777620       0.44750770      -0.13173933       0.02154664       0.00398115       0.00366304       0.00253228       0.02526837       0.01938515      -0.16245606      -0.02126158       0.00051027      -0.00723497      -0.00120240      -0.02403076       0.00150793       0.03733455       0.00510359       0.03875177      -0.00938804      -0.00159335       0.00738886      -0.00248780      -0.00787132      -0.01112376      -0.00751664      -0.00112305      -0.00438638       0.00081102       0.00218234       0.00571582       0.01350467      -0.00580156       0.00832822      -0.00495580
      -0.02166918      -0.01855605       0.00017450      -0.00054224       0.00645486      -0.00792396      -0.01412141      -0.02544813       0.04760621       0.00337325      -0.01449838      -0.02092273      -0.01192231       0.00865496       0.01822457       0.00214654       0.03997507       0.03556015       0.00445803      -0.00563669       0.00347711       0.04069874       0.02430498      -0.15514250      -0.17155173       0.00659978       0.01977251       0.00025596       0.00950086      -0.04842513      -0.22213086       0.46529311      -0.01478515       0.03099792       0.00318196      -0.00354454       0.00026965       0.03440424      -0.01326996      -0.18241648       0.06085232       0.00064069      -0.01377532       0.00539498      -0.01573723       0.00520564       0.05477915       0.02885632       0.00817085      -0.01727223       0.00237402       0.00862840       0.00625173      -0.01417944      -0.01074582      -0.00251548      -0.01848008       0.00548873       0.01064420      -0.00323807      -0.00075896       0.00116365      -0.00111807      -0.00762256
       0.00202670       0.00003748       0.00528464       0.01071745      -0.01386979       0.00328537       0.00147045      -0.00289526       0.00145851       0.00087519      -0.00869645      -0.00211197       0.00845318      -0.00284594      -0.00366686      -0.00238384      -0.00631182       0.03572243      -0.00785460      -0.00939985      -0.00378363      -0.01090229       0.00785163       0.04332815      -0.14887651       0.00763314       0.02977029       0.00331217       0.00114589      -0.00300263       0.03935167      -0.00295732       0.52271060      -0.14327003      -0.01267876      -0.00440196       0.00212433       0.01620422       0.00101605      -0.16864966      -0.15985333       0.01162842       0.01396473       0.00556842      -0.00868306       0.00123113       0.00812834      -0.00132264      -0.00298499       0.03333506      -0.02658363      -0.00617998      -0.00511390      -0.00074730      -0.00375047       0.03490608       0.00519272      -0.00346444      -0.01030963       0.00465342      -0.00397803       0.00518889      -0.00800448       0.00577076
       0.02434999      -0.00019217      -0.01175594      -0.01609421      -0.00295247      -0.00097654      -0.01284532       0.00168293       0.01800585       0.01214690       0.00585554      -0.00829109       0.00230038       0.01763430       0.00722001      -0.00880327       0.04095866       0.00329322       0.03650211       0.00045150      -0.00304689       0.01467993      -0.02440989      -0.02320631       0.00523194      -0.16517368       0.00679057       0.03612343       0.00347757      -0.00181882      -0.01140026       0.03972166      -0.17842588       0.50472566      -0.13629179       0.00299925       0.00143103       0.00136906       0.01062267       0.01293528       0.02237016      -0.15708430      -0.00419899       0.03648069      -0.00849205      -0.01678799       0.00138701       0.04360788       0.02343145      -0.02322198       0.03004195       0.00558734      -0.01596629       0.00396146      -0.01038811      -0.00737521      -0.00086162      -0.00459035       0.00708212      -0.01381616      -0.00369469       0.00063225      -0.00339962      -0.01571827
       0.00725348      -0.00499636      -0.01004529       0.00263496       0.02130833       0.00643535      -0.00256912       0.00849660      -0.03256701      -0.00200522      -0.00038953      -0.00752801      -0.01046274      -0.00595149       0.01525120      -0.00827176       0.01044065       0.03681705       0.00629682       0.02259219       0.00103852      -0.01162783       0.00446205       0.00550620       0.05161558       0.00285703      -0.16311043      -0.02593224       0.05060433      -0.01089045      -0.01505555      -0.00478701      -0.00109502      -0.16509961       0.50008615      -0.18122374      -0.00670336      -0.00200074      -0.00366816       0.00554013       0.01476463       0.00970290      -0.17664005      -0.00311986       0.03191113       0.00538362       0.00421886      -0.00797069       0.00337336       0.03379133       0.00448134       0.03166133       0.00292265      -0.01368845       0.00250992      -0.00414325      -0.00392285       0.00667922       0.00005472       0.01206037      -0.00124605      -0.00297294       0.00510267      -0.00101043
       0.01407511       0.00757021      -0.00892236       0.00203305       0.00663335       0.00596612      -0.00003990      -0.00233930       0.00359000      -0.00512980      -0.00985925       0.00162561      -0.00005636      -0.00240995       0.01486747      -0.00436145      -0.02747449      -0.00242739       0.03347816       0.00716759       0.01804918      -0.00078358      -0.00419686      -0.00749810      -0.00330000       0.02121519      -0.00164671      -0.15009864      -0.00712424       0.02403297      -0.00619454       0.00112075      -0.00393121       0.01043063      -0.16249882       0.50649873      -0.16442488      -0.01430312      -0.00191730      -0.00351850      -0.00472290       0.05593537       0.00330840      -0.16878023       0.01400508       0.03802778       0.01154144      -0.00733464      -0.02071202      -0.00219972       0.03570517      -0.00614494       0.02843718      -0.01432118      -0.00323628       0.00227166      -0.00136172      -0.01112652      -0.00361950       0.00963918       0.00128207      -0.01341070       0.00352739       0.00724322
      -0.01859609       0.00365569      -0.00381841      -0.00280370      -0.00639255      -0.00097274       0.01412055       0.00652653       0.00788696      -0.00718518      -0.01304479       0.00467344       0.00248931      -0.00290495      -0.02427091       0.00466048       0.01356360      -0.00717670       0.02095182       0.01786706       0.01435548       0.03191924      -0.01354966      -0.00241326       0.00149408      -0.00363029       0.03833213      -0.03887950      -0.14581633       0.00675875       0.03977156      -0.00689572      -0.01032308      -0.00444981       0.00719928      -0.17063077       0.56270708      -0.15736839       0.00259535      -0.00257312      -0.00761674      -0.00338182       0.02570674      -0.03429722      -0.15650466       0.02708384       0.02883594       0.00388202       0.01176777      -0.01784132       0.02801909       0.05012626      -0.00513996       0.03337476      -0.01623551      -0.01039371      -0.00098550       0.00212053      -0.01265175      -0.00103978       0.00529165      -0.00572678      -0.00966735      -0.00018644
      -0.01005144      -0.00635930       0.01467059      -0.00390547      -0.00233347       0.00238645       0.00013817      -0.00029831       0.00301150       0.00163563       0.01409409      -0.00499235       0.00666308       0.00047177      -0.00754301      -0.01004968       0.00264161      -0.00272981      -0.01455472      -0.00526176       0.04541407      -0.01223628       0.03714188       0.00614680       0.00500743       0.00656112       0.00140322       0.04973412       0.01527968      -0.18476840      -0.00430699       0.02608108       0.01046779       0.00149713      -0.00194819      -0.00962991      -0.17967187       0.45992105      -0.16171258      -0.00865389       0.00734853      -0.00114071       0.00919896       0.05673816       0.01002440      -0.19575110      -0.00134387       0.05351973       0.00809549      -0.00900356      -0.01677190       0.01063901       0.06378473      -0.00169496       0.04204548       0.00765706      -0.00100022       0.00754886       0.00121963      -0.02778243       0.00162284       0.02347426      -0.00989322      -0.01388785
      -0.00304402       0.00267977       0.00952892       0.01337408      -0.01108858      -0.00249311       0.00057805      -0.00191830      -0.01097239      -0.00583184       0.01147139       0.00550189      -0.02141192      -0.00158348      -0.00735580       0.01088161      -0.01129575      -0.02141442      -0.00919025      -0.00907999       0.01084453       0.03579868       0.00482110       0.03045567       0.04096078       0.02157934      -0.00794363      -0.00897213       0.04047486      -0.03065806      -0.22708174       0.00896300      -0.00794515       0.01507384       0.00077886       0.00340590       0.00010693      -0.15612725       0.56559323      -0.17430033       0.00337137       0.00453092      -0.00326973       0.00747753       0.02448395      -0.02001489      -0.16391393      -0.02477814       0.00682303      -0.01148065      -0.01377545      -0.00226098       0.01738639       0.04386037      -0.01353426       0.03441191      -0.00439112       0.00428788       0.00719606       0.00231841      -0.00159589       0.00934146       0.00172620       0.00133798
      -0.01353031      -0.00159377       0.00445192       0.00608152       0.00894013       0.00251361       0.00583101       0.00170581      -0.00413094      -0.01187786      -0.00480661       0.00893291      -0.00015759      -0.03059270       0.01806113      -0.00391789       0.04610722       0.00618479      -0.00349228       0.00910502      -0.01473692      -0.00308147       0.05143146      -0.00360913      -0.00721385       0.04142532       0.00180389      -0.01313110      -0.01375704       0.06939377       0.02832505      -0.19315786      -0.18309205       0.01445499       0.00207043      -0.00025895      -0.00199317       0.01572213      -0.19899557       0.48086073       0.01209807       0.04280128       0.00345620      -0.00795858      -0.00093553       0.02490719      -0.00884419      -0.18224221       0.04104482       0.02016354      -0.00588859       0.00317464      -0.00573335      -0.00368028       0.03510153       0.01565323      -0.00158132      -0.00843457      -0.02187222      -0.00377018       0.00141762      -0.01426812      -0.01204926       0.01170405
       0.00773448       0.00288903      -0.01207255      -0.00202904       0.00439542       0.01652201      -0.01404664      -0.00613371      -0.00725188      -0.00047039       0.00843776       0.00178586      -0.00692955       0.00985207      -0.00408871      -0.01156476      -0.00390833       0.00152183      -0.00686217      -0.00183363       0.00560785       0.00894026      -0.01804799       0.00899031      -0.00410042       0.02911013      -0.01087238      -0.01683950       0.01706636      -0.03178116      -0.02482470       0.05644520      -0.19691583       0.01085649       0.03499024      -0.00259352       0.00512765      -0.00140089       0.04491535       0.03870808       0.45738119      -0.16769227      -0.01181395      -0.02083636      -0.00104492       0.01294042       0.01456925      -0.19942744      -0.17100889      -0.02763278       0.04744082       0.00474303      -0.00240355       0.00130882       0.06665794       0.00365702       0.00721047       0.03023814       0.00816134       0.00324278      -0.00638862      -0.01138754      -0.00130215       0.03287332
      -0.00597785       0.00279331      -0.00040159      -0.01222882      -0.02202047       0.00873247       0.00095159      -0.00557646       0.00294010       0.00104280      -0.00056975       0.00276288      -0.00453083       0.00030214      -0.00113337       0.00516333       0.00273183      -0.00686313      -0.00567036      -0.00580438       0.00395243       0.00825191      -0.00223559      -0.02098122       0.03644396      -0.00763533       0.01618356       0.00807939      -0.00054916      -0.00203398      -0.02561744      -0.00529408      -0.02888928      -0.14194416      -0.00212391       0.01921100       0.01235815       0.00260212       0.00026827       0.02657085      -0.18409648       0.53540657      -0.12377028      -0.01257784       0.00281248      -0.01181005       0.00952783      -0.00439020      -0.02591042      -0.12760280       0.01120467       0.04103315       0.00344813      -0.01986912       0.00021601       0.04210333       0.02812886       0.00604484       0.01840684      -0.00623337      -0.01489096      -0.00777705      -0.00985055       0.01726236
      -0.02732038      -0.00763758       0.00476334       0.00302792      -0.00655474      -0.00281652       0.01174790       0.00586358      -0.00541556      -0.00601774      -0.00146519       0.00018062       0.00083764       0.00602153      -0.01305906       0.01022239      -0.00078703      -0.00751532      -0.00626052       0.00319030      -0.00604043       0.00428517       0.01279928      -0.00348775       0.00695591       0.03986256       0.00441064       0.04013519      -0.01047016      -0.01848273       0.00813765      -0.02653421       0.03890672      -0.01536142      -0.16741513       0.02481683       0.03351010       0.00066189       0.00783995       0.00097380       0.00244909      -0.19321850       0.47550412      -0.15935424       0.00868370       0.00694463      -0.00364471       0.00675646       0.04404795       0.03948892      -0.18343472      -0.00047113       0.03722474       0.00200915      -0.01350893       0.00130142      -0.00217241       0.03783571       0.00965401       0.03464037       0.00063916      -0.01386737      -0.00322007      -0.01094963
      -0.00488936      -0.01360257       0.00500735      -0.01207298      -0.00369945      -0.00731274      -0.00226046       0.00451997       0.01316089       0.00513982      -0.00537080       0.00465015      -0.00660331      -0.00174811      -0.00066447       0.00225065       0.00054112      -0.01672674      -0.00323994       0.00130402       0.00319896      -0.00659645      -0.00079465       0.00642349      -0.01516732      -0.01757919       0.05387926       0.01007806       0.02077594       0.00485124      -0.01057641      -0.00338483       0.00387951       0.02536109      -0.00407128      -0.17462268      -0.02140039       0.02313915       0.00237698      -0.00536291       0.00850092      -0.00534680      -0.17229482       0.51041219      -0.15012514       0.00440555       0.00245753      -0.01417734      -0.00079781       0.03574897      -0.01856064      -0.20686675      -0.02313462       0.03802590      -0.00268548       0.00143832      -0.01659051       0.00170899       0.05122809      -0.02613984       0.02565413       0.01412008      -0.01182535      -0.00560913
       0.01154831      -0.00113350      -0.00174632      -0.00185393      -0.00364756      -0.00345601      -0.00372076       0.00211101      -0.00580334       0.00181478      -0.00651365       0.00164203       0.00098910      -0.00945152       0.00960331       0.00985657       0.01036925       0.00794964      -0.00875229       0.00271124      -0.00032116      -0.00404561      -0.01683063       0.00535198       0.00003608      -0.01034798      -0.00279520       0.00649505      -0.01476800       0.04401307      -0.00040058      -0.01239765      -0.00641903       0.00265828       0.02932957       0.01487413      -0.13880088       0.00846236       0.04152002       0.00317978      -0.00312244      -0.00395676      -0.00786916      -0.19268812       0.41253967      -0.18108103      -0.00135357      -0.00106320      -0.00347468      -0.00061910       0.06472342       0.02973287      -0.13928552       0.04201491       0.02424196       0.00711616      -0.00478037      -0.01397767       0.00758364       0.02726177      -0.00094397       0.02629992      -0.00602534      -0.01253395
       0.01788370       0.00320619      -0.00596344      -0.01558763       0.01223837       0.00623572      -0.00858456      -0.00897552       0.01034103       0.00448816       0.00703677      -0.00065699      -0.00822971       0.01483549      -0.00116899      -0.00667669      -0.01345231       0.00911631      -0.00098556      -0.00353746       0.00022900       0.00478752       0.00032488      -0.00917124      -0.01337731      -0.01301186      -0.01805756       0.01254588       0.03776724       0.00112646       0.04582744       0.01538551      -0.00823793       0.00090600       0.00480706       0.02875019       0.01168882      -0.16036996      -0.01962392       0.06134648      -0.00256699       0.00819705       0.01292853      -0.01339512      -0.16698182       0.52755739      -0.16099011      -0.01772073      -0.00281068       0.01388950       0.01660760       0.03160041       0.01015164      -0.19777898       0.01365921       0.04463682       0.00369343      -0.00265652      -0.01919380      -0.00945493       0.05304289      -0.00835697       0.04631852       0.00932515
      -0.01499165      -0.00683850       0.01082576      -0.00285093      -0.00903022       0.00608687      -0.00357363      -0.00050737       0.00343930       0.00090022      -0.00549843       0.00250824      -0.00052353       0.00598875      -0.00299790      -0.00499380      -0.01267528      -0.00772273       0.01123602      -0.00334353      -0.00743478      -0.00070490       0.00444181       0.00053466      -0.00407345      -0.00553105      -0.00207248      -0.01508267      -0.00746825       0.03172440      -0.01772426       0.02892830       0.03733481      -0.00211926      -0.00646573       0.01178987       0.03987283       0.04300009      -0.16732485      -0.00816257       0.01354324       0.00067188      -0.00825845       0.00950582      -0.01109614      -0.17499903       0.48092907      -0.20934325       0.02275797       0.00202690      -0.00473951       0.00795990       0.02603094       0.00478595      -0.16177979       0.00752384       0.00705095      -0.00813406      -0.00255759      -0.00479006      -0.00473995       0.02663184      -0.00384662       0.03956217
       0.00515414      -0.00443734      -0.00066736      -0.00485768       0.00445529      -0.00825756       0.00281026       0.00449983       0.00100110      -0.00383630      -0.00188110       0.00550240       0.01187307       0.00165248       0.00318555      -0.00228867       0.00821508      -0.01140419       0.00384560       0.00616166      -0.01192797      -0.01701107      -0.00020253      -0.00656069       0.02563531      -0.00382986      -0.00285511      -0.00201338      -0.01977803       0.01523037       0.07751697      -0.01074428      -0.01760931       0.02770847       0.00653624      -0.00176047      -0.00432943       0.02085958      -0.00952958      -0.19469520      -0.14539349      -0.00362284      -0.00090411       0.00222827       0.01380048       0.01454624      -0.14459402       0.48833089       0.01323267       0.03667362      -0.00293556      -0.01941984      -0.01682578       0.02756590      -0.01857190      -0.18064641       0.03485592      -0.00026910      -0.00088793       0.00156783      -0.00659492      -0.00630368       0.02496995       0.00141642
      -0.01700916       0.03097208       0.00028724      -0.00109295       0.00321072      -0.00461244       0.01506574       0.02861551      -0.01043587       0.01121209      -0.00725508      -0.01883459       0.00628274       0.00007632      -0.01798149       0.00687495      -0.01922703      -0.00382568      -0.00321786       0.00587929       0.01839303      -0.00258786      -0.00876804       0.00771481      -0.01130066      -0.00189536      -0.00257070      -0.00506435       0.00379676      -0.00090448      -0.02874180       0.00719249      -0.00068854       0.03003858       0.00952692      -0.01444701      -0.00334464      -0.01599471      -0.00424555       0.04187237      -0.16065127      -0.00236234       0.02749539      -0.00254904      -0.01077876       0.00492289       0.02550993       0.01313271       0.56601363      -0.17338554      -0.00018758       0.01539404      -0.00470996       0.00663013       0.00853757      -0.20685006      -0.17219054      -0.02014746       0.03274508       0.00813692      -0.02351510      -0.00318751       0.04193310      -0.04572121
       0.02280244      -0.00941576       0.02373803      -0.00028369      -0.00666856       0.00007820       0.00110210      -0.00293529      -0.00079688       0.00209823      -0.00060845      -0.01222672      -0.00073271       0.00307896       0.00728122      -0.01521276       0.01777369       0.00238720       0.00514880      -0.00427990       0.00481830      -0.00502203       0.00751129       0.01094888      -0.00028785       0.00683462      -0.00189087      -0.02609356       0.00525615       0.01562306      -0.00208524      -0.00692799       0.03169114       0.01451473       0.03049011      -0.01435826      -0.02099969      -0.00070745      -0.01078216      -0.00487863      -0.00384903      -0.18200183       0.00396933       0.05579686       0.00140592      -0.00314676      -0.00140458       0.04167723      -0.19445401       0.46214263      -0.17369519       0.01389111      -0.00309861       0.00577531      -0.00137617      -0.01080492      -0.02948035      -0.13102869       0.00312863       0.01512295      -0.00539841      -0.00143023       0.00359557       0.02376938
      -0.01113242       0.03456137       0.00120052       0.04026194      -0.01040475      -0.01726178       0.00669886      -0.00977337      -0.00909191      -0.00192376       0.00060382       0.01556452      -0.00710700       0.00717197       0.00214108       0.00113486       0.00229042      -0.00498615       0.00212790      -0.00519119      -0.00299253       0.00298329      -0.00468378       0.00344829      -0.01113153      -0.00286628       0.00194412      -0.00231642      -0.01390095      -0.01304498       0.01320363      -0.00718315       0.00467981       0.03284434       0.00722619       0.03893050      -0.00024801      -0.00208043       0.00453430      -0.00998472       0.02482991       0.00724589      -0.15233978      -0.01444598       0.01732569       0.00637822      -0.00463732      -0.00554501       0.02229277      -0.18134983       0.48389845      -0.15960273      -0.00721198       0.01123785       0.00121154      -0.00363605       0.03471952       0.00179984      -0.13606129      -0.00865485       0.04052429       0.01536811       0.00430875      -0.00360016
       0.01395118      -0.00258287       0.02843312      -0.01104177       0.01411575      -0.00473059      -0.02166796       0.00263288       0.00072683      -0.00788867      -0.00013244      -0.00275715       0.00046068       0.00764430       0.02182677      -0.00298207      -0.01273186      -0.00202429       0.00793057      -0.01041821      -0.00335651       0.00106715       0.00434110      -0.01178005      -0.00794456      -0.01347708       0.00584069      -0.00610883       0.00747716      -0.00618338      -0.00951432       0.02965431      -0.01178212       0.01420146       0.04817661      -0.00654639       0.03680295       0.00484937      -0.02496416       0.00296830       0.00449649       0.04491750      -0.02893969      -0.20987072      -0.00674806       0.03838461      -0.00205036      -0.02642060       0.01184064      -0.01755575      -0.16527274       0.52217265      -0.14835008      -0.00244499       0.00414708      -0.01232899       0.02095028       0.03246426       0.00935862      -0.15982076      -0.00265511       0.03029258      -0.00837965       0.00278827
       0.00239109      -0.01155356      -0.00287059       0.03467762       0.01803193       0.03366252       0.00914963      -0.01069442       0.00713806      -0.00451722      -0.01953774      -0.00396853      -0.00318700      -0.00026959      -0.00908047      -0.00672219       0.00224021       0.01279929       0.00058338       0.00135734      -0.00509679      -0.00022004      -0.00101470      -0.00328360       0.00989451      -0.00049724      -0.02176304      -0.00719936       0.00815899       0.00339824      -0.01182611      -0.00020745       0.00796077      -0.00516655       0.00290133       0.03017374       0.02261719       0.03009025       0.00041651      -0.00653436      -0.00285188       0.00395308       0.03656670      -0.00734510      -0.16420602      -0.00220575       0.02730573       0.00076618      -0.00623077      -0.00327024       0.00362765      -0.16496256       0.48577240      -0.16451869      -0.00251076       0.00224466       0.00192049       0.00305016       0.04891779       0.01172372      -0.15221597      -0.01056716       0.02205083      -0.00010438
      -0.01225744       0.00226620      -0.01519983       0.01490366       0.03217966       0.00859186       0.03862529      -0.01742881       0.00242908       0.00357853      -0.00805145      -0.00756497      -0.00051554      -0.00860074       0.00028650      -0.01208378       0.01323444       0.00679201       0.00557796       0.00393083      -0.00767572       0.00141710      -0.00172162       0.00193366      -0.00430672      -0.01056031       0.00615716      -0.02000540      -0.00292599       0.00134067      -0.00267419      -0.01644080      -0.00725030      -0.00703512      -0.00402324      -0.00509669       0.03925668       0.01088269       0.02718224       0.00089519       0.00525195      -0.00711234      -0.00520941       0.02689119       0.02117381      -0.15355189      -0.00712305       0.04406165      -0.00456732      -0.00472053       0.00330441      -0.00824464      -0.16105229       0.43991605      -0.15038500      -0.00147483      -0.00474158       0.00345652      -0.00548062       0.02998780      -0.01625962      -0.15842406       0.04269700       0.02058109
      -0.00191072      -0.01007793       0.00710225      -0.01958964      -0.01192131       0.04587273      -0.02463875       0.03772215      -0.00551757      -0.00207303       0.01027945       0.00179333      -0.01481755       0.00665773      -0.00865367       0.00711132       0.00448778       0.00102038       0.00206531       0.00280556       0.00022967      -0.00431194       0.00180612       0.00279263      -0.00781287       0.00272905       0.01140090      -0.00322572      -0.01573953      -0.00527627      -0.00731348      -0.00942979       0.00183029      -0.01138320      -0.00468162      -0.01215008      -0.00313590       0.03855071       0.02124376       0.03773594       0.03525889       0.00326935      -0.00038081       0.00561452       0.02289306      -0.01938184      -0.15376689       0.02291956      -0.01468403      -0.00091931       0.00864279       0.00889320       0.00741981      -0.17913474       0.53854494      -0.19396619       0.02206148      -0.00215358      -0.01113914      -0.00690474       0.04080671       0.03313526      -0.17762582      -0.00087122
       0.05486945       0.00532337      -0.00984838       0.00317577      -0.01100155      -0.01099930       0.01892188       0.00687434      -0.00047219      -0.00702477      -0.00014069       0.00396370      -0.00427551      -0.01228498      -0.00080565       0.00209859      -0.01699276      -0.00707509       0.00099478       0.00679451       0.01632637       0.00108977      -0.00696362      -0.00949960      -0.00276436      -0.00254621      -0.00488010       0.00742506      -0.00408494      -0.01553637       0.00672432       0.01331247       0.01959621       0.00297994      -0.00629167      -0.00199023      -0.00742784       0.00060664       0.03332971       0.03516462      -0.02840998       0.02010141       0.00630420       0.00013621      -0.00622881       0.03895530      -0.02443379      -0.16870837      -0.15245582       0.00099972      -0.00539106      -0.02823465       0.00028230       0.02084015      -0.15737759       0.46433073      -0.01119251       0.02532637      -0.00080456      -0.01251612       0.00463208       0.03463682      -0.01452658      -0.17057183
      -0.16079192       0.00101596       0.02890918      -0.01775121      -0.00168387      -0.00087071       0.03186592       0.03643567      -0.00620725       0.02249751       0.00288610       0.00064053       0.00760939      -0.01426884      -0.01794215       0.03763663       0.01976297       0.00474600      -0.00732809       0.00140231       0.00512165       0.00373088      -0.01751453       0.00284885      -0.00042836      -0.00669340       0.00298057       0.00588123      -0.00536039       0.00590503      -0.00145121      -0.00874680       0.00967081      -0.01363807      -0.01266570       0.00450167       0.00714172       0.00564249      -0.00691729      -0.00232248       0.01795430       0.03197047      -0.00344160      -0.01654952      -0.00089758      -0.00990323       0.00451335       0.04433009      -0.19377227       0.02608462       0.05594570       0.00967692       0.00673390      -0.00831353       0.02743559       0.00024930       0.51492389      -0.15020666       0.00367922      -0.00310153      -0.00167746       0.00287346      -0.00388229      -0.14848359
       0.04366973      -0.15452016       0.02323552       0.02398832       0.00366638       0.00165678      -0.01191167       0.02962224       0.04367067       0.00450888       0.03490609      -0.02561792      -0.01068831       0.00082231      -0.02263608      -0.01320793      -0.01300860       0.00133879      -0.00058705       0.00001848      -0.01109674       0.01662613       0.01821395      -0.02457302       0.00526875       0.00201022      -0.00607467       0.00398534      -0.00305315      -0.00449375       0.03326528      -0.00044667      -0.00434166       0.00509749      -0.00710658      -0.00955360      -0.00001450       0.00083923       0.00092166      -0.01317891       0.03854449       0.00300016       0.02463543      -0.00010019       0.00677267       0.00964422      -0.01320682      -0.01687576      -0.00211044      -0.16281456       0.01453676       0.02732994      -0.00908263      -0.00548830       0.00746836       0.04334881      -0.16498006       0.53415545      -0.12578580      -0.01674009       0.00204397      -0.00022651      -0.00423377      -0.00202491
       0.03098126       0.01658171      -0.19065229       0.01054204       0.01922976       0.00108728      -0.00343506      -0.00766895       0.00264868       0.01890826       0.00113348       0.08409458      -0.00538186      -0.01154238      -0.00005182      -0.00928122      -0.00555255       0.00848204      -0.00005167       0.01509601      -0.01817926      -0.00375777       0.00217901       0.00174122       0.01583710      -0.00279533      -0.02975238       0.00417544       0.01255662       0.00886256      -0.00020770       0.00115885      -0.00102276       0.00513912       0.00497248      -0.01530201      -0.00753673       0.00051963      -0.00046655      -0.00494888       0.00154254       0.03410836       0.05366729       0.06228864      -0.00407088      -0.00849609       0.00502624      -0.00756134       0.03296472      -0.04165619      -0.21577828       0.00847372       0.03081687      -0.00634230       0.00175022       0.01842693      -0.01058187      -0.14453115       0.49963960      -0.12304284       0.00501092      -0.00185663      -0.00403158      -0.00805313
       0.00675329       0.05215162       0.00404266      -0.21447942      -0.01029092       0.04001720      -0.00840946      -0.00086420      -0.02216148       0.00674301       0.03907597       0.01918387       0.03822166      -0.00406674      -0.00494136       0.00290593       0.00715048      -0.01151881      -0.00611349      -0.00280543       0.00103086      -0.01496465       0.00436729       0.00496750       0.01994370       0.00135337      -0.00903837      -0.00934548      -0.00122246       0.00246382       0.00791155       0.00289327      -0.00344022      -0.02360595      -0.00010760      -0.00729279       0.01163592      -0.00269067      -0.00405662       0.00364720      -0.01177647      -0.00350566       0.05775353      -0.01228004       0.03185975      -0.00108304      -0.00631428       0.01766187      -0.00032477       0.04987052       0.04357288      -0.18544634      -0.00816309       0.02401609      -0.00215467      -0.00815286      -0.00012714      -0.00019589      -0.21208501       0.47245574      -0.13790644       0.00097350       0.00459350      -0.00555970
      -0.00980806       0.01050329       0.02922164      -0.02618857      -0.15136046       0.00761533       0.00981348       0.00120285      -0.00420913      -0.01125751      -0.00284260       0.02093117       0.00295644       0.03225150      -0.00861270      -0.00756806       0.00829462      -0.02218656      -0.02422060       0.00075059       0.01354710       0.00791609      -0.00983874       0.01976020       0.01034737       0.05404930       0.00611026       0.00218520      -0.00140411      -0.00810752      -0.00012295      -0.00142773       0.00604312       0.00875373      -0.01023086      -0.00859980      -0.02104247      -0.00035086       0.02449203      -0.00465035      -0.00685430      -0.01604935       0.00492631       0.03325527      -0.00735082       0.04443802       0.00818963      -0.00224084      -0.00072126       0.00357053       0.05884677       0.00830005      -0.20147811      -0.00555984       0.02881243       0.00890775      -0.00822110      -0.00975925      -0.02089398      -0.14236850       0.54945514      -0.13524258      -0.00528811      -0.00648305
      -0.00921726      -0.00001906       0.00236501       0.03303352      -0.02538866      -0.17367713      -0.01138248       0.05852728      -0.00605649       0.00063491      -0.02480910       0.00689611       0.04245646      -0.01757389       0.02593616       0.01386953       0.00475141       0.00936436      -0.00946763      -0.01725199       0.00918570      -0.00660287       0.00023061      -0.00187024      -0.00295710       0.01331921       0.01564077      -0.01023312      -0.00722882      -0.00497210       0.01177018      -0.00323636      -0.00697266      -0.00645918      -0.00091246      -0.03105229       0.00219189      -0.00189106      -0.01655410      -0.03035073       0.00131213      -0.00312534      -0.01567142       0.02818330       0.04570256      -0.00038017       0.03881587      -0.00918042       0.01344015      -0.00826112      -0.01063790       0.04700470      -0.03803977      -0.19505105      -0.01576969       0.03798721       0.00737153       0.00291290       0.00779556       0.00671330      -0.17810809       0.51110390      -0.16566842      -0.00220240
       0.05623941      -0.00274489      -0.00596652       0.00642279       0.01890942       0.01281354      -0.16600138       0.00451394       0.00405880      -0.00824142      -0.00164395      -0.00479417       0.00032900       0.02290520      -0.00648631       0.02784879      -0.01216854       0.00372769       0.00489679      -0.00882061      -0.01876414      -0.00493653       0.00274385      -0.00508696       0.00268058       0.00333203       0.00194331       0.00839496       0.00351131       0.00059822      -0.00429544       0.00047087      -0.01269465       0.00368623       0.00043047       0.00546465      -0.00746211       0.01214121      -0.00616308      -0.02106109       0.00787832      -0.00628611      -0.00767618      -0.01414025       0.00285970       0.04216279      -0.01370245       0.02731010       0.02182084      -0.00105614       0.00713403       0.01190211       0.03529347      -0.00622006      -0.14188340       0.02050400       0.00767723       0.00125433       0.00520330       0.00315522      -0.00062256      -0.15915655       0.48895713      -0.16227447
      -0.01699448       0.03557682      -0.00750822       0.00580189      -0.00147246       0.01158090       0.02013316      -0.16916463       0.02192119       0.00997176      -0.01325553       0.01454615      -0.01026145      -0.01895168       0.05243937      -0.01247767       0.00227503      -0.00326072      -0.01103292       0.00093892      -0.00578726      -0.00871251       0.00143124      -0.00351620      -0.00222061      -0.00184964      -0.00022610       0.00241990       0.01288947      -0.00269579      -0.01258320       0.00114726       0.00189620      -0.00366376       0.00545664       0.00374517       0.00196102      -0.01815512       0.00592822       0.01928106       0.02601879      -0.00185970      -0.00671016      -0.01352021      -0.00990334      -0.00577845       0.03384097       0.02224656      -0.00356972       0.02891924       0.01102734      -0.00879719       0.00367613       0.04946415      -0.00646990      -0.17849507      -0.14282400      -0.00413944      -0.00199086       0.00531920       0.00311108       0.00224250      -0.14925250       0.54535210
+-
       0.04024339       0.01858153       0.00595588       0.00645781       0.00522058       0.00508852       0.00618389       0.01179240       0.01601979       0.02112320       0.00595959       0.00285932       0.00560040       0.00360533       0.01260535       0.01788888       0.04327631       0.00695327       0.00476373       0.00245785       0.00356111       0.00365973       0.01254853       0.02400114       0.00609249       0.00557480       0.00175952       0.00441852       0.00539175       0.00498793       0.01695411       0.00722990       0.00382913       0.00123043       0.00454510       0.00317082       0.00372310       0.00356133       0.00584079       0.00388546       0.00611027       0.00572831       0.00357166       0.00569658       0.00281419       0.00395631       0.00386494       0.00402291       0.00846303       0.00851861       0.01016225       0.00284177       0.00331157       0.01695360       0.00456462       0.00719431       0.01096079       0.01842640       0.00469782       0.00220643       0.00235655       0.00274951       0.00910664       0.01238496
       0.01928833       0.03583848       0.02427075       0.00798339       0.01007371       0.00397303       0.00562872       0.00747927       0.00652464       0.01300464       0.00911458       0.00599953       0.00655463       0.00818164       0.00618881       0.00887890       0.01120953       0.00984887       0.00996820       0.00905605       0.00550034       0.00557341       0.00918267       0.00760455       0.00609282       0.00368943       0.00785217       0.00464349       0.00630033       0.00448221       0.00774538       0.00713459       0.00887774       0.00772060       0.00271383       0.00423859       0.00218164       0.00751334       0.00720085       0.00688632       0.01261534       0.00418858       0.00359295       0.00415146       0.00443634       0.00285584       0.00485310       0.00738623       0.01285202       0.00965613       0.00980905       0.00500873       0.00500812       0.00652706       0.00756165       0.00563112       0.01676520       0.06203724       0.01391156       0.00690951       0.00436473       0.00625090       0.00240962       0.00697403
       0.01561019       0.03765424       0.04028283       0.02369403       0.00754794       0.00822617       0.00688912       0.00446322       0.01259197       0.01312538       0.01959671       0.00981412       0.01063951       0.00887015       0.00658274       0.00824150       0.01332877       0.01070023       0.01146990       0.00991227       0.00788873       0.00666100       0.00579450       0.00492045       0.00692820       0.00908106       0.01296013       0.00752010       0.00649810       0.00634174       0.00531794       0.00439915       0.01155073       0.00456284       0.00569831       0.00366795       0.00392864       0.01137122       0.00582299       0.00639164       0.00791406       0.01025158       0.00679235       0.00690109       0.00452255       0.00239988       0.00815296       0.01074511       0.01542500       0.00488401       0.00864781       0.00577069       0.01868668       0.00363842       0.00485053       0.02230353       0.00485498       0.03060080       0.01539296       0.00847315       0.00961655       0.00896470       0.00322086       0.00555302
       0.00772878       0.01410816       0.01932814       0.04627571       0.01522939       0.00979875       0.01234876       0.00299782       0.00631785       0.00622301       0.01365910       0.03842357       0.01033611       0.01552097       0.00741881       0.00242298       0.00494354       0.00890916       0.01432574       0.01018954       0.01060293       0.00506415       0.00476748       0.00364047       0.00408625       0.00453053       0.01065198       0.01200208       0.00863174       0.00496205       0.00348108       0.00288042       0.00615526       0.00582999       0.00327111       0.00757670       0.00713119       0.01087499       0.00545460       0.00577392       0.00267137       0.01054078       0.00896715       0.01740389       0.00631656       0.00327853       0.00333448       0.00686862       0.01150805       0.02126352       0.02754754       0.00386365       0.01240533       0.00349415       0.00187822       0.00905922       0.01153513       0.01042097       0.01249549       0.01202523       0.01191625       0.01069685       0.00997374       0.00523313
       0.00530240       0.00990839       0.00579820       0.01758281       0.04088355       0.01684797       0.02215613       0.01144432       0.01128854       0.00309304       0.01297159       0.01934228       0.02777557       0.01928327       0.00918914       0.00415190       0.00418885       0.00762809       0.00606119       0.00845592       0.01037139       0.00713929       0.00442093       0.00495548       0.00510337       0.02732578       0.00507489       0.00686203       0.00625051       0.00331632       0.01159114       0.00463316       0.00440025       0.00807796       0.00486469       0.00780530       0.00721700       0.00517662       0.00697965       0.00583466       0.00765773       0.00504767       0.00641973       0.01246004       0.00567010       0.00333812       0.00765499       0.01103072       0.00354500       0.01284948       0.01015293       0.00677891       0.01020416       0.01910174       0.00478156       0.00353302       0.00436716       0.00702074       0.01289975       0.01004011       0.03806352       0.00746087       0.01037477       0.00989097
       0.00631530       0.00461104       0.00552572       0.01737678       0.01344202       0.04218528       0.01441175       0.00555490       0.00365920       0.00276499       0.00862302       0.01038663       0.01084354       0.01870144       0.01096573       0.00842145       0.00562125       0.00634956       0.00945642       0.00681702       0.01628409       0.00845934       0.00472670       0.00737037       0.00320344       0.01029462       0.00422509       0.00506066       0.01513324       0.01184866       0.00965989       0.00515302       0.00620736       0.00485801       0.00780947       0.00643515       0.00553665       0.00935611       0.00590189       0.00320447       0.00338353       0.00830919       0.00613044       0.00651231       0.01157335       0.00612676       0.00480302       0.01004324       0.00354579       0.00684532       0.01062806       0.00893935       0.00506364       0.01184282       0.00429023       0.00415156       0.01270530       0.00420902       0.00599050       0.00717520       0.01469649       0.01743327       0.01080249       0.00856891
       0.01100285       0.00841492       0.00362604       0.00854656       0.01583744       0.01624972       0.03282609       0.04087710       0.00591485       0.00734209       0.00455122       0.01576337       0.00946699       0.01509774       0.01956601       0.00761032       0.00880282       0.00423619       0.00505867       0.00798747       0.00568653       0.00936780       0.00877323       0.00944846       0.00339798       0.00542907       0.00336639       0.00235688       0.00520332       0.00463768       0.00505855       0.00366759       0.00533863       0.00202551       0.00384386       0.00430094       0.00750155       0.01888722       0.00536028       0.00595003       0.00407103       0.00399726       0.00603452       0.00559507       0.00739051       0.00593519       0.00634736       0.01480739       0.00541977       0.00773243       0.00527838       0.01372511       0.00999020       0.01859913       0.00866030       0.00687550       0.00811848       0.00493138       0.00687614       0.01177221       0.00961237       0.01342871       0.02483456       0.01312870
       0.02396743       0.02110611       0.00444027       0.00392380       0.00963184       0.00728616       0.01704451       0.02807519       0.01621469       0.00745177       0.00879008       0.00246644       0.00611135       0.02191957       0.01174333       0.01862926       0.02421856       0.00519550       0.00610192       0.00529565       0.00934364       0.00734769       0.01622175       0.01194952       0.00541196       0.00368706       0.00488230       0.00574348       0.00603753       0.01002598       0.00937838       0.00522936       0.00449893       0.00453096       0.00530981       0.00371914       0.00373607       0.00267278       0.00743492       0.01108332       0.01049621       0.00497151       0.00191349       0.00782537       0.00409103       0.00705143       0.00775741       0.00966304       0.00756850       0.00663822       0.00920359       0.00844365       0.00370511       0.01096150       0.01272751       0.00730172       0.01191378       0.00852881       0.00813008       0.00408729       0.01205148       0.00814238       0.01132172       0.02854547
       0.03346514       0.01563155       0.01398830       0.00439416       0.00689754       0.00510096       0.01366913       0.01144372       0.03871886       0.02498601       0.00894255       0.00279170       0.00457800       0.00594087       0.00991040       0.01977622       0.03246934       0.00677252       0.00859242       0.00788400       0.01158182       0.00491547       0.00722410       0.01826256       0.01157542       0.00745472       0.00931991       0.00637133       0.01070160       0.00499475       0.01006302       0.00853655       0.00325438       0.00733777       0.00380840       0.00588459       0.00518781       0.00599850       0.01324762       0.00509295       0.00989844       0.00603689       0.00416443       0.00423797       0.00522052       0.00616058       0.00745692       0.00590686       0.00993621       0.00576919       0.00924691       0.00605261       0.00655939       0.00534563       0.00640469       0.00821952       0.00481576       0.00883738       0.00576003       0.00589671       0.00476826       0.00491265       0.00628889       0.00795785
       0.01650288       0.02794548       0.01532989       0.00712221       0.00749536       0.00374234       0.01168969       0.00601563       0.01726832       0.02160986       0.01290762       0.00455249       0.00347948       0.00740783       0.01063357       0.01559825       0.01789937       0.01544185       0.00938994       0.00757211       0.00736637       0.00421531       0.00634606       0.00971403       0.00975533       0.00660089       0.01614856       0.00822556       0.00723581       0.00410132       0.01999100       0.01091321       0.01034157       0.01545971       0.00916466       0.00623977       0.00620881       0.00486182       0.00470641       0.01071653       0.01220832       0.01049375       0.00349853       0.00440988       0.00474004       0.00753844       0.00828813       0.00845080       0.00976497       0.01423800       0.01101660       0.01831971       0.00536609       0.00582158       0.00509564       0.01177786       0.01053101       0.00969759       0.01743671       0.00962609       0.00693179       0.00752350       0.00518604       0.00544363
       0.00785277       0.01264906       0.01667083       0.02358785       0.00518245       0.00337471       0.00887240       0.00434106       0.00638527       0.01272351       0.04733382       0.01263931       0.00530306       0.00524122       0.00647799       0.00452708       0.00681736       0.02114888       0.02744320       0.01416320       0.00374749       0.00259355       0.00423796       0.00396594       0.00749125       0.01401549       0.00798015       0.00668095       0.00472169       0.00379500       0.00551491       0.00700281       0.00348776       0.00423777       0.00415552       0.00474637       0.00393987       0.00444085       0.00654752       0.00632879       0.00685244       0.00473128       0.00446736       0.00448840       0.00645361       0.00590622       0.00305356       0.00588830       0.00546203       0.00462869       0.00633116       0.00471566       0.00382620       0.00317798       0.00573247       0.00698322       0.00543624       0.00478075       0.01839869       0.01241848       0.00702521       0.00469286       0.00470930       0.00504728
       0.01011165       0.01824114       0.02152224       0.02895246       0.00931580       0.00992856       0.00518399       0.00633980       0.01491331       0.00883718       0.01890385       0.03515740       0.02166468       0.00846260       0.01653913       0.00350275       0.00927469       0.01330347       0.02007745       0.02272423       0.02549128       0.00944795       0.00724580       0.00773937       0.00530355       0.01326426       0.02253019       0.01504281       0.00586314       0.01529944       0.00646486       0.00574286       0.01205115       0.01596840       0.01213583       0.00842917       0.00586318       0.01194208       0.00550742       0.00818327       0.00884489       0.00737759       0.00611266       0.00696387       0.01866153       0.01033460       0.00463504       0.00744102       0.02082574       0.00990102       0.01080878       0.01115878       0.03833640       0.00745077       0.00479331       0.00824815       0.01001413       0.01249752       0.00605154       0.02599758       0.01791692       0.00811443       0.00566704       0.00430428
       0.01083186       0.00818337       0.00959995       0.02701043       0.01093672       0.01277919       0.00943958       0.00724029       0.00432330       0.00399945       0.01641874       0.01462835       0.05225031       0.02226592       0.01518389       0.00442828       0.01156268       0.00498115       0.01309120       0.01103595       0.02648697       0.02784735       0.00902751       0.00858660       0.00970772       0.01162943       0.00821998       0.01879929       0.01078632       0.01670709       0.00950912       0.00667681       0.00647855       0.00480204       0.00471926       0.01997757       0.00681076       0.00545469       0.00978539       0.00626086       0.00480086       0.00825705       0.00664967       0.01077554       0.01351340       0.00891033       0.00483197       0.01121896       0.00937627       0.00627571       0.01034609       0.00402419       0.00687694       0.01171260       0.01296062       0.00355778       0.00452093       0.01215431       0.00840366       0.01320812       0.08219624       0.01440849       0.00797488       0.00876587
       0.00906968       0.00751690       0.00923748       0.02840001       0.01132860       0.02200608       0.00866246       0.01633985       0.00515246       0.00453765       0.00699349       0.00910027       0.01804157       0.02422517       0.01476917       0.00773427       0.00961289       0.00646128       0.00436922       0.00676610       0.02038464       0.02902212       0.01417301       0.00405955       0.00268767       0.01257729       0.00854673       0.00825619       0.01484876       0.00890386       0.00888046       0.00566068       0.00728987       0.00781966       0.00396003       0.00585110       0.01042934       0.01279859       0.00553802       0.00810485       0.00411283       0.00684702       0.00644600       0.00845836       0.00572905       0.00487409       0.01166838       0.00475396       0.00257679       0.00627469       0.00807919       0.00714904       0.01513081       0.00654539       0.00228498       0.01321537       0.00323593       0.00959785       0.00304999       0.01580348       0.02234232       0.00790864       0.00777422       0.00840408
       0.00373391       0.01129711       0.00361372       0.00399253       0.00626891       0.01491822       0.01879404       0.01253563       0.00648306       0.00496992       0.00626984       0.00770707       0.00464653       0.01739395       0.03104580       0.01092105       0.00697029       0.00646153       0.00389215       0.00606400       0.01063886       0.01775878       0.02196327       0.01122715       0.00490768       0.00521887       0.00362351       0.00774905       0.01142044       0.00871208       0.01320224       0.00773690       0.00829692       0.00383766       0.00408938       0.00704558       0.00643856       0.00874934       0.00534485       0.00619609       0.00910210       0.00543612       0.00818130       0.00761790       0.00413207       0.00388436       0.01001448       0.00441512       0.00684200       0.00691083       0.00919273       0.00367146       0.00406657       0.00441679       0.00932155       0.01444648       0.01402830       0.00690029       0.00715702       0.00379246       0.00433803       0.01521050       0.01031406       0.00846628
       0.01887072       0.01659703       0.00393371       0.00409641       0.01033907       0.01778893       0.01066402       0.03130398       0.01257994       0.00452301       0.00543156       0.00389923       0.01015258       0.02093165       0.02289099       0.03702645       0.01898941       0.00844252       0.00560373       0.00491122       0.00450862       0.00485958       0.02644158       0.02130183       0.00843323       0.00723969       0.00343690       0.00354405       0.00933935       0.00642754       0.00990316       0.00698575       0.00453136       0.00314373       0.00589739       0.00397649       0.00314510       0.00525323       0.00552365       0.00699035       0.00387212       0.00428519       0.00572364       0.00621224       0.00383478       0.00569922       0.00802110       0.00497134       0.00457650       0.00689179       0.00773024       0.00419715       0.00258861       0.00673289       0.01199052       0.00704312       0.00849917       0.00883403       0.00711266       0.00387976       0.01046995       0.00951120       0.00485484       0.00889496
       0.00837878       0.00957159       0.00376542       0.00472120       0.00418535       0.00412442       0.00684820       0.00651103       0.04435828       0.01486906       0.01061621       0.00439211       0.00507310       0.00353868       0.01020571       0.01823372       0.04266171       0.03075046       0.00705316       0.00361058       0.00323503       0.00787314       0.01137919       0.01842400       0.01368251       0.00948044       0.00732693       0.00325692       0.00491370       0.00910400       0.01269181       0.01308926       0.01050431       0.00713777       0.00416512       0.00886077       0.00438809       0.00831737       0.00591802       0.01091370       0.01427786       0.00385477       0.00466377       0.00368007       0.00482061       0.00536749       0.00527952       0.00558777       0.00511653       0.00371552       0.00418503       0.01351161       0.00693496       0.00362829       0.00421097       0.00659186       0.00292792       0.01167593       0.01087364       0.01684568       0.00774222       0.00624979       0.00574630       0.00804398
       0.01060216       0.00902340       0.00777044       0.00734150       0.00323616       0.00720936       0.00627816       0.00586657       0.02344194       0.01663808       0.01051756       0.00209854       0.00487253       0.00519015       0.00558630       0.00718733       0.02883482       0.02774472       0.01213483       0.01176870       0.00485471       0.00476422       0.00593401       0.01522084       0.01339573       0.02843928       0.01041203       0.00567425       0.00872106       0.00491040       0.00498240       0.00929202       0.00558293       0.00840365       0.00979543       0.00560186       0.00533173       0.00471540       0.00721573       0.01113471       0.00825158       0.00731283       0.00375423       0.00443010       0.00283092       0.00473927       0.00959124       0.00760536       0.00506339       0.00914789       0.00518232       0.00803859       0.00254667       0.00272562       0.00225039       0.00754000       0.00423956       0.00613117       0.00973272       0.00389461       0.00706314       0.00311479       0.00568994       0.00450584
       0.00597457       0.01129580       0.00994381       0.01902103       0.00668996       0.00372083       0.00572101       0.00387594       0.00795763       0.00774741       0.02071314       0.01283285       0.00499894       0.00743542       0.00320974       0.00685076       0.01116845       0.03046328       0.03297087       0.01478908       0.00865680       0.00503983       0.00203081       0.00765894       0.01462946       0.01889685       0.02040749       0.01124479       0.01164909       0.00369879       0.00543778       0.00822833       0.01316756       0.00856094       0.00889453       0.00376065       0.00476585       0.00681908       0.00836697       0.00820755       0.00352306       0.00598218       0.00430232       0.01903969       0.00546048       0.00540021       0.00435803       0.00640727       0.00553580       0.00980351       0.00619396       0.00752514       0.00520713       0.00391266       0.00504603       0.00393208       0.00322510       0.00744550       0.00658365       0.00850170       0.00409657       0.01134704       0.00417379       0.00458123
       0.01836227       0.01092350       0.00656392       0.00729408       0.01150175       0.00687736       0.00501998       0.00269812       0.00869644       0.00790268       0.03025851       0.01892839       0.01211721       0.00868105       0.00674749       0.00487961       0.00783833       0.00968324       0.02180046       0.04014300       0.01261107       0.00881878       0.00615587       0.00904229       0.00367573       0.02009916       0.01156625       0.01505012       0.00950291       0.00955917       0.00599162       0.00311710       0.01021820       0.00702105       0.01019747       0.00954108       0.01292456       0.00706818       0.00584568       0.00604419       0.00391656       0.01041829       0.00475582       0.01324369       0.00416425       0.00477081       0.00758081       0.00853270       0.00798921       0.00889897       0.00872529       0.00603053       0.00989096       0.01158587       0.00691665       0.00369687       0.01203532       0.01519566       0.00454609       0.00884238       0.00994639       0.00303861       0.00422642       0.00333057
       0.00746610       0.00740539       0.00605816       0.01291132       0.00686201       0.00416689       0.00736542       0.00533798       0.00327594       0.00596613       0.01516817       0.01283607       0.03442677       0.01809715       0.00784435       0.00322660       0.01287120       0.00540761       0.01741107       0.03181111       0.04041835       0.01723800       0.00621042       0.00407077       0.00268395       0.01169822       0.00915379       0.01109980       0.02823374       0.02385355       0.01377206       0.00634756       0.00783751       0.00898523       0.00723566       0.02674470       0.01030038       0.00897296       0.01041332       0.00771917       0.00536657       0.00365885       0.00557803       0.01370237       0.00756428       0.00643142       0.00667524       0.00482722       0.00338045       0.01093883       0.00561695       0.01280652       0.00708907       0.00570701       0.00414306       0.00553928       0.00667908       0.00510452       0.00499226       0.00717039       0.00843574       0.00280464       0.00478128       0.00630031
       0.00414872       0.00901359       0.00423326       0.00700384       0.00896718       0.00513683       0.00848020       0.00251560       0.00374732       0.00535347       0.01124367       0.00954017       0.01204933       0.01848100       0.02593082       0.00538762       0.00749364       0.00707345       0.00822099       0.02203630       0.01460594       0.02852734       0.01561189       0.00726617       0.00408029       0.01380743       0.00431815       0.00637150       0.01016784       0.02296486       0.01122333       0.00669618       0.00260359       0.00394061       0.00468675       0.00500442       0.01960885       0.00705766       0.01083112       0.01141782       0.00296942       0.00709010       0.00503825       0.00630234       0.00708431       0.00481453       0.00742238       0.01024618       0.00349180       0.00957091       0.00387476       0.00374155       0.00466126       0.00388734       0.00377514       0.00180308       0.00487683       0.00264964       0.01102969       0.00414485       0.02436472       0.00525750       0.00518926       0.00342779
       0.00786088       0.00824841       0.00539728       0.00506054       0.01223953       0.01049504       0.00708257       0.00601737       0.00485118       0.00411984       0.00816570       0.00877319       0.00636771       0.01681263       0.02622688       0.01173127       0.00758345       0.00240300       0.00438902       0.00635423       0.00639648       0.03610788       0.05631296       0.01178193       0.00554379       0.01247026       0.00329048       0.00363197       0.01891174       0.00941671       0.01749366       0.01269377       0.00383542       0.00526725       0.00341707       0.00542448       0.00929635       0.00497963       0.00773406       0.00758166       0.00627897       0.00489675       0.00427947       0.00451226       0.00428697       0.00431067       0.00452119       0.00337379       0.00623676       0.00546714       0.00496284       0.01282155       0.01529587       0.00234041       0.00374189       0.00310496       0.00489304       0.00364032       0.00902564       0.00644389       0.00849303       0.00780070       0.00243712       0.00474580
       0.00865837       0.01302187       0.01010555       0.00469192       0.01432903       0.00579445       0.01008046       0.01316527       0.01398747       0.00471184       0.00402564       0.00558163       0.00877221       0.01761813       0.02122032       0.02002309       0.03106941       0.02062444       0.00871274       0.00832000       0.01163936       0.00629602       0.03127364       0.04390203       0.01566396       0.01200442       0.00945846       0.00477054       0.01647484       0.01253717       0.01267290       0.01884403       0.02510514       0.00345665       0.00475403       0.00259949       0.00443462       0.00833625       0.00582791       0.01459704       0.01477587       0.00491111       0.00707604       0.00661245       0.00793471       0.00458773       0.00624404       0.00984030       0.00603631       0.00722342       0.00478822       0.00888346       0.01018297       0.00746689       0.00544751       0.00891557       0.00670468       0.00602985       0.00563089       0.00565148       0.00843526       0.00451629       0.00593356       0.00466135
       0.02240397       0.01202300       0.00562478       0.00736577       0.00841460       0.00445750       0.00922488       0.06994436       0.03562592       0.00947515       0.00583230       0.00906404       0.00486214       0.01037648       0.01054250       0.01497518       0.04094042       0.01815330       0.00542856       0.00869559       0.00680999       0.00706466       0.00747715       0.02211414       0.04435459       0.01397216       0.00715785       0.00806603       0.00712970       0.00779060       0.01137346       0.01871250       0.01613887       0.01322955       0.01353888       0.00874535       0.00305896       0.00487378       0.01771134       0.01054917       0.01327183       0.00796902       0.01157736       0.00615403       0.00569214       0.00491063       0.00784113       0.01189487       0.01624444       0.01119099       0.01471686       0.00504053       0.01034707       0.00656777       0.00608293       0.00654335       0.00389098       0.00497528       0.01134415       0.00633215       0.01026858       0.00343269       0.00466470       0.00756654
       0.01543028       0.00936960       0.00962588       0.01706785       0.00594603       0.00450843       0.00574079       0.01277333       0.03542865       0.01286397       0.00852488       0.00593374       0.00838726       0.00668958       0.01096518       0.00948637       0.02302762       0.02162797       0.01338658       0.01750915       0.00443276       0.00666068       0.00923266       0.01193114       0.02056809       0.03638184       0.02566269       0.01232785       0.00631405       0.00783995       0.01126555       0.00556352       0.01775566       0.01723016       0.00795189       0.01063380       0.00737545       0.00418719       0.00797850       0.01258736       0.01136699       0.00808456       0.00982874       0.00971674       0.00982422       0.00462681       0.00421400       0.01055130       0.00918944       0.00785553       0.00519509       0.01370400       0.00361005       0.00271172       0.00382186       0.00810041       0.00445638       0.00906761       0.00665791       0.01641722       0.00999078       0.00221828       0.00459770       0.00739995
       0.00621413       0.00963791       0.00652847       0.01230902       0.01639724       0.00557753       0.01996892       0.00834555       0.01953711       0.00981610       0.01334645       0.00941739       0.01755978       0.01141817       0.00700171       0.02248174       0.01493360       0.01441940       0.02524477       0.01386215       0.01150834       0.00686728       0.00827253       0.01305085       0.01174350       0.02098590       0.02939779       0.01841115       0.01855768       0.01264379       0.01480999       0.01131556       0.01576250       0.02013008       0.01503494       0.02024218       0.01334502       0.00730221       0.01046890       0.00940877       0.01929713       0.01468427       0.00752282       0.00597048       0.03290696       0.01540308       0.02391275       0.00678950       0.00617137       0.01188310       0.00715393       0.00682045       0.00481251       0.00615916       0.00973421       0.01013471       0.00419920       0.00692616       0.01364002       0.00585242       0.00470262       0.00769302       0.00958493       0.00374958
       0.00958277       0.00557456       0.00832322       0.00804148       0.00499055       0.00522244       0.00411534       0.00566519       0.00771158       0.00924521       0.00577195       0.01039315       0.00735820       0.00762298       0.00708626       0.00257632       0.01290421       0.01724535       0.02335744       0.02417257       0.01272503       0.00673158       0.00714465       0.00293369       0.00769062       0.01724984       0.02333827       0.02853970       0.02724045       0.01268098       0.00925555       0.00447201       0.00909233       0.00852690       0.01071776       0.01680618       0.03361497       0.01226733       0.00935913       0.01010651       0.00588139       0.00831113       0.00861498       0.01150350       0.00683058       0.00661023       0.00617840       0.00726313       0.00479951       0.01144678       0.01729985       0.00634088       0.01098360       0.00897698       0.00297555       0.00411438       0.01030888       0.00525397       0.00568401       0.00269059       0.00605251       0.00337929       0.00589603       0.00501926
       0.00815123       0.00863726       0.00590100       0.00243068       0.00638718       0.00439156       0.00946989       0.00201157       0.00449520       0.00335136       0.00645134       0.00797969       0.01140512       0.01687819       0.01494928       0.00620078       0.00473747       0.00498312       0.00583568       0.03073857       0.00825149       0.01603716       0.00523045       0.00420483       0.00355374       0.00435583       0.00791576       0.01797601       0.03034883       0.01171046       0.01311274       0.00654478       0.00408636       0.00424676       0.00824771       0.01336988       0.02044029       0.01566042       0.00799998       0.00618589       0.01019975       0.00456623       0.00518350       0.00503481       0.01020990       0.00738585       0.00371653       0.01975726       0.01067080       0.01403958       0.00536145       0.00407405       0.01628685       0.00425749       0.00334442       0.00282855       0.00992642       0.00464639       0.00642446       0.00849737       0.01028710       0.00765403       0.00711896       0.00381620
       0.00379486       0.01241626       0.01061936       0.00906896       0.01091571       0.01162855       0.00646838       0.00408685       0.00525661       0.00962429       0.00817716       0.00701710       0.01656546       0.01886330       0.02658488       0.00608369       0.01191177       0.01073999       0.00575605       0.01080386       0.02170951       0.01822874       0.01071310       0.00466337       0.00656243       0.01423189       0.00436867       0.01867562       0.02630484       0.04022673       0.02163493       0.00793673       0.00663695       0.00417575       0.00392285       0.01009851       0.01373497       0.02240783       0.01213355       0.01026632       0.00680576       0.00743066       0.01592720       0.01358946       0.01691536       0.00513515       0.00427074       0.00867175       0.00241231       0.00628425       0.00979595       0.00520323       0.01037098       0.00744628       0.00759409       0.00523002       0.00496613       0.00403316       0.00888914       0.00437308       0.01021324       0.00515426       0.00149673       0.00587791
       0.00389900       0.01007942       0.00674688       0.00411895       0.00476993       0.00484868       0.00556562       0.00299309       0.00354318       0.00493277       0.00412340       0.00811581       0.00919485       0.00699211       0.00504841       0.00645885       0.00801022       0.00340567       0.00315796       0.00481274       0.00722773       0.01114019       0.02764456       0.00842283       0.00808205       0.00684291       0.00359277       0.00339825       0.01597659       0.01224575       0.04703677       0.01849902       0.00641458       0.00465916       0.00259164       0.00594486       0.00716401       0.00893812       0.01932181       0.01744996       0.00874535       0.00263545       0.00514835       0.00926177       0.00539971       0.00970238       0.00884463       0.00905454       0.00272275       0.00382823       0.00479660       0.00371760       0.00348514       0.00864548       0.00401541       0.00431430       0.00291397       0.00532191       0.00690546       0.00326970       0.00590556       0.00502474       0.00228611       0.00265452
       0.01159881       0.00461517       0.00336823       0.00455043       0.00316992       0.00751892       0.00925558       0.01777090       0.02252341       0.00661566       0.00655496       0.01231158       0.00773709       0.01157976       0.01617467       0.00861141       0.02790021       0.01130336       0.00951902       0.00694268       0.00735048       0.00795736       0.02192421       0.01338255       0.02569102       0.01813324       0.00954963       0.00967061       0.00407097       0.05554870       0.03500551       0.03739733       0.02105591       0.00978491       0.00416612       0.00541740       0.00709457       0.01348280       0.01594302       0.02738959       0.02424668       0.00642687       0.00713625       0.00938351       0.00693458       0.00775425       0.02353620       0.01228287       0.01064918       0.01105025       0.00535402       0.00611802       0.00718862       0.00451423       0.01258791       0.00826443       0.01233314       0.00561338       0.00450503       0.00442848       0.00980436       0.00685011       0.00743801       0.00410462
       0.00812972       0.00699053       0.00303904       0.00492170       0.00961953       0.00759128       0.00494638       0.00777191       0.00553948       0.00530343       0.00546167       0.00567615       0.00611448       0.00368634       0.01006933       0.00655213       0.01264673       0.01060675       0.00497722       0.00546084       0.00524965       0.00407974       0.00529697       0.00964963       0.01177021       0.01030954       0.00932090       0.00393117       0.00419583       0.01359684       0.01305163       0.01187732       0.03071663       0.01942908       0.01014752       0.00460448       0.00312828       0.00724263       0.01498190       0.01265856       0.01857654       0.01232593       0.00445583       0.00623253       0.00267479       0.00422200       0.00889842       0.02547201       0.00704189       0.00851718       0.02198418       0.00875648       0.00496820       0.00351397       0.01570533       0.01080296       0.00567742       0.00223190       0.00624262       0.00223073       0.00632729       0.00543799       0.00727971       0.01007878
       0.02282759       0.00354948       0.00439272       0.01017048       0.00326184       0.00299114       0.01009561       0.00545797       0.01316390       0.01447978       0.00261737       0.00450100       0.00671223       0.00911384       0.01493115       0.00600120       0.02125449       0.00729559       0.01449115       0.00974239       0.00506499       0.01049874       0.00863739       0.01430456       0.00927078       0.01419277       0.01043082       0.01049884       0.00602736       0.01255189       0.01456841       0.02349519       0.01739719       0.04338802       0.01628291       0.01220472       0.00633541       0.00472264       0.00624002       0.00793977       0.01194470       0.02095545       0.01285786       0.00898701       0.00446797       0.01995361       0.00611633       0.01126335       0.00449468       0.01040068       0.01188555       0.00259606       0.00802785       0.00303628       0.00406453       0.00704803       0.00422348       0.00718361       0.00514951       0.00533920       0.00602033       0.00714222       0.00370287       0.00858622
       0.00686789       0.00483826       0.00994113       0.00971448       0.02072953       0.00379796       0.00820947       0.00821245       0.01333828       0.00478831       0.00524450       0.00738669       0.00742548       0.00704221       0.00840339       0.00734839       0.00808352       0.00747563       0.01046641       0.00752941       0.00897567       0.00398675       0.00409397       0.01182940       0.01034071       0.01200899       0.01573490       0.02298326       0.01328039       0.00536725       0.00384320       0.00590636       0.00765153       0.02595582       0.04014156       0.03173263       0.01085753       0.00602989       0.00452064       0.00559083       0.00917157       0.01785916       0.03172437       0.00942334       0.01567551       0.00632998       0.00578890       0.00651177       0.00226064       0.00954317       0.01135793       0.00415098       0.00764269       0.00449444       0.00725985       0.00370699       0.00335574       0.01592015       0.00812518       0.00747637       0.00378594       0.00338267       0.00352194       0.00262954
       0.00462646       0.00431529       0.00482963       0.00373766       0.00749269       0.00315243       0.00368552       0.00338892       0.00438723       0.00485878       0.00738197       0.00408294       0.00230484       0.00516218       0.00953833       0.00391150       0.01328576       0.00380613       0.01040303       0.00674746       0.00556072       0.00457989       0.00312567       0.00493998       0.00526052       0.00807645       0.00898895       0.01324467       0.00890267       0.00518940       0.00901462       0.00361372       0.00628395       0.00817174       0.02275163       0.03397273       0.01897014       0.00556170       0.00395833       0.00501116       0.00369763       0.01395244       0.01168794       0.01086674       0.00973030       0.00895108       0.00857195       0.00374763       0.00502895       0.01405896       0.00442227       0.00748297       0.00732340       0.00529629       0.01052777       0.00448739       0.00325549       0.00225475       0.00622451       0.00610324       0.00289772       0.00462351       0.00310104       0.00287933
       0.01348492       0.00708304       0.00501822       0.00245331       0.00341158       0.00291372       0.00925825       0.00376631       0.00331010       0.00254306       0.00368245       0.00571218       0.00583313       0.01253926       0.01254890       0.00295079       0.00611744       0.00611389       0.01171646       0.01008786       0.01294076       0.01633039       0.00870853       0.00286935       0.00347787       0.00809064       0.00857950       0.01010137       0.01635269       0.01004692       0.01500324       0.00565579       0.00793061       0.00610740       0.01149358       0.01668782       0.03359962       0.03314606       0.00592254       0.00878019       0.00452307       0.01187750       0.00611547       0.02152479       0.01607327       0.02546260       0.01007409       0.00459073       0.01020833       0.00992930       0.01083481       0.01601419       0.02357928       0.01302370       0.00982977       0.00500073       0.00712310       0.00411108       0.00611820       0.00865540       0.00491139       0.00426843       0.00469314       0.00381261
       0.00820725       0.00309341       0.00644053       0.00735998       0.00657673       0.00773065       0.00815487       0.00588515       0.00411630       0.00261940       0.00586503       0.00461294       0.00814264       0.00525827       0.00511751       0.00430721       0.00512720       0.00592663       0.00693531       0.01408285       0.01141210       0.00741510       0.00717281       0.00467837       0.00278928       0.00743887       0.00379978       0.01247993       0.01164698       0.02197642       0.00897343       0.00663988       0.00567259       0.00592842       0.00406003       0.00925300       0.00897643       0.03681464       0.01625975       0.00959081       0.01359882       0.00548130       0.00433312       0.01566280       0.02350620       0.02304386       0.01468418       0.02162183       0.01315099       0.00617851       0.01012943       0.01832095       0.02726685       0.01616246       0.01678765       0.00709305       0.01105794       0.00463565       0.01028372       0.00970600       0.01119840       0.01894867       0.00292187       0.00669510
       0.00512705       0.00517262       0.00501034       0.00586807       0.01229045       0.00731937       0.00449314       0.00242259       0.00582170       0.00297091       0.00348114       0.00310958       0.00657727       0.00774858       0.01025535       0.00615486       0.01864542       0.00796704       0.00620825       0.00633384       0.00957746       0.00667625       0.01112514       0.00901945       0.00784738       0.01419240       0.00499260       0.00822901       0.01108816       0.01919176       0.04204013       0.00985639       0.01393595       0.00914266       0.00838602       0.00605446       0.01356431       0.01339445       0.04168594       0.02575009       0.02837602       0.00421535       0.00241807       0.00902952       0.00672274       0.01059527       0.02857118       0.01805082       0.00594485       0.00247865       0.00970998       0.00936456       0.01435675       0.01265019       0.00722230       0.00519425       0.00511915       0.00512781       0.00344114       0.00731795       0.00495763       0.00986874       0.00505263       0.00783480
       0.00820548       0.00498702       0.00614180       0.00354563       0.01644083       0.00288353       0.00538099       0.00468421       0.00640974       0.00506959       0.00358424       0.00429018       0.00355620       0.01774693       0.01253758       0.00574662       0.01404014       0.01379184       0.00805537       0.00656850       0.00693348       0.00728811       0.01318961       0.00658673       0.01069673       0.01284799       0.00469169       0.00889011       0.00519602       0.02092581       0.02507580       0.03541757       0.03179343       0.01431460       0.00318478       0.00785996       0.00949784       0.01363486       0.02191914       0.04718564       0.02999726       0.01055859       0.00684801       0.00568990       0.00492772       0.00784578       0.00811405       0.02294896       0.02476608       0.01773531       0.00735951       0.00624613       0.00701646       0.00796873       0.00902550       0.00687341       0.00440783       0.00711703       0.01862278       0.00649753       0.00650344       0.00876478       0.00993313       0.00759144
       0.00788450       0.00849491       0.00462999       0.00635529       0.00771890       0.01080699       0.00644327       0.00824826       0.00396842       0.00516526       0.00486588       0.00455359       0.00774738       0.00536099       0.00682102       0.00563312       0.00779354       0.00449857       0.00766902       0.00824064       0.01115714       0.01018328       0.00852486       0.00759993       0.01115920       0.01100124       0.00464236       0.00701026       0.01129745       0.01613111       0.01368036       0.01685170       0.02908470       0.01285969       0.01826011       0.00433175       0.00802776       0.00522974       0.01355061       0.01195070       0.04208311       0.02155794       0.01216469       0.01071666       0.01132215       0.00570112       0.01338952       0.03101257       0.03949720       0.03189639       0.00705699       0.00681182       0.00328699       0.00591092       0.01594262       0.01236617       0.00608331       0.00448063       0.00632600       0.00361756       0.00723650       0.00598343       0.00301460       0.01480917
       0.01155647       0.00440388       0.00326909       0.00468088       0.02343647       0.00398540       0.00718772       0.00324860       0.00931510       0.00439517       0.00450779       0.00527283       0.00262375       0.00607804       0.00708669       0.00474062       0.00714968       0.00831843       0.00210156       0.00429380       0.00168484       0.00500259       0.00719850       0.01469762       0.01032321       0.00513082       0.00569822       0.00456832       0.00274916       0.00656793       0.00960393       0.00849154       0.02162904       0.00875754       0.00637897       0.00455023       0.01253948       0.01477189       0.00379440       0.00833829       0.02035566       0.02731779       0.01375113       0.00635050       0.00242344       0.01183619       0.00578561       0.01806100       0.00896562       0.01113842       0.01030008       0.00825343       0.00301158       0.00986732       0.00690469       0.01395841       0.00785722       0.00574956       0.00608928       0.01031041       0.00814915       0.00548500       0.00384217       0.01784879
       0.01128561       0.00728269       0.00364326       0.00642348       0.00813916       0.00584340       0.00772585       0.00391002       0.00493722       0.00407633       0.00354101       0.00719160       0.00521003       0.00780480       0.01207034       0.00448684       0.00692055       0.00546846       0.00911393       0.00624249       0.00273684       0.00394552       0.00705454       0.00850782       0.00763533       0.00658449       0.00753530       0.01288494       0.00579294       0.00563260       0.00689991       0.01188812       0.00887383       0.01019858       0.02637521       0.01126044       0.00411103       0.00419534       0.00772996       0.00537216       0.00584482       0.02341968       0.02957819       0.01429410       0.00730174       0.00611834       0.00668883       0.00431289       0.01308481       0.02553516       0.02060250       0.00940991       0.00971602       0.00812876       0.00869676       0.00611854       0.00633429       0.00719755       0.00937929       0.00649302       0.00731083       0.00665848       0.00502748       0.00774039
       0.00351074       0.00466969       0.00809630       0.01133230       0.00724338       0.00356384       0.00288714       0.00262082       0.00568929       0.00483796       0.00308487       0.00381256       0.00566212       0.00397555       0.00572672       0.00451588       0.00480039       0.00580989       0.00443250       0.00343061       0.00483205       0.00567864       0.00449115       0.00268168       0.00902790       0.01204499       0.01511351       0.01678241       0.00962153       0.00650114       0.00360112       0.00280501       0.00307249       0.01032052       0.01316541       0.01994596       0.01035914       0.00450257       0.00570524       0.00246648       0.00596118       0.01400824       0.02597326       0.03340249       0.01287641       0.00697818       0.00234331       0.00790383       0.00489174       0.01561748       0.01334636       0.02689819       0.00870868       0.01488358       0.00271869       0.00423091       0.00710117       0.00333367       0.01009922       0.01595778       0.00717753       0.00422658       0.00505971       0.00771033
       0.00437866       0.00534701       0.01379363       0.01152404       0.00552311       0.00320997       0.00562591       0.00245357       0.00276104       0.00406407       0.00720505       0.00377329       0.00462992       0.00395281       0.01426978       0.00657442       0.00848933       0.00245006       0.00442878       0.00448882       0.00412339       0.00442423       0.01301159       0.00472375       0.00546237       0.00447188       0.00998829       0.01838392       0.00605123       0.01640983       0.01351927       0.00572345       0.00351483       0.00483384       0.00956574       0.01375235       0.02133152       0.03016196       0.00934148       0.00492670       0.00498833       0.00587303       0.00604353       0.02702178       0.05122621       0.02413580       0.00851257       0.00389081       0.00551900       0.00603754       0.02502763       0.01437715       0.01778603       0.02387588       0.00786601       0.00928931       0.00412966       0.00466432       0.01481347       0.00639994       0.01002586       0.00521561       0.00334337       0.00368367
       0.00705602       0.00425174       0.00914237       0.00732099       0.00367460       0.00524029       0.01207494       0.00304939       0.00845540       0.00342927       0.00392502       0.00454441       0.00451217       0.01181251       0.00405469       0.00519194       0.00825046       0.00418346       0.00477588       0.00501247       0.00580647       0.00348441       0.00539760       0.00451700       0.00410607       0.00842882       0.00586677       0.00724830       0.00894135       0.00782262       0.01026760       0.00698185       0.00753977       0.00278646       0.00420956       0.00527888       0.01793506       0.01624050       0.01335324       0.01895997       0.00535380       0.00555338       0.00192696       0.03507456       0.01170183       0.05296815       0.01820530       0.01875835       0.00657846       0.00727136       0.02492763       0.01027124       0.01304893       0.04625573       0.01814668       0.01438595       0.00651453       0.00534270       0.00562920       0.00453678       0.02050911       0.00895585       0.01144875       0.00772736
       0.00588591       0.01751502       0.00479154       0.00665627       0.00214606       0.00702921       0.00315358       0.00497535       0.00301456       0.00450336       0.00323951       0.00280018       0.00384228       0.00386513       0.00343707       0.00550970       0.00653491       0.00475219       0.00686083       0.00543824       0.00440497       0.00402973       0.00476137       0.00488999       0.00473377       0.00744638       0.00584085       0.00580115       0.00949903       0.01040151       0.01347527       0.00703580       0.00932465       0.00408868       0.00334373       0.00314186       0.00985189       0.04051039       0.01324929       0.01393410       0.00835326       0.00297920       0.00531645       0.00518337       0.00666397       0.01865630       0.03518005       0.04910668       0.00905395       0.00476276       0.00346720       0.01144790       0.01176097       0.01830936       0.01754352       0.01763192       0.01285407       0.00356641       0.00835913       0.00612502       0.00803961       0.00741181       0.01136487       0.01179393
       0.00469592       0.00448331       0.00784891       0.00949036       0.00360695       0.00510875       0.00698125       0.00202854       0.00239872       0.00376088       0.00351618       0.00531774       0.00439633       0.00474807       0.00908799       0.00202804       0.00450925       0.00663331       0.00233979       0.00410203       0.00595674       0.00398754       0.00391945       0.00593382       0.00496740       0.00578869       0.00373082       0.00721766       0.00287766       0.01094728       0.02277589       0.00643580       0.02349184       0.02392114       0.00495844       0.00253877       0.00410229       0.00501767       0.01313562       0.02574008       0.01581741       0.00694900       0.00343901       0.00421551       0.00560194       0.00724357       0.01486929       0.04228890       0.02087712       0.00859647       0.00457785       0.01270508       0.00587555       0.00504050       0.01133985       0.02587776       0.01036963       0.00480720       0.00481734       0.00363909       0.00826799       0.00298723       0.00410047       0.01148430
       0.01149793       0.00635832       0.00792691       0.00564337       0.00658199       0.01081652       0.01134823       0.01114285       0.00852333       0.00645006       0.00281223       0.02004037       0.00306304       0.00311190       0.00798350       0.00772327       0.01357248       0.00260278       0.00609176       0.00229749       0.01117951       0.00905440       0.01019914       0.01813743       0.00584430       0.00493710       0.00426202       0.00440463       0.00599251       0.00639729       0.01103960       0.00676739       0.01409525       0.00415590       0.00938127       0.00782846       0.00730724       0.00637972       0.01733330       0.00798141       0.01780526       0.01282984       0.00594802       0.01061736       0.00646702       0.00795877       0.00378978       0.02603227       0.03061291       0.02556297       0.01297088       0.02805604       0.00469886       0.01212037       0.01494328       0.02725316       0.01680986       0.01178934       0.01046540       0.00623385       0.01084266       0.00346424       0.00900500       0.02836306
       0.00989490       0.00725147       0.00432732       0.00531699       0.00733206       0.00198125       0.00682155       0.00941082       0.00306037       0.00390881       0.00231477       0.00525644       0.00164813       0.00478756       0.00455684       0.00664359       0.01175086       0.00280098       0.00463917       0.00319391       0.00452253       0.00490973       0.00511831       0.00630325       0.00357390       0.00847918       0.00562784       0.01237814       0.00367944       0.00357388       0.00565604       0.00632947       0.00699296       0.00842289       0.00700967       0.00554524       0.00750423       0.00443589       0.00728018       0.00953810       0.01304813       0.03370881       0.00622270       0.02061806       0.00343507       0.00257592       0.00398154       0.01254925       0.02456673       0.03160189       0.01844290       0.00880989       0.00641602       0.00757672       0.00490161       0.01491918       0.00875758       0.01028389       0.01171185       0.00365728       0.00372509       0.00365996       0.00523455       0.01916447
       0.00725912       0.00748353       0.01006427       0.01892589       0.00894293       0.00695977       0.00316444       0.00555106       0.00277288       0.00372787       0.00734088       0.01925798       0.00329635       0.00988868       0.00271609       0.00370514       0.00454742       0.00268668       0.00396931       0.00233095       0.00466012       0.00459917       0.00436592       0.00309628       0.00522306       0.00413438       0.00739218       0.00638559       0.00568094       0.01532043       0.00593382       0.00429088       0.01014147       0.01129418       0.00539183       0.00808055       0.00389725       0.00545909       0.01016856       0.00328917       0.00530229       0.01621908       0.02236085       0.01330509       0.00525808       0.00311533       0.00413364       0.00965896       0.00987081       0.04445281       0.02843462       0.02201755       0.00555235       0.00805633       0.00565876       0.00800949       0.00892062       0.00816210       0.01360190       0.00985513       0.01164304       0.00819270       0.00456610       0.00860298
       0.02387475       0.01407003       0.01001019       0.01694958       0.00675240       0.00555419       0.01742458       0.00219795       0.00924955       0.00383181       0.00406821       0.00660053       0.00603957       0.00920554       0.01576889       0.00550087       0.00630712       0.00416473       0.01489935       0.00381945       0.00306281       0.00286808       0.00539363       0.00992872       0.00808248       0.00839011       0.01063471       0.00774924       0.00491449       0.00998771       0.00763502       0.02430497       0.00752594       0.00528234       0.01915641       0.01273631       0.00617103       0.01338721       0.01531741       0.00548036       0.00793001       0.01049364       0.01862060       0.04712653       0.01278353       0.00788535       0.00517769       0.02381146       0.00671450       0.03151629       0.01461226       0.04804285       0.02073015       0.01278932       0.00443566       0.00509742       0.01308837       0.01641652       0.02506466       0.01094856       0.01349298       0.02214789       0.00752836       0.00388285
       0.00430650       0.00535055       0.00831794       0.00617997       0.01355586       0.01488239       0.00375704       0.00563042       0.00240364       0.00393714       0.00537829       0.00391881       0.00547682       0.00982725       0.00708916       0.00429812       0.00438868       0.00463507       0.00217687       0.00399320       0.00872876       0.00592597       0.00346778       0.00288706       0.01128066       0.00424583       0.01229693       0.00300454       0.00556855       0.00770851       0.00598664       0.00713467       0.00853015       0.00334806       0.00431087       0.00667139       0.01146908       0.00659997       0.00431738       0.00533153       0.00390879       0.00427864       0.02424358       0.01476421       0.03022696       0.00963144       0.00897615       0.00303967       0.00318467       0.00666334       0.00814710       0.01859625       0.04475730       0.02770019       0.00804913       0.00366976       0.00392082       0.00514711       0.00930397       0.00721125       0.02336836       0.00852841       0.00429360       0.00411109
       0.00760047       0.00717600       0.00578048       0.00761125       0.00518911       0.00553190       0.00464434       0.01211338       0.00308446       0.00253002       0.00483003       0.00366105       0.00646863       0.00668252       0.00475789       0.00350281       0.00321750       0.00314057       0.00558194       0.00600604       0.00659296       0.00324123       0.00277830       0.00282343       0.00409954       0.01319635       0.00821709       0.00506121       0.00470386       0.00593530       0.00229563       0.00683603       0.00560095       0.00504779       0.00152556       0.00636967       0.00775871       0.00901969       0.01061565       0.00413541       0.00501350       0.00812767       0.00535525       0.00706216       0.01140926       0.02162358       0.00820015       0.01287424       0.00429550       0.00665741       0.00885917       0.00761397       0.01848262       0.04089627       0.01387061       0.01166814       0.00545136       0.00226723       0.00578409       0.00338957       0.01778837       0.01873312       0.02440583       0.00481360
       0.00999148       0.00598544       0.00279373       0.00806330       0.01625161       0.01774325       0.01319298       0.00578893       0.00341304       0.00431147       0.00645323       0.00270238       0.00814970       0.01440884       0.00809393       0.00803523       0.00581381       0.00453080       0.00273140       0.00409834       0.00542293       0.00283530       0.00412221       0.00321903       0.00584819       0.00312604       0.00906495       0.00365360       0.00433097       0.00693158       0.00679673       0.01093989       0.00663504       0.00380595       0.00476221       0.00509862       0.00416086       0.00881346       0.00725854       0.01395878       0.00982004       0.00407251       0.00349120       0.00644494       0.00607646       0.00999532       0.02090027       0.01069835       0.00773792       0.00469933       0.01118884       0.00545013       0.00927960       0.04126855       0.03681246       0.03230270       0.00905502       0.00279204       0.00697534       0.00618005       0.00905789       0.02336661       0.02980888       0.01217666
       0.02371224       0.00999360       0.00366257       0.00551717       0.00839498       0.00764176       0.00830166       0.00641953       0.00531863       0.00685105       0.00367814       0.00208851       0.00632093       0.00434791       0.00524845       0.00741002       0.01418527       0.00890772       0.00509577       0.00266220       0.00600233       0.00369731       0.00344801       0.00787537       0.00229726       0.00318889       0.00339798       0.00308959       0.00454427       0.00737126       0.01177649       0.00330387       0.00798030       0.00664150       0.00391694       0.00327169       0.00357026       0.00407926       0.00963031       0.02109873       0.01165437       0.00973704       0.00328977       0.00362392       0.00827956       0.00950998       0.00945763       0.02034988       0.02807786       0.00317027       0.00572633       0.01289603       0.00439860       0.00903593       0.01666015       0.02746919       0.01869348       0.00806305       0.00682221       0.01268892       0.00409365       0.00500904       0.01040638       0.02969520
       0.02750164       0.01437677       0.00706110       0.01175919       0.00444553       0.00522582       0.00724691       0.01188070       0.00461447       0.00648090       0.00279159       0.00665925       0.00532090       0.00613941       0.00484028       0.00474943       0.00899055       0.00368924       0.00657029       0.00410323       0.00242831       0.00478241       0.00688076       0.00670360       0.00445912       0.00315163       0.00828752       0.00314210       0.00184843       0.00563167       0.00596403       0.00445670       0.00610866       0.00976261       0.00820525       0.00486594       0.00330369       0.00398202       0.00598748       0.00676482       0.02119168       0.01153293       0.00685271       0.00384275       0.00446008       0.00361426       0.00558839       0.00833191       0.02872822       0.00950312       0.01588238       0.00657281       0.00383870       0.01056204       0.01245113       0.01541504       0.03704382       0.02891803       0.00748253       0.00535480       0.00679176       0.00300921       0.00695851       0.01906349
       0.01736115       0.01796132       0.01457302       0.00638731       0.00457394       0.00292574       0.00725049       0.00523017       0.01569689       0.00500202       0.01241921       0.03051927       0.00724091       0.00682830       0.01056867       0.01026088       0.00948038       0.00266342       0.00278657       0.00578738       0.01155077       0.01468531       0.01453585       0.01317538       0.00421883       0.00385696       0.00442913       0.00651938       0.00618616       0.00436625       0.01424630       0.00958993       0.00682498       0.00548134       0.00458745       0.00529854       0.00565327       0.00590435       0.01437948       0.00439261       0.00944608       0.01242758       0.00631531       0.01130233       0.00736261       0.00530746       0.00653395       0.02173289       0.01503359       0.03081785       0.02806265       0.00762564       0.00529313       0.00278775       0.00613182       0.01218047       0.02904370       0.04575470       0.01228436       0.01282609       0.00507535       0.00315149       0.00394889       0.01109104
       0.01069011       0.03010823       0.02778064       0.01625318       0.00633801       0.00307245       0.00508252       0.00505617       0.00403744       0.00584243       0.00694001       0.05075158       0.01144552       0.00587614       0.00453244       0.00285880       0.00629573       0.00815013       0.00549925       0.01406771       0.00615804       0.00281091       0.00290293       0.00258454       0.02141711       0.00263417       0.03211642       0.00764997       0.01003947       0.00399934       0.00293205       0.00638666       0.01452396       0.00323509       0.00454238       0.01155283       0.00273854       0.00463544       0.00325850       0.00290011       0.00373169       0.01195300       0.06896023       0.01832711       0.00458901       0.00377826       0.00361122       0.00677203       0.00718006       0.01348635       0.03233799       0.01711240       0.00499711       0.00460864       0.00278513       0.01845795       0.00750725       0.01910513       0.03503266       0.00733820       0.01146622       0.00402761       0.00463038       0.00517548
       0.00811498       0.01543328       0.01392213       0.04073783       0.00875414       0.01152085       0.00924451       0.00475913       0.00454349       0.00730818       0.00553788       0.01057323       0.01330280       0.00748638       0.00453890       0.00629243       0.00490964       0.00414170       0.00838666       0.00524488       0.00538838       0.00886705       0.00659647       0.00544910       0.00550909       0.00470917       0.00629787       0.00709022       0.00478241       0.00507613       0.00762258       0.01146153       0.00860861       0.01062259       0.00560291       0.01107009       0.00796817       0.00570382       0.00630774       0.00458461       0.00686193       0.01087691       0.01616316       0.01468580       0.00454321       0.00318765       0.00512172       0.01175389       0.00781867       0.01064927       0.01353466       0.01837061       0.00946296       0.00491879       0.00591882       0.00482104       0.00575003       0.00759082       0.04664147       0.03023878       0.01245760       0.00713415       0.00245389       0.00735672
       0.00763695       0.00880130       0.00576650       0.03462168       0.01913774       0.00999565       0.01597398       0.00482922       0.00225967       0.00609840       0.00361865       0.00731050       0.01375881       0.01448898       0.00590499       0.00922059       0.00563515       0.00913037       0.01095452       0.00997069       0.00954948       0.00547250       0.00584781       0.00969317       0.00732038       0.05433625       0.00503237       0.00395189       0.00445821       0.00545719       0.00485150       0.01475538       0.00554275       0.00856556       0.00269889       0.00454283       0.00726838       0.00811926       0.02307977       0.00952378       0.00310056       0.00682153       0.00643726       0.01084332       0.00616929       0.01758114       0.00851527       0.01067848       0.00256676       0.00817704       0.01468238       0.01430382       0.03592766       0.01148235       0.00829802       0.00599249       0.00511083       0.00315617       0.00997214       0.01771763       0.02415475       0.01138501       0.01024639       0.00576008
       0.00672908       0.00454005       0.00743804       0.01437750       0.01516936       0.01191088       0.02579845       0.02030370       0.00519324       0.00442218       0.00882001       0.00502351       0.00616610       0.01845257       0.01012396       0.01374108       0.00725500       0.01165480       0.00579641       0.00684263       0.00953868       0.00897475       0.01029717       0.00883891       0.00470441       0.00834109       0.00895980       0.00767121       0.00647169       0.00688886       0.00367013       0.01092886       0.01043993       0.01551078       0.00594849       0.01968283       0.00627091       0.00349095       0.00674534       0.01307686       0.00669290       0.00986216       0.01380454       0.01423547       0.01230022       0.00661093       0.01357762       0.00620460       0.00413186       0.00488004       0.01023732       0.02740343       0.01728408       0.02512356       0.01050586       0.01455182       0.00627394       0.00280812       0.00532860       0.00771579       0.02504208       0.03286705       0.01905829       0.00784135
       0.00958303       0.00448883       0.00287442       0.00838999       0.01269796       0.01458593       0.02537420       0.01064777       0.00591390       0.00601414       0.00991405       0.00599848       0.01117720       0.01213534       0.00579877       0.00643691       0.00660348       0.00618645       0.00340379       0.00440075       0.00405947       0.00546917       0.00824695       0.00471807       0.00472817       0.00245387       0.00595066       0.00377455       0.00211507       0.00512371       0.00745476       0.00535931       0.00767303       0.00318750       0.00560836       0.00264705       0.00367151       0.00783852       0.00718047       0.00806945       0.00804893       0.00441753       0.00536328       0.00518122       0.00478862       0.01130337       0.00419908       0.00703206       0.00774717       0.00487320       0.01069766       0.00779917       0.00559330       0.01801514       0.00660266       0.01092359       0.00735543       0.00384702       0.00634360       0.00404621       0.01131441       0.01227684       0.04316945       0.02175896
       0.02985990       0.01203458       0.00583832       0.00629865       0.00492015       0.00527043       0.02073587       0.01735144       0.00422314       0.00949363       0.00629526       0.01053361       0.00294070       0.00953832       0.01420821       0.01046457       0.00590783       0.00299327       0.00631207       0.00336469       0.00326778       0.00654872       0.00669934       0.00593960       0.00476365       0.00374811       0.00479935       0.00487247       0.00386711       0.00754653       0.01055031       0.00395888       0.01005765       0.00589371       0.00451559       0.00224623       0.00613263       0.00934357       0.00710999       0.01219014       0.00904937       0.00423440       0.00330849       0.00988490       0.00360995       0.01178076       0.00602041       0.01880277       0.01397609       0.00643733       0.01023876       0.00871052       0.00703483       0.01971089       0.01043201       0.02557312       0.02368938       0.00763885       0.01308104       0.00535005       0.00656653       0.00637482       0.01456876       0.02726438
Spin density correlation                   = 
       0.74196260      -0.15404152       0.02298745      -0.00851591       0.00784196      -0.00760609       0.01747396      -0.14580375      -0.20804221       0.07296337      -0.01243258       0.00901504      -0.00882390       0.00708987      -0.01675386       0.06659395       0.19324188      -0.01619950       0.00934138      -0.03204306       0.00232485      -0.00333210       0.01454135      -0.07406245      -0.04914634       0.02027401      -0.01148710       0.00804025      -0.00668026       0.00394308      -0.02170215       0.01517589       0.01018479      -0.04421437       0.00644037      -0.00422651       0.01364187      -0.01156565       0.00449086      -0.00905766      -0.01126132       0.01697291      -0.01151071       0.00609926      -0.00357408       0.00999410      -0.00506704       0.00475324       0.03850796      -0.02332011       0.01730582      -0.04029459       0.00319431      -0.02794059       0.01655083      -0.07737632      -0.13112314       0.07224238      -0.01220733       0.00632974      -0.00472915       0.00522637      -0.03154358       0.10798079
      -0.15404152       0.70711534      -0.25365155       0.01629634      -0.01775661       0.00342835      -0.00812598       0.06300636       0.04213268      -0.14326307       0.02720788      -0.03911110       0.01037129      -0.01203053       0.02992664      -0.04655955      -0.02330970       0.01537286      -0.02450716       0.02336090      -0.00719361       0.00731827      -0.00859579       0.01984598       0.02080279      -0.00891343       0.01136021      -0.00381918       0.00938026      -0.01677586       0.01243407      -0.00945883      -0.00792696       0.00495416      -0.00295429       0.00310693      -0.00570424       0.00585040      -0.00974069       0.00701086       0.01565688      -0.00397821       0.00402439      -0.00449042       0.00310452      -0.00350254       0.02139440      -0.01130338      -0.02115821       0.01578003      -0.02245840       0.01437332      -0.00635379       0.00684418      -0.01049102       0.01773279       0.06889454      -0.51444122       0.10196941      -0.02369853       0.00937480      -0.00749637       0.00557555      -0.02851810
       0.02298745      -0.25365155       0.73748712      -0.16519507       0.01369813      -0.00852442       0.00551894      -0.00558480      -0.04458268       0.03720043      -0.10156295       0.05255660      -0.02446219       0.01365060      -0.00772774       0.01382257       0.02253802      -0.01272174       0.02286705      -0.01522812       0.01018522      -0.00945474       0.00490119      -0.01763396      -0.00700308       0.01123473      -0.01496210       0.01093560      -0.00701542       0.01067589      -0.00694182       0.00722430       0.01554081      -0.00642160       0.01057357      -0.00336154       0.00391873      -0.01104230       0.00425168      -0.00799555      -0.01261730       0.01082309      -0.00857272       0.00838498      -0.03861320       0.00500656      -0.00824210       0.01409577       0.01588618      -0.01438981       0.01645902      -0.01473185       0.05936482      -0.00651863       0.00359505      -0.03355469      -0.01399949       0.08927457      -0.17908454       0.02465653      -0.01484180       0.01240782      -0.00331865       0.00842105
      -0.00851591       0.01629634      -0.16519507       0.72415456      -0.12004572       0.02922362      -0.02643985       0.00466223       0.01387479      -0.01055755       0.06144459      -0.32548941       0.07769271      -0.08831141       0.01191813      -0.00310347      -0.00652998       0.01328938      -0.04862201       0.02127010      -0.02412968       0.01147890      -0.00340285       0.00452480       0.00489134      -0.02539145       0.02637349      -0.01634721       0.00784973      -0.00651225       0.00408255      -0.00528765      -0.00640469       0.02241138      -0.01071477       0.00734005      -0.00668830       0.01847330      -0.00674512       0.00566957       0.00866398      -0.01089102       0.01341411      -0.03412956       0.01438757      -0.00461479       0.00488835      -0.00829497      -0.01766036       0.03787281      -0.11186989       0.03113868      -0.02502664       0.00830210      -0.00477427       0.00968963       0.02093752      -0.02260014       0.04201991      -0.26069902       0.08901152      -0.03603349       0.01054139      -0.00811117
       0.00784196      -0.01775661       0.01369813      -0.12004572       0.74951451      -0.14305817       0.07788473      -0.02274361      -0.01524621       0.00982642      -0.01074142       0.04151809      -0.10104983       0.06773902      -0.01453402       0.01298635       0.00574623      -0.00487077       0.00735256      -0.01862761       0.01500459      -0.01917926       0.01276762      -0.03287042      -0.00681626       0.06053926      -0.01492709       0.00640959      -0.00633373       0.01106732      -0.01149681       0.00621752       0.01083563      -0.00389211       0.03408027      -0.01172973       0.00924577      -0.00615169       0.01475443      -0.02583216      -0.01048285       0.04549306      -0.00949756       0.01883236      -0.01151988       0.00406448      -0.00723798       0.01249005       0.00772760      -0.01438981       0.01655045      -0.01257476       0.02739114      -0.03975297       0.02219723      -0.00547912      -0.00352548       0.00507392      -0.01297854       0.01965901      -0.28062150       0.02654220      -0.03036995       0.01162668
      -0.00760609       0.00342835      -0.00852442       0.02922362      -0.14305817       0.73444551      -0.10027344       0.00944298       0.00372927      -0.00292044       0.00796997      -0.02814890       0.02804058      -0.10974955       0.02222904      -0.03697389      -0.00562095       0.00496739      -0.00682738       0.00916431      -0.02898453       0.01581329      -0.01117218       0.01309181       0.00583926      -0.00991917       0.01241247      -0.00384198       0.01810806      -0.01526822       0.01414344      -0.01190239      -0.00692395       0.00257886      -0.00842317       0.00698330      -0.00544950       0.01543517      -0.00906677       0.00323551       0.01146239      -0.00542627       0.01077930      -0.00665576       0.01511168      -0.00489969       0.00654796      -0.01087177      -0.01484929       0.00335862      -0.02190627       0.01294749      -0.02447084       0.01518298      -0.03047960       0.00783748       0.01821529      -0.00415673       0.00325858      -0.01888492       0.03016468      -0.13611249       0.03206801      -0.01622711
       0.01747396      -0.00812598       0.00551894      -0.02643985       0.07788473      -0.10027344       0.74156402      -0.28345617      -0.03220591       0.01635677      -0.01142998       0.02606948      -0.02204226       0.03151845      -0.10367007       0.02207508       0.01230540      -0.00624448       0.00612976      -0.01127545       0.00584160      -0.01524961       0.01647054      -0.02441881      -0.01404285       0.00617757      -0.03522310       0.00236075      -0.01164351       0.00771776      -0.00623392       0.00926975       0.00496806      -0.01134799       0.00690973      -0.00316698       0.01077108      -0.04034060       0.00576200      -0.00662012      -0.00672803       0.00716759      -0.00603035       0.00363555      -0.00745512       0.02927432      -0.00696708       0.02910853       0.01633733      -0.01037267       0.00437704      -0.03722375       0.01299586      -0.04118201       0.01747851      -0.01346972      -0.01240145       0.00658241      -0.00592213       0.01580934      -0.03161651       0.08816111      -0.22041607       0.07130623
      -0.14580375       0.06300636      -0.00558480       0.00466223      -0.02274361       0.00944298      -0.28345617       0.72611370       0.02270397      -0.00928784       0.01219780      -0.00902997       0.00854447      -0.07763928       0.04311436      -0.18186910      -0.06676607       0.00664516      -0.00748737       0.00836185      -0.00703872       0.00722917      -0.03703640       0.02495289       0.45649939      -0.02275605       0.01009323      -0.00336276       0.00379072      -0.00767919       0.01057495      -0.04413500      -0.00967632       0.00806150      -0.00785579       0.00187435      -0.00323167       0.00404033      -0.00623678       0.01389926       0.02510017      -0.00917595       0.00234349      -0.00474695       0.00268807      -0.00405924       0.00743932      -0.01162560      -0.02113664       0.01677385      -0.01120108       0.00527016      -0.00534340       0.02113006      -0.02324503       0.01414224       0.02744647      -0.01177189       0.00838286      -0.00425211       0.01282181      -0.03974754       0.02329583      -0.19408091
      -0.20804221       0.04213268      -0.04458268       0.01387479      -0.01524621       0.00372927      -0.03220591       0.02270397       0.71544093      -0.17948371       0.01640779      -0.01755205       0.00464882      -0.00863017       0.01369334      -0.08885282      -0.45988720       0.06221564      -0.02165845       0.01742562      -0.01050127       0.00278686      -0.00973775       0.03026272       0.12226018      -0.11622508       0.06414526      -0.00798957       0.00772197      -0.00359187       0.01208671      -0.04766127      -0.00585545       0.01391609      -0.01503151       0.00538218      -0.00399497       0.00407296      -0.02166116       0.00753867       0.01001112      -0.01300765       0.00503700      -0.00364621       0.00267940      -0.01413910       0.00922734      -0.00720990      -0.01253809       0.00540504      -0.01088013       0.01140055      -0.00587288       0.00491473      -0.00461521       0.00642575       0.00857462      -0.02628076       0.00619561      -0.00814013       0.00385174      -0.00587740       0.00822783      -0.01179397
       0.07296337      -0.14326307       0.03720043      -0.01055755       0.00982642      -0.00292044       0.01635677      -0.00928784      -0.17948371       0.72234439      -0.09886894       0.01070027      -0.00423925       0.00493864      -0.00676067       0.01966723       0.06345425      -0.08459051       0.02993569      -0.02086848       0.00467324      -0.00263732       0.00510705      -0.01324679      -0.02215172       0.03025788      -0.02952589       0.00984029      -0.00978063       0.00774245      -0.02745385       0.01208889       0.01057264      -0.04100426       0.01521386      -0.00454856       0.00412961      -0.00359031       0.00570670      -0.00924465      -0.01573663       0.01277140      -0.00284458       0.00379024      -0.00392432       0.00369178      -0.00732728       0.00562223       0.01173663      -0.01398222       0.01118184      -0.03868579       0.00537016      -0.00398200       0.00303714      -0.01663013      -0.01670476       0.01569326      -0.02264764       0.01178891      -0.00752683       0.00767707      -0.00527181       0.01332124
      -0.01243258       0.02720788      -0.10156295       0.06144459      -0.01074142       0.00796997      -0.01142998       0.01219780       0.01640779      -0.09886894       0.73923423      -0.13130485       0.02131042      -0.01010256       0.00542531      -0.00607460      -0.01327528       0.03307530      -0.16560121       0.13100074      -0.02706925       0.00934149      -0.00686263       0.00415729       0.00667879      -0.04165680       0.01657013      -0.01428210       0.00604778      -0.00972320       0.00456225      -0.00639996      -0.00534381       0.00333064      -0.00771130       0.00732348      -0.00485087       0.00659999      -0.00586627       0.00454716       0.00690145      -0.00495568       0.00343032      -0.00391321       0.00612900      -0.00449689       0.00317896      -0.00398848      -0.00612781       0.00488244      -0.00781989       0.00493644      -0.00791279       0.00363918      -0.00591793       0.00411403       0.00718627      -0.01510286       0.04454959      -0.02201527       0.01225469      -0.01227862       0.01475757      -0.00563268
       0.00901504      -0.03911110       0.05255660      -0.32548941       0.04151809      -0.02814890       0.02606948      -0.00902997      -0.01755205       0.01070027      -0.13130485       0.71531217      -0.12627955       0.01847897      -0.02235124       0.00572135       0.00706627      -0.02004376       0.03858384      -0.17481910       0.06996038      -0.01390969       0.01104502      -0.00897769      -0.00639828       0.02384319      -0.04089141       0.03228297      -0.01327698       0.02382958      -0.00994559       0.01482586       0.01246285      -0.02983035       0.01373068      -0.00601719       0.00733552      -0.01128486       0.00382534      -0.00919207      -0.00960960       0.00662279      -0.01129187       0.00792258      -0.03806623       0.01065130      -0.00311420       0.00831199       0.10642284      -0.01260291       0.05336025      -0.02199855       0.14449736      -0.00750498       0.00449257      -0.00695189      -0.01861773       0.08154430      -0.32062590       0.07028002      -0.03072664       0.01030062      -0.00810339       0.02068740
      -0.00882390       0.01037129      -0.02446219       0.07769271      -0.10104983       0.02804058      -0.02204226       0.00854447       0.00464882      -0.00423925       0.02131042      -0.12627955       0.72625472      -0.17036689       0.05265858      -0.00698760      -0.01080360       0.00441683      -0.01186004       0.02771572      -0.22881839       0.06418545      -0.01667697       0.00895131       0.00927694      -0.01663492       0.03227896      -0.04620167       0.02987107      -0.04584326       0.01464266      -0.00972329      -0.00418368       0.00546624      -0.05064176       0.02876706      -0.00517826       0.00781723      -0.01224048       0.00470214       0.00895935      -0.00843682       0.00985038      -0.01204200       0.02186181      -0.00891019       0.00193000      -0.02374274      -0.00347237       0.00552083      -0.00808599       0.02437029      -0.00932169       0.01970323      -0.01547218       0.00392243       0.00402242      -0.01274443       0.01929169      -0.03349209       0.68118120      -0.02697855       0.01926861      -0.00506993
       0.00708987      -0.01203053       0.01365060      -0.08831141       0.06773902      -0.10974955       0.03151845      -0.07763928      -0.00863017       0.00493864      -0.01010256       0.01847897      -0.17036689       0.72717982      -0.13049755       0.03802895       0.00927091      -0.00478707       0.00887754      -0.01741925       0.04720319      -0.16658288       0.03938823      -0.03994238      -0.00428553       0.01142972      -0.02442359       0.01454967      -0.05252166       0.02300759      -0.01627434       0.01513410       0.00782629      -0.00747209       0.00587585      -0.00739323       0.02000941      -0.01832082       0.00822596      -0.03283895      -0.00418921       0.01386778      -0.01140904       0.00695305      -0.00517264       0.01073545      -0.01150592       0.00418034       0.00460325      -0.00690695       0.01591575      -0.01669720       0.02454545      -0.01001702       0.01722278      -0.01927873      -0.00407060       0.01192535      -0.00729483       0.01968313      -0.06266858       0.03095236      -0.02557031       0.01544452
      -0.01675386       0.02992664      -0.00772774       0.01191813      -0.01453402       0.02222904      -0.10367007       0.04311436       0.01369334      -0.00676067       0.00542531      -0.02235124       0.05265858      -0.13049755       0.75557611      -0.14817270      -0.01762291       0.00662742      -0.00336869       0.00616421      -0.01620604       0.08499270      -0.12333010       0.04459801       0.01008334      -0.01203493       0.00612926      -0.00693996       0.03608189      -0.10486320       0.01366768      -0.02287121      -0.01418015       0.01241981      -0.01450617       0.01600230      -0.01438864       0.01142948      -0.01225821       0.01880785       0.00968306      -0.01028678       0.00990228      -0.00669158       0.02933218      -0.00307135       0.00562961      -0.01151855      -0.01214369       0.00689358      -0.01013619       0.01477090      -0.01067580       0.00365073      -0.00962997       0.01870740       0.02197554      -0.01309569       0.00621408      -0.00493460       0.00808777      -0.01824680       0.01413071      -0.04087655
       0.06659395      -0.04655955       0.01382257      -0.00310347       0.01298635      -0.03697389       0.02207508      -0.18186910      -0.08885282       0.01966723      -0.00607460       0.00572135      -0.00698760       0.03802895      -0.14817270       0.73805285       0.06284867      -0.01298194       0.00622094      -0.00311571       0.00331001      -0.01006248       0.07031478      -0.15284311      -0.02815649       0.01675485      -0.03298464       0.00248435      -0.00794842       0.00874958      -0.01768904       0.01930714       0.00523721      -0.00434747       0.00571464      -0.00331277       0.00246578      -0.00518275       0.00595248      -0.00727938      -0.00551700       0.00554021      -0.00666490       0.00358563      -0.00639949       0.01001855      -0.00714823       0.00364708       0.00858380      -0.00798520       0.01230498      -0.00371043       0.00558426      -0.00541730       0.01631892      -0.00752217      -0.02360707       0.01756093      -0.00560012       0.00483604      -0.01835048       0.03889127      -0.01156358       0.01709739
       0.19324188      -0.02330970       0.02253802      -0.00652998       0.00574623      -0.00562095       0.01230540      -0.06676607      -0.45988720       0.06345425      -0.01327528       0.00706627      -0.01080360       0.00927091      -0.01762291       0.06284867       0.71564103      -0.18119686       0.00921350      -0.00316347       0.01600388      -0.00846910       0.02016638      -0.20885713      -0.16452887       0.04895715      -0.04067108       0.01290063      -0.00361717       0.03444151      -0.02061792       0.14363477       0.01925582      -0.03197829       0.01576252      -0.01593986       0.00607992      -0.00771032       0.03564993      -0.03572991      -0.02542232       0.00531123      -0.00457122       0.00310577      -0.00876651       0.00986357      -0.00642430       0.00911138       0.02850220      -0.02224187       0.00308291      -0.02056303       0.00497666      -0.00446547       0.00482784      -0.02750848      -0.01154794       0.02204315      -0.00943760       0.03730101      -0.00722726       0.00859885      -0.00594004       0.01317955
      -0.01619950       0.01537286      -0.01272174       0.01328938      -0.00487077       0.00496739      -0.00624448       0.00664516       0.06221564      -0.08459051       0.03307530      -0.02004376       0.00441683      -0.00478707       0.00662742      -0.01298194      -0.18119686       0.73527577      -0.11923736       0.02335115      -0.00467180       0.00436383      -0.00473293       0.05044084       0.04323407      -0.21585691       0.03870190      -0.02360414       0.01095949      -0.00545828       0.00554986      -0.01872323      -0.02307538       0.01389682      -0.01972301       0.00616134      -0.00540131       0.00536921      -0.01292706       0.03075086       0.00961347      -0.01276404       0.00517911      -0.00731197       0.00276341      -0.00644906       0.00626821      -0.00667955      -0.00444572       0.00744709      -0.00343325       0.00829186      -0.00304494       0.00230519      -0.00257745       0.00897919       0.00374317      -0.00453854       0.01464363      -0.00410012       0.01157707      -0.00674465       0.00711500      -0.00283492
       0.00934138      -0.02450716       0.02286705      -0.04862201       0.00735256      -0.00682738       0.00612976      -0.00748737      -0.02165845       0.02993569      -0.16560121       0.03858384      -0.01186004       0.00887754      -0.00336869       0.00622094       0.00921350      -0.11923736       0.74184163      -0.14974982       0.01928263      -0.01445567       0.00325959      -0.01212935      -0.03624372       0.04947331      -0.16252971       0.06591169      -0.01633214       0.00573878      -0.00639823       0.01618899       0.01631812      -0.04077767       0.01674626      -0.01039351       0.01850353      -0.00627273       0.01052550      -0.01252183      -0.01178906       0.00473687      -0.01133334       0.04065055      -0.00474265       0.00582415      -0.00669842       0.00375078       0.00662611      -0.00958677       0.00466348      -0.02801899       0.00248572      -0.00281734       0.00258726      -0.00523234      -0.00911876       0.00666168      -0.00512597       0.01240518      -0.01122889       0.01469546      -0.00325648       0.00572365
      -0.03204306       0.02336090      -0.01522812       0.02127010      -0.01862761       0.00916431      -0.01127545       0.00836185       0.01742562      -0.02086848       0.13100074      -0.17481910       0.02771572      -0.01741925       0.00616421      -0.00311571      -0.00316347       0.02335115      -0.14974982       0.72616082      -0.18598544       0.05294466      -0.00936705       0.01773587       0.00725807      -0.06422883       0.03199090      -0.11472669       0.07564765      -0.02240473       0.00649546      -0.00897721      -0.00839781       0.01477260      -0.01978300       0.01295297      -0.02775542       0.02522931      -0.00578032       0.00571011       0.01028134      -0.00724791       0.00425118      -0.01316677       0.00606088      -0.00413199       0.00456019      -0.00795835      -0.00531302       0.00825313      -0.00762990       0.00644901      -0.01301490       0.01933339      -0.00398811       0.00267521       0.01060433      -0.01937603       0.02532576      -0.00870409       0.02019428      -0.00687405       0.00464973      -0.00334227
       0.00232485      -0.00719361       0.01018522      -0.02412968       0.01500459      -0.02898453       0.00584160      -0.00703872      -0.01050127       0.00467324      -0.02706925       0.06996038      -0.22881839       0.04720319      -0.01620604       0.00331001       0.01600388      -0.00467180       0.01928263      -0.18598544       0.71406002      -0.11112715       0.01224608      -0.01150032      -0.00478608       0.01395214      -0.03788878       0.03147688      -0.19866883       0.06286557      -0.02468521       0.01011677       0.00578034      -0.01071872       0.01297986      -0.06356041       0.01863715      -0.02367187       0.01315306      -0.00958868      -0.00887968       0.00198807      -0.00321840       0.02508462      -0.01001635       0.00993819      -0.00810204       0.00605579       0.01406542      -0.01193539       0.00403323      -0.02007296       0.01383657      -0.00635704       0.00401694      -0.00445530      -0.00378864       0.00850718      -0.01071752       0.00689060      -0.01680227       0.00785423      -0.00575784       0.00459950
      -0.00333210       0.00731827      -0.00945474       0.01147890      -0.01917926       0.01581329      -0.01524961       0.00722917       0.00278686      -0.00263732       0.00934149      -0.01390969       0.06418545      -0.16658288       0.08499270      -0.01006248      -0.00846910       0.00436383      -0.01445567       0.05294466      -0.11112715       0.73133855      -0.19020972       0.01112422       0.00483208      -0.01323701       0.00617272      -0.01140627       0.03388449      -0.15619023       0.03535732      -0.01164341      -0.00308094       0.00752885      -0.00559310       0.00576641      -0.04290430       0.02340383      -0.02530837       0.01363647       0.00796705      -0.00517219       0.00357993      -0.00499448       0.00758595      -0.00392782       0.00669890      -0.01444666      -0.00612895       0.01124327      -0.00445060       0.00400810      -0.00553733       0.00307287      -0.00320761       0.00213985       0.00412918      -0.01248477       0.00893762      -0.01029768       0.05065391      -0.01051218       0.00493448      -0.00509475
       0.01454135      -0.00859579       0.00490119      -0.00340285       0.01276762      -0.01117218       0.01647054      -0.03703640      -0.00973775       0.00510705      -0.00686263       0.01104502      -0.01667697       0.03938823      -0.12333010       0.07031478       0.02016638      -0.00473293       0.00325959      -0.00936705       0.01224608      -0.19020972       0.77695015      -0.13238019      -0.01186236       0.02076979      -0.00866830       0.00476859      -0.03542403       0.02493834      -0.17162147       0.05838532       0.00501984      -0.00960151       0.00429822      -0.00302447       0.01624435      -0.01359520       0.01515875      -0.02664471      -0.01050803       0.00497309      -0.00709828       0.00335203      -0.01557064       0.00441158      -0.00348690       0.00493191       0.00844767      -0.00457717       0.00304040      -0.01349082       0.01961454      -0.00165436       0.00298347      -0.00287908      -0.00595603       0.01490834      -0.00724383       0.00756315      -0.01350615       0.01123593      -0.01056831       0.00626061
      -0.07406245       0.01984598      -0.01763396       0.00452480      -0.03287042       0.01309181      -0.02441881       0.02495289       0.03026272      -0.01324679       0.00415729      -0.00897769       0.00895131      -0.03994238       0.04459801      -0.15284311      -0.20885713       0.05044084      -0.01212935       0.01773587      -0.01150032       0.01112422      -0.13238019       0.73081592       0.04748445      -0.03151409       0.01423772      -0.00275078       0.02632739      -0.01556069       0.04020314      -0.12720820      -0.06216763       0.01837131      -0.01609250       0.00203618      -0.00319978       0.00939998      -0.01468692       0.02732698       0.02037003      -0.02236803       0.00698150      -0.00451179       0.00691029      -0.00602988       0.00452939      -0.00899304      -0.02947478       0.00586804      -0.00379438       0.02229286      -0.00869956       0.00552555      -0.00460027       0.01454166       0.00610564      -0.02135852       0.00406031      -0.00543252       0.02019976      -0.00959275       0.00447042      -0.00701014
      -0.04914634       0.02080279      -0.00700308       0.00489134      -0.00681626       0.00583926      -0.01404285       0.45649939       0.12226018      -0.02215172       0.00667879      -0.00639828       0.00927694      -0.00428553       0.01008334      -0.02815649      -0.16452887       0.04323407      -0.03624372       0.00725807      -0.00478608       0.00483208      -0.01186236       0.04748445       0.71713292      -0.16515410       0.02286620      -0.00683186       0.00753074      -0.00747309       0.02001140      -0.13752507      -0.13667728       0.02452875      -0.02528369       0.01004928      -0.00221274       0.00597482      -0.03165490       0.02252707       0.02781307      -0.02358233       0.01391121      -0.00932203       0.00501542      -0.00730785       0.01153233      -0.01906426      -0.02917012       0.01130506      -0.02287960       0.01103733      -0.01427562       0.00479460      -0.00565124       0.00574244       0.00381227      -0.00315783       0.03911024      -0.00649457       0.01661232      -0.00431681       0.00693413      -0.01230066
       0.02027401      -0.00891343       0.01123473      -0.02539145       0.06053926      -0.00991917       0.00617757      -0.02275605      -0.11622508       0.03025788      -0.04165680       0.02384319      -0.01663492       0.01142972      -0.01203493       0.01675485       0.04895715      -0.21585691       0.04947331      -0.06422883       0.01395214      -0.01323701       0.02076979      -0.03151409      -0.16515410       0.69959895      -0.24152679       0.04764917      -0.00654961       0.02077398      -0.01218364       0.03241024       0.04556565      -0.10999783       0.02282080      -0.02415359       0.01031742      -0.00602771       0.01845074      -0.03970133      -0.02167885       0.01208781      -0.02524365       0.01501008      -0.03813290       0.00950649      -0.00798927       0.01391190       0.01223706      -0.01560304       0.00495703      -0.02278340       0.00690813      -0.01021710       0.00529756      -0.00488224      -0.00412547       0.00953951      -0.00401934       0.03610084      -0.14173954       0.01426040      -0.00576958       0.00575667
      -0.01148710       0.01136021      -0.01496210       0.02637349      -0.01492709       0.01241247      -0.03522310       0.01009323       0.06414526      -0.02952589       0.01657013      -0.04089141       0.03227896      -0.02442359       0.00612926      -0.03298464      -0.04067108       0.03870190      -0.16252971       0.03199090      -0.03788878       0.00617272      -0.00866830       0.01423772       0.02286620      -0.24152679       0.70822691      -0.18038938       0.04369373      -0.01358738       0.03606626      -0.01642596      -0.02658867       0.03804215      -0.12054674       0.05526568      -0.03009636       0.00847293      -0.01949003       0.01029781       0.02195797      -0.02675576       0.02549201      -0.03525033       0.11035790      -0.04689012       0.09066883      -0.00994684      -0.00591408       0.01203479      -0.01048770       0.01323478      -0.01618337       0.01159562      -0.02551497       0.01532791       0.01117110      -0.00823365       0.10816367      -0.00686815       0.00361215      -0.00777632       0.00758788      -0.00704974
       0.00804025      -0.00381918       0.01093560      -0.01634721       0.00640959      -0.00384198       0.00236075      -0.00336276      -0.00798957       0.00984029      -0.01428210       0.03228297      -0.04620167       0.01454967      -0.00693996       0.00248435       0.01290063      -0.02360414       0.06591169      -0.11472669       0.03147688      -0.01140627       0.00476859      -0.00275078      -0.00683186       0.04764917      -0.18038938       0.74149355      -0.11036300       0.05172033      -0.00886050       0.00762348       0.00766761      -0.02521119       0.06084163      -0.09251246       0.15621138      -0.03570181       0.01000616      -0.02354040      -0.01451468       0.01315008      -0.01382119       0.04237442      -0.03863939       0.01610971      -0.00480926       0.01128006       0.00356673      -0.04179816       0.02637445      -0.01006307       0.00963067      -0.01495601       0.00272264      -0.00323679      -0.00944249       0.00717125      -0.01210249       0.00882630      -0.00551301       0.00567595      -0.00591705       0.00421016
      -0.00668026       0.00938026      -0.00701542       0.00784973      -0.00633373       0.01810806      -0.01164351       0.00379072       0.00772197      -0.00978063       0.00604778      -0.01327698       0.02987107      -0.05252166       0.03608189      -0.00794842      -0.00361717       0.01095949      -0.01633214       0.07564765      -0.19866883       0.03388449      -0.03542403       0.02632739       0.00753074      -0.00654961       0.04369373      -0.11036300       0.73267330      -0.15738190       0.03749486      -0.00729060      -0.00617231       0.00479467      -0.02274163       0.01872165      -0.10223649       0.02850482      -0.01731277       0.00573491       0.01634800      -0.00406671       0.00698709      -0.01376318       0.01263446      -0.01449537       0.00698406      -0.05888293      -0.01529930       0.02276952      -0.00500789       0.00508478      -0.02742200       0.00388657      -0.00396477       0.00313713       0.00747026      -0.00460046       0.00993820      -0.00569462       0.01146391      -0.01012113       0.00392497      -0.00358063
       0.00394308      -0.01677586       0.01067589      -0.00651225       0.01106732      -0.01526822       0.00771776      -0.00767919      -0.00359187       0.00774245      -0.00972320       0.02382958      -0.04584326       0.02300759      -0.10486320       0.00874958       0.03444151      -0.00545828       0.00573878      -0.02240473       0.06286557      -0.15619023       0.02493834      -0.01556069      -0.00747309       0.02077398      -0.01358738       0.05172033      -0.15738190       0.71246770      -0.10298540       0.20145996       0.01687436      -0.01151835       0.00601306      -0.01548983       0.04581160      -0.15876652       0.05256129      -0.06369093      -0.02855023       0.00698799      -0.02377032       0.01904347      -0.04338441       0.01452385      -0.01455961       0.01204844       0.00465496      -0.00695077       0.03169525      -0.01251236       0.01410422      -0.00745535       0.01075435      -0.00672223      -0.00557273       0.00368150      -0.00776811       0.00421485      -0.00986219       0.00591557      -0.00331017       0.00645877
      -0.02170215       0.01243407      -0.00694182       0.00408255      -0.01149681       0.01414344      -0.00623392       0.01057495       0.01208671      -0.02745385       0.00456225      -0.00994559       0.01464266      -0.01627434       0.01366768      -0.01768904      -0.02061792       0.00554986      -0.00639823       0.00649546      -0.02468521       0.03535732      -0.17162147       0.04020314       0.02001140      -0.01218364       0.03606626      -0.00886050       0.03749486      -0.10298540       0.72841452      -0.18611676      -0.03051106       0.01074248      -0.00546889       0.01470646      -0.02026647       0.02349667      -0.23446188       0.09008258       0.02376186      -0.00655235       0.00427150      -0.00966099       0.02492731      -0.02357170       0.02784309      -0.04924718      -0.01007500       0.00553482      -0.00830701       0.00400100      -0.00491834       0.00745749      -0.00985329       0.01107180       0.00414756      -0.01811365       0.00481845      -0.00662169       0.00693410      -0.00564798       0.00778839      -0.00628916
       0.01517589      -0.00945883       0.00722430      -0.00528765       0.00621752      -0.01190239       0.00926975      -0.04413500      -0.04766127       0.01208889      -0.00639996       0.01482586      -0.00972329       0.01513410      -0.02287121       0.01930714       0.14363477      -0.01872323       0.01618899      -0.00897721       0.01011677      -0.01164341       0.05838532      -0.12720820      -0.13752507       0.03241024      -0.01642596       0.00762348      -0.00729060       0.20145996      -0.18611676       0.71249637       0.07928981      -0.04341068       0.00543972      -0.00438425       0.00591420      -0.01349008       0.03936763      -0.23351783      -0.08225918       0.01113937      -0.01412494       0.00589265      -0.00935962       0.02240931      -0.06106792       0.02076689       0.01828174      -0.01879281       0.00516678      -0.04718298       0.00931373      -0.00744007       0.02372453      -0.00832195      -0.01365724       0.01030792      -0.00500297       0.01237299      -0.02318501       0.01232585      -0.00771063       0.00607992
       0.01018479      -0.00792696       0.01554081      -0.00640469       0.01083563      -0.00692395       0.00496806      -0.00967632      -0.00585545       0.01057264      -0.00534381       0.01246285      -0.00418368       0.00782629      -0.01418015       0.00523721       0.01925582      -0.02307538       0.01631812      -0.00839781       0.00578034      -0.00308094       0.00501984      -0.06216763      -0.13667728       0.04556565      -0.02658867       0.00766761      -0.00617231       0.01687436      -0.03051106       0.07928981       0.71831824      -0.13107465       0.01531165      -0.00451777       0.00930474      -0.00627384       0.03698581      -0.18670657      -0.20835373       0.04304629      -0.01063551       0.00707546      -0.00415811       0.01118267      -0.01709583       0.09177519       0.02701512      -0.01896645       0.06388918      -0.00913889       0.00841284      -0.00354271       0.01612581      -0.01473769      -0.00782939       0.00505356      -0.01702158       0.00733763      -0.00420563       0.01152786      -0.00872878       0.01412362
      -0.04421437       0.00495416      -0.00642160       0.02241138      -0.00389211       0.00257886      -0.01134799       0.00806150       0.01391609      -0.04100426       0.00333064      -0.02983035       0.00546624      -0.00747209       0.01241981      -0.00434747      -0.03197829       0.01389682      -0.04077767       0.01477260      -0.01071872       0.00752885      -0.00960151       0.01837131       0.02452875      -0.10999783       0.03804215      -0.02521119       0.00479467      -0.01151835       0.01074248      -0.04341068      -0.13107465       0.74536306      -0.12369368       0.01771347      -0.00764722       0.00629452      -0.02374139       0.05012762       0.02952889      -0.09502625       0.02690241      -0.01664247       0.00447298      -0.02695177       0.01014356      -0.08681510      -0.00807835       0.01985256      -0.02504132       0.00607070      -0.00887921       0.00401883      -0.00492287       0.01114261       0.01880389      -0.00608901       0.00482236      -0.00936491       0.00571160      -0.01875574       0.00241176      -0.00638476
       0.00644037      -0.00295429       0.01057357      -0.01071477       0.03408027      -0.00842317       0.00690973      -0.00785579      -0.01503151       0.01521386      -0.00771130       0.01373068      -0.05064176       0.00587585      -0.01450617       0.00571464       0.01576252      -0.01972301       0.01674626      -0.01978300       0.01297986      -0.00559310       0.00429822      -0.01609250      -0.02528369       0.02282080      -0.12054674       0.06084163      -0.02274163       0.00601306      -0.00546889       0.00543972       0.01531165      -0.12369368       0.74720732      -0.16869532       0.04821021      -0.00733027       0.00715837      -0.00785938      -0.04267803       0.04425494      -0.15589630       0.02347671      -0.03210582       0.00987761      -0.00959174       0.02506026       0.01453684      -0.01619301       0.01262593      -0.02361232       0.01496280      -0.00514170       0.00515591      -0.00386815      -0.00734173       0.02523673      -0.00848335       0.00928670      -0.00433035       0.00440793      -0.00369155       0.00356502
      -0.00422651       0.00310693      -0.00336154       0.00734005      -0.01172973       0.00698330      -0.00316698       0.00187435       0.00538218      -0.00454856       0.00732348      -0.00601719       0.02876706      -0.00739323       0.01600230      -0.00331277      -0.01593986       0.00616134      -0.01039351       0.01295297      -0.06356041       0.00576641      -0.00302447       0.00203618       0.01004928      -0.02415359       0.05526568      -0.09251246       0.01872165      -0.01548983       0.01470646      -0.00438425      -0.00451777       0.01771347      -0.16869532       0.72645069      -0.18991140       0.01090968      -0.00497873       0.00921142       0.00477396      -0.02207900       0.02717329      -0.14413059       0.02987407      -0.01817549       0.00741010      -0.00381471      -0.01306752       0.02689673      -0.01666570       0.02200571      -0.01289641       0.00924597      -0.00952874       0.00376767       0.00449090      -0.00663782       0.01851453      -0.01732265       0.00325874      -0.03489527       0.00271714      -0.00189751
       0.01364187      -0.00570424       0.00391873      -0.00668830       0.00924577      -0.00544950       0.01077108      -0.00323167      -0.00399497       0.00412961      -0.00485087       0.00733552      -0.00517826       0.02000941      -0.01438864       0.00246578       0.00607992      -0.00540131       0.01850353      -0.02775542       0.01863715      -0.04290430       0.01624435      -0.00319978      -0.00221274       0.01031742      -0.03009636       0.15621138      -0.10223649       0.04581160      -0.02026647       0.00591420       0.00930474      -0.00764722       0.04821021      -0.18991140       0.72333602      -0.17786671       0.02139490      -0.01185436      -0.00604269       0.02226460      -0.01319946       0.07200399      -0.11261473       0.08166014      -0.01625811       0.00859936       0.02275516      -0.01821378       0.01565698      -0.03997116       0.05915288      -0.02597947       0.01396291      -0.00464239      -0.00389076       0.00565169      -0.00405816       0.01313811      -0.01271952       0.00501778      -0.00349947       0.00325273
      -0.01156565       0.00585040      -0.01104230       0.01847330      -0.00615169       0.01543517      -0.04034060       0.00404033       0.00407296      -0.00359031       0.00659999      -0.01128486       0.00781723      -0.01832082       0.01142948      -0.00518275      -0.00771032       0.00536921      -0.00627273       0.02522931      -0.02367187       0.02340383      -0.01359520       0.00939998       0.00597482      -0.00602771       0.00847293      -0.03570181       0.02850482      -0.15876652       0.02349667      -0.01349008      -0.00627384       0.00629452      -0.00733027       0.01090968      -0.17786671       0.70641022      -0.10945585       0.02056899       0.01839740      -0.01945905       0.00385933      -0.02867050       0.09908253      -0.19079224       0.18635516      -0.03276623      -0.01806456       0.00783977      -0.00745580       0.03614334      -0.08421190       0.02152358      -0.04118352       0.00711397       0.00654698      -0.00567415       0.00852573      -0.01460560       0.01491645      -0.03416882       0.00802347      -0.01203017
       0.00449086      -0.00974069       0.00425168      -0.00674512       0.01475443      -0.00906677       0.00576200      -0.00623678      -0.02166116       0.00570670      -0.00586627       0.00382534      -0.01224048       0.00822596      -0.01225821       0.00595248       0.03564993      -0.01292706       0.01052550      -0.00578032       0.01315306      -0.02530837       0.01515875      -0.01468692      -0.03165490       0.01845074      -0.01949003       0.01000616      -0.01731277       0.05256129      -0.23446188       0.03936763       0.03698581      -0.02374139       0.00715837      -0.00497873       0.02139490      -0.10945585       0.71418107      -0.16045558      -0.10296248       0.00684160      -0.00520980       0.00923645      -0.01881524       0.03889646      -0.12695133       0.04872563       0.01869514      -0.00806572       0.01526904      -0.02413823       0.02134698      -0.02194312       0.01266039      -0.02029900      -0.00687633       0.02088018      -0.00420118       0.00712207      -0.03670320       0.01319182      -0.01062532       0.01540642
      -0.00905766       0.00701086      -0.00799555       0.00566957      -0.02583216       0.00323551      -0.00662012       0.01389926       0.00753867      -0.00924465       0.00454716      -0.00919207       0.00470214      -0.03283895       0.01880785      -0.00727938      -0.03572991       0.03075086      -0.01252183       0.00571011      -0.00958868       0.01363647      -0.02664471       0.02732698       0.02252707      -0.03970133       0.01029781      -0.02354040       0.00573491      -0.06369093       0.09008258      -0.23351783      -0.18670657       0.05012762      -0.00785938       0.00921142      -0.01185436       0.02056899      -0.16045558       0.70774818       0.11058959      -0.02252152       0.00708789      -0.00373063       0.00394100      -0.06341388       0.03253739      -0.18292934      -0.07088803       0.02562246      -0.00529283       0.00479125      -0.00557897       0.00789846      -0.02597904       0.05929770       0.00684325      -0.00716036       0.03065581      -0.00485256       0.00796144      -0.02183575       0.02229436      -0.01841097
      -0.01126132       0.01565688      -0.01261730       0.00866398      -0.01048285       0.01146239      -0.00672803       0.02510017       0.01001112      -0.01573663       0.00690145      -0.00960960       0.00895935      -0.00418921       0.00968306      -0.00551700      -0.02542232       0.00961347      -0.01178906       0.01028134      -0.00887968       0.00796705      -0.01050803       0.02037003       0.02781307      -0.02167885       0.02195797      -0.01451468       0.01634800      -0.02855023       0.02376186      -0.08225918      -0.20835373       0.02952889      -0.04267803       0.00477396      -0.00604269       0.01839740      -0.10296248       0.11058959       0.72419016      -0.18509580       0.01547807      -0.01805997       0.00984390      -0.00975718       0.01689647      -0.14281709      -0.20834488       0.10534479      -0.02265960       0.01302012      -0.00310728       0.00498531      -0.04843747       0.04102156       0.05431985      -0.01509425       0.00735318      -0.00615212       0.00546374      -0.00387350       0.00733976      -0.02520742
       0.01697291      -0.00397821       0.01082309      -0.01089102       0.04549306      -0.00542627       0.00716759      -0.00917595      -0.01300765       0.01277140      -0.00495568       0.00662279      -0.00843682       0.01386778      -0.01028678       0.00554021       0.00531123      -0.01276404       0.00473687      -0.00724791       0.00198807      -0.00517219       0.00497309      -0.02236803      -0.02358233       0.01208781      -0.02675576       0.01315008      -0.00406671       0.00698799      -0.00655235       0.01113937       0.04304629      -0.09502625       0.04425494      -0.02207900       0.02226460      -0.01945905       0.00684160      -0.02252152      -0.18509580       0.74622479      -0.11129982       0.01411780      -0.00289859       0.01222652      -0.00352769       0.03332765       0.03976488      -0.16347957       0.02923898      -0.01977244       0.00391504      -0.02110103       0.00363928      -0.02452795      -0.01706943       0.01851396      -0.01215562       0.01207133      -0.01229338       0.00805183      -0.00469967       0.02251119
      -0.01151071       0.00402439      -0.00857272       0.01341411      -0.00949756       0.01077930      -0.00603035       0.00234349       0.00503700      -0.00284458       0.00343032      -0.01129187       0.00985038      -0.01140904       0.00990228      -0.00666490      -0.00457122       0.00517911      -0.01133334       0.00425118      -0.00321840       0.00357993      -0.00709828       0.00698150       0.01391121      -0.02524365       0.02549201      -0.01382119       0.00698709      -0.02377032       0.00427150      -0.01412494      -0.01063551       0.02690241      -0.15589630       0.02717329      -0.01319946       0.00385933      -0.00520980       0.00708789       0.01547807      -0.11129982       0.72983169      -0.15433392       0.00834961      -0.00536148       0.00303200      -0.00555736      -0.01880795       0.08097446      -0.14756705       0.06087763      -0.04199616       0.00820637      -0.00531518       0.00375533       0.00667729      -0.01905270       0.44909630      -0.02289041       0.00948416      -0.01393965       0.00641548      -0.00589379
       0.00609926      -0.00449042       0.00838498      -0.03412956       0.01883236      -0.00665576       0.00363555      -0.00474695      -0.00364621       0.00379024      -0.00391321       0.00792258      -0.01204200       0.00695305      -0.00669158       0.00358563       0.00310577      -0.00731197       0.04065055      -0.01316677       0.02508462      -0.00499448       0.00335203      -0.00451179      -0.00932203       0.01501008      -0.03525033       0.04237442      -0.01376318       0.01904347      -0.00966099       0.00589265       0.00707546      -0.01664247       0.02347671      -0.14413059       0.07200399      -0.02867050       0.00923645      -0.00373063      -0.01805997       0.01411780      -0.15433392       0.70346796      -0.18841365       0.08928067      -0.00511814       0.00681716       0.01242715      -0.08120184       0.03191267      -0.33322984       0.04759724      -0.03494966       0.00549073      -0.00383518      -0.00812016       0.02074959      -0.06588669       0.04145924      -0.02546562       0.02130718      -0.00958414       0.01657430
      -0.00357408       0.00310452      -0.03861320       0.01438757      -0.01151988       0.01511168      -0.00745512       0.00268807       0.00267940      -0.00392432       0.00612900      -0.03806623       0.02186181      -0.00517264       0.02933218      -0.00639949      -0.00876651       0.00276341      -0.00474265       0.00606088      -0.01001635       0.00758595      -0.01557064       0.00691029       0.00501542      -0.03813290       0.11035790      -0.03863939       0.01263446      -0.04338441       0.02492731      -0.00935962      -0.00415811       0.00447298      -0.03210582       0.02987407      -0.11261473       0.09908253      -0.01881524       0.00394100       0.00984390      -0.00289859       0.00834961      -0.18841365       0.72445322      -0.19581327       0.01491516      -0.00838927      -0.00619191       0.00408017      -0.05128758       0.02661383      -0.13221788       0.08936199      -0.00904439       0.01708096       0.00268560      -0.00729118       0.02556546      -0.01309514       0.01701669      -0.01990486       0.00385525      -0.00420284
       0.00999410      -0.00350254       0.00500656      -0.00461479       0.00406448      -0.00489969       0.02927432      -0.00405924      -0.01413910       0.00369178      -0.00449689       0.01065130      -0.00891019       0.01073545      -0.00307135       0.01001855       0.00986357      -0.00644906       0.00582415      -0.00413199       0.00993819      -0.00392782       0.00441158      -0.00602988      -0.00730785       0.00950649      -0.04689012       0.01610971      -0.01449537       0.01452385      -0.02357170       0.02240931       0.01118267      -0.02695177       0.00987761      -0.01817549       0.08166014      -0.19079224       0.03889646      -0.06341388      -0.00975718       0.01222652      -0.00536148       0.08928067      -0.19581327       0.70690388      -0.14168086       0.04430705       0.01197803      -0.00592359       0.04771816      -0.01938080       0.02429951      -0.20520980       0.04512085      -0.04253162      -0.00520336       0.00440404      -0.00621964       0.00502243      -0.06889326       0.00819446      -0.03537856       0.02125907
      -0.00506704       0.02139440      -0.00824210       0.00488835      -0.00723798       0.00654796      -0.00696708       0.00743932       0.00922734      -0.00732728       0.00317896      -0.00311420       0.00193000      -0.01150592       0.00562961      -0.00714823      -0.00642430       0.00626821      -0.00669842       0.00456019      -0.00810204       0.00669890      -0.00348690       0.00452939       0.01153233      -0.00798927       0.09066883      -0.00480926       0.00698406      -0.01455961       0.02784309      -0.06106792      -0.01709583       0.01014356      -0.00959174       0.00741010      -0.01625811       0.18635516      -0.12695133       0.03253739       0.01689647      -0.00352769       0.00303200      -0.00511814       0.01491516      -0.14168086       0.73926657      -0.23120533      -0.01163542       0.00409015      -0.00406891       0.01272731      -0.02140605       0.02268441      -0.11427721       0.03743256       0.01371989      -0.00364820       0.00752035      -0.00427323       0.01263075      -0.02633386       0.01955302      -0.01666210
       0.00475324      -0.01130338       0.01409577      -0.00829497       0.01249005      -0.01087177       0.02910853      -0.01162560      -0.00720990       0.00562223      -0.00398848       0.00831199      -0.02374274       0.00418034      -0.01151855       0.00364708       0.00911138      -0.00667955       0.00375078      -0.00795835       0.00605579      -0.01444666       0.00493191      -0.00899304      -0.01906426       0.01391190      -0.00994684       0.01128006      -0.05888293       0.01204844      -0.04924718       0.02076689       0.09177519      -0.08681510       0.02506026      -0.00381471       0.00859936      -0.03276623       0.04872563      -0.18292934      -0.14281709       0.03332765      -0.00555736       0.00681716      -0.00838927       0.04430705      -0.23120533       0.70891386       0.08901142      -0.02018197       0.01465820      -0.08978811       0.00705428      -0.02507427       0.03045120      -0.20517310      -0.02136654       0.03193035      -0.00558388       0.02012174      -0.00164721       0.00507847      -0.01175292       0.03560440
       0.03850796      -0.02115821       0.01588618      -0.01766036       0.00772760      -0.01484929       0.01633733      -0.02113664      -0.01253809       0.01173663      -0.00612781       0.10642284      -0.00347237       0.00460325      -0.01214369       0.00858380       0.02850220      -0.00444572       0.00662611      -0.00531302       0.01406542      -0.00612895       0.00844767      -0.02947478      -0.02917012       0.01223706      -0.00591408       0.00356673      -0.01529930       0.00465496      -0.01007500       0.01828174       0.02701512      -0.00807835       0.01453684      -0.01306752       0.02275516      -0.01806456       0.01869514      -0.07088803      -0.20834488       0.03976488      -0.01880795       0.01242715      -0.00619191       0.01197803      -0.01163542       0.08901142       0.70683507      -0.16898320       0.02818609      -0.10731174       0.00300177      -0.01351572       0.02081725      -0.18651057      -0.16800302       0.03494774      -0.01482385       0.01321315      -0.02287548       0.00446641      -0.01183146       0.08235281
      -0.02332011       0.01578003      -0.01438981       0.03787281      -0.01438981       0.00335862      -0.01037267       0.01677385       0.00540504      -0.01398222       0.00488244      -0.01260291       0.00552083      -0.00690695       0.00689358      -0.00798520      -0.02224187       0.00744709      -0.00958677       0.00825313      -0.01193539       0.01124327      -0.00457717       0.00586804       0.01130506      -0.01560304       0.01203479      -0.04179816       0.02276952      -0.00695077       0.00553482      -0.01879281      -0.01896645       0.01985256      -0.01619301       0.02689673      -0.01821378       0.00783977      -0.00806572       0.02562246       0.10534479      -0.16347957       0.08097446      -0.08120184       0.00408017      -0.00592359       0.00409015      -0.02018197      -0.16898320       0.73935342      -0.31860767       0.08016894      -0.00546676       0.00935474      -0.00550956       0.01855446       0.03247347      -0.10252696       0.04937688      -0.01278521       0.00654217      -0.00307946       0.00742152      -0.02864976
       0.01730582      -0.02245840       0.01645902      -0.11186989       0.01655045      -0.02190627       0.00437704      -0.01120108      -0.01088013       0.01118184      -0.00781989       0.05336025      -0.00808599       0.01591575      -0.01013619       0.01230498       0.00308291      -0.00343325       0.00466348      -0.00762990       0.00403323      -0.00445060       0.00304040      -0.00379438      -0.02287960       0.00495703      -0.01048770       0.02637445      -0.00500789       0.03169525      -0.00830701       0.00516678       0.06388918      -0.02504132       0.01262593      -0.01666570       0.01565698      -0.00745580       0.01526904      -0.00529283      -0.02265960       0.02923898      -0.14756705       0.03191267      -0.05128758       0.04771816      -0.00406891       0.01465820       0.02818609      -0.31860767       0.73216396      -0.15035298       0.01315076      -0.01346331       0.00969431      -0.00944490      -0.04105820       0.08490052      -0.18579320       0.03401171      -0.03855615       0.01671676      -0.01096642       0.01685561
      -0.04029459       0.01437332      -0.01473185       0.03113868      -0.01257476       0.01294749      -0.03722375       0.00527016       0.01140055      -0.03868579       0.00493644      -0.02199855       0.02437029      -0.01669720       0.01477090      -0.00371043      -0.02056303       0.00829186      -0.02801899       0.00644901      -0.02007296       0.00400810      -0.01349082       0.02229286       0.01103733      -0.02278340       0.01323478      -0.01006307       0.00508478      -0.01251236       0.00400100      -0.04718298      -0.00913889       0.00607070      -0.02361232       0.02200571      -0.03997116       0.03614334      -0.02413823       0.00479125       0.01302012      -0.01977244       0.06087763      -0.33322984       0.02661383      -0.01938080       0.01272731      -0.08978811      -0.10731174       0.08016894      -0.15035298       0.71119724      -0.15217934       0.02222781      -0.00535001       0.02539837       0.02361925      -0.02585648       0.06750659      -0.12749439       0.02811378      -0.09444628       0.01119109      -0.00990113
       0.00319431      -0.00635379       0.05936482      -0.02502664       0.02739114      -0.02447084       0.01299586      -0.00534340      -0.00587288       0.00537016      -0.00791279       0.14449736      -0.00932169       0.02454545      -0.01067580       0.00558426       0.00497666      -0.00304494       0.00248572      -0.01301490       0.01383657      -0.00553733       0.01961454      -0.00869956      -0.01427562       0.00690813      -0.01618337       0.00963067      -0.02742200       0.01410422      -0.00491834       0.00931373       0.00841284      -0.00887921       0.01496280      -0.01289641       0.05915288      -0.08421190       0.02134698      -0.00557897      -0.00310728       0.00391504      -0.04199616       0.04759724      -0.13221788       0.02429951      -0.02140605       0.00705428       0.00300177      -0.00546676       0.01315076      -0.15217934       0.75756596      -0.20475348       0.02194314      -0.00288779      -0.00304455       0.00452833      -0.01488260       0.02068715      -0.27599091       0.04401155      -0.01001832       0.00575006
      -0.02794059       0.00684418      -0.00651863       0.00830210      -0.03975297       0.01518298      -0.04118201       0.02113006       0.00491473      -0.00398200       0.00363918      -0.00750498       0.01970323      -0.01001702       0.00365073      -0.00541730      -0.00446547       0.00230519      -0.00281734       0.01933339      -0.00635704       0.00307287      -0.00165436       0.00552555       0.00479460      -0.01021710       0.01159562      -0.01495601       0.00388657      -0.00745535       0.00745749      -0.00744007      -0.00354271       0.00401883      -0.00514170       0.00924597      -0.02597947       0.02152358      -0.02194312       0.00789846       0.00498531      -0.02110103       0.00820637      -0.03494966       0.08936199      -0.20520980       0.02268441      -0.02507427      -0.01351572       0.00935474      -0.01346331       0.02222781      -0.20475348       0.73261746      -0.22117920       0.01952128       0.01305323      -0.00208684       0.00518685      -0.01105972       0.04520393      -0.16061812       0.06329360      -0.03907431
       0.01655083      -0.01049102       0.00359505      -0.00477427       0.02219723      -0.03047960       0.01747851      -0.02324503      -0.00461521       0.00303714      -0.00591793       0.00449257      -0.01547218       0.01722278      -0.00962997       0.01631892       0.00482784      -0.00257745       0.00258726      -0.00398811       0.00401694      -0.00320761       0.00298347      -0.00460027      -0.00565124       0.00529756      -0.02551497       0.00272264      -0.00396477       0.01075435      -0.00985329       0.02372453       0.01612581      -0.00492287       0.00515591      -0.00952874       0.01396291      -0.04118352       0.01266039      -0.02597904      -0.04843747       0.00363928      -0.00531518       0.00549073      -0.00904439       0.04512085      -0.11427721       0.03045120       0.02081725      -0.00550956       0.00969431      -0.00535001       0.02194314      -0.22117920       0.75118860      -0.26700759      -0.01814847       0.00463581      -0.00518190       0.00470544      -0.01823529       0.07097754      -0.14249328       0.03319688
      -0.07737632       0.01773279      -0.03355469       0.00968963      -0.00547912       0.00783748      -0.01346972       0.01414224       0.00642575      -0.01663013       0.00411403      -0.00695189       0.00392243      -0.01927873       0.01870740      -0.00752217      -0.02750848       0.00897919      -0.00523234       0.00267521      -0.00445530       0.00213985      -0.00287908       0.01454166       0.00574244      -0.00488224       0.01532791      -0.00323679       0.00313713      -0.00672223       0.01107180      -0.00832195      -0.01473769       0.01114261      -0.00386815       0.00376767      -0.00464239       0.00711397      -0.02029900       0.05929770       0.04102156      -0.02452795       0.00375533      -0.00383518       0.01708096      -0.04253162       0.03743256      -0.20517310      -0.18651057       0.01855446      -0.00944490       0.02539837      -0.00288779       0.01952128      -0.26700759       0.72132333       0.03985955      -0.01402472       0.04047830      -0.01824043       0.00668119      -0.02676098       0.01884038      -0.20776219
      -0.13112314       0.06889454      -0.01399949       0.02093752      -0.00352548       0.01821529      -0.01240145       0.02744647       0.00857462      -0.01670476       0.00718627      -0.01861773       0.00402242      -0.00407060       0.02197554      -0.02360707      -0.01154794       0.00374317      -0.00911876       0.01060433      -0.00378864       0.00412918      -0.00595603       0.00610564       0.00381227      -0.00412547       0.01117110      -0.00944249       0.00747026      -0.00557273       0.00414756      -0.01365724      -0.00782939       0.01880389      -0.00734173       0.00449090      -0.00389076       0.00654698      -0.00687633       0.00684325       0.05431985      -0.01706943       0.00667729      -0.00812016       0.00268560      -0.00520336       0.01371989      -0.02136654      -0.16800302       0.03247347      -0.04105820       0.02361925      -0.00304455       0.01305323      -0.01814847       0.03985955       0.74184156      -0.12942672       0.01736330      -0.00747744       0.00613227      -0.00612885       0.01182493      -0.10894464
       0.07224238      -0.51444122       0.08927457      -0.02260014       0.00507392      -0.00415673       0.00658241      -0.01177189      -0.02628076       0.01569326      -0.01510286       0.08154430      -0.01274443       0.01192535      -0.01309569       0.01756093       0.02204315      -0.00453854       0.00666168      -0.01937603       0.00850718      -0.01248477       0.01490834      -0.02135852      -0.00315783       0.00953951      -0.00823365       0.00717125      -0.00460046       0.00368150      -0.01811365       0.01030792       0.00505356      -0.00608901       0.02523673      -0.00663782       0.00565169      -0.00567415       0.02088018      -0.00716036      -0.01509425       0.01851396      -0.01905270       0.02074959      -0.00729118       0.00440404      -0.00364820       0.03193035       0.03494774      -0.10252696       0.08490052      -0.02585648       0.00452833      -0.00208684       0.00463581      -0.01402472      -0.12942672       0.76633609      -0.07647306       0.02879193      -0.00694043       0.00229958      -0.00517338       0.01797066
      -0.01220733       0.10196941      -0.17908454       0.04201991      -0.01297854       0.00325858      -0.00592213       0.00838286       0.00619561      -0.02264764       0.04454959      -0.32062590       0.01929169      -0.00729483       0.00621408      -0.00560012      -0.00943760       0.01464363      -0.00512597       0.02532576      -0.01071752       0.00893762      -0.00724383       0.00406031       0.03911024      -0.00401934       0.10816367      -0.01210249       0.00993820      -0.00776811       0.00481845      -0.00500297      -0.01702158       0.00482236      -0.00848335       0.01851453      -0.00405816       0.00852573      -0.00420118       0.03065581       0.00735318      -0.01215562       0.44909630      -0.06588669       0.02556546      -0.00621964       0.00752035      -0.00558388      -0.01482385       0.04937688      -0.18579320       0.06750659      -0.01488260       0.00518685      -0.00518190       0.04047830       0.01736330      -0.07647306       0.73148553      -0.16518461       0.01681613      -0.00508440       0.00467784      -0.01387687
       0.00632974      -0.02369853       0.02465653      -0.26069902       0.01965901      -0.01888492       0.01580934      -0.00425211      -0.00814013       0.01178891      -0.02201527       0.07028002      -0.03349209       0.01968313      -0.00493460       0.00483604       0.03730101      -0.00410012       0.01240518      -0.00870409       0.00689060      -0.01029768       0.00756315      -0.00543252      -0.00649457       0.03610084      -0.00686815       0.00882630      -0.00569462       0.00421485      -0.00662169       0.01237299       0.00733763      -0.00936491       0.00928670      -0.01732265       0.01313811      -0.01460560       0.00712207      -0.00485256      -0.00615212       0.01207133      -0.02289041       0.04145924      -0.01309514       0.00502243      -0.00427323       0.02012174       0.01321315      -0.01278521       0.03401171      -0.12749439       0.02068715      -0.01105972       0.00470544      -0.01824043      -0.00747744       0.02879193      -0.16518461       0.74152972      -0.09481471       0.00941160      -0.00352582       0.00611559
      -0.00472915       0.00937480      -0.01484180       0.08901152      -0.28062150       0.03016468      -0.03161651       0.01282181       0.00385174      -0.00752683       0.01225469      -0.03072664       0.68118120      -0.06266858       0.00808777      -0.01835048      -0.00722726       0.01157707      -0.01122889       0.02019428      -0.01680227       0.05065391      -0.01350615       0.02019976       0.01661232      -0.14173954       0.00361215      -0.00551301       0.01146391      -0.00986219       0.00693410      -0.02318501      -0.00420563       0.00571160      -0.00433035       0.00325874      -0.01271952       0.01491645      -0.03670320       0.00796144       0.00546374      -0.01229338       0.00948416      -0.02546562       0.01701669      -0.06889326       0.01263075      -0.00164721      -0.02287548       0.00654217      -0.03855615       0.02811378      -0.27599091       0.04520393      -0.01823529       0.00668119       0.00613227      -0.00694043       0.01681613      -0.09481471       0.74776459      -0.12113477       0.01569521      -0.01056757
       0.00522637      -0.00749637       0.01240782      -0.03603349       0.02654220      -0.13611249       0.08816111      -0.03974754      -0.00587740       0.00767707      -0.01227862       0.01030062      -0.02697855       0.03095236      -0.01824680       0.03889127       0.00859885      -0.00674465       0.01469546      -0.00687405       0.00785423      -0.01051218       0.01123593      -0.00959275      -0.00431681       0.01426040      -0.00777632       0.00567595      -0.01012113       0.00591557      -0.00564798       0.01232585       0.01152786      -0.01875574       0.00440793      -0.03489527       0.00501778      -0.03416882       0.01319182      -0.02183575      -0.00387350       0.00805183      -0.01393965       0.02130718      -0.01990486       0.00819446      -0.02633386       0.00507847       0.00446641      -0.00307946       0.01671676      -0.09444628       0.04401155      -0.16061812       0.07097754      -0.02676098      -0.00612885       0.00229958      -0.00508440       0.00941160      -0.12113477       0.73112651      -0.12651785       0.01138536
      -0.03154358       0.00557555      -0.00331865       0.01054139      -0.03036995       0.03206801      -0.22041607       0.02329583       0.00822783      -0.00527181       0.01475757      -0.00810339       0.01926861      -0.02557031       0.01413071      -0.01156358      -0.00594004       0.00711500      -0.00325648       0.00464973      -0.00575784       0.00493448      -0.01056831       0.00447042       0.00693413      -0.00576958       0.00758788      -0.00591705       0.00392497      -0.00331017       0.00778839      -0.00771063      -0.00872878       0.00241176      -0.00369155       0.00271714      -0.00349947       0.00802347      -0.01062532       0.02229436       0.00733976      -0.00469967       0.00641548      -0.00958414       0.00385525      -0.03537856       0.01955302      -0.01175292      -0.01183146       0.00742152      -0.01096642       0.01119109      -0.01001832       0.06329360      -0.14249328       0.01884038       0.01182493      -0.00517338       0.00467784      -0.00352582       0.01569521      -0.12651785       0.72873079      -0.15214357
       0.10798079      -0.02851810       0.00842105      -0.00811117       0.01162668      -0.01622711       0.07130623      -0.19408091      -0.01179397       0.01332124      -0.00563268       0.02068740      -0.00506993       0.01544452      -0.04087655       0.01709739       0.01317955      -0.00283492       0.00572365      -0.00334227       0.00459950      -0.00509475       0.00626061      -0.00701014      -0.01230066       0.00575667      -0.00704974       0.00421016      -0.00358063       0.00645877      -0.00628916       0.00607992       0.01412362      -0.00638476       0.00356502      -0.00189751       0.00325273      -0.01203017       0.01540642      -0.01841097      -0.02520742       0.02251119      -0.00589379       0.01657430      -0.00420284       0.02125907      -0.01666210       0.03560440       0.08235281      -0.02864976       0.01685561      -0.00990113       0.00575006      -0.03907431       0.03319688      -0.20776219      -0.10894464       0.01797066      -0.01387687       0.00611559      -0.01056757       0.01138536      -0.15214357       0.74433768
+-
       0.01045014       0.02421202       0.00887691       0.00373810       0.00401672       0.00273413       0.00365758       0.04995529       0.09599933       0.02756400       0.00363315       0.00337941       0.00449389       0.00266254       0.00438726       0.01546803       0.17442219       0.00428162       0.00400426       0.02600529       0.00063729       0.00098669       0.00530686       0.05515299       0.03991647       0.01061290       0.00419814       0.00292902       0.00255128       0.00091593       0.01400938       0.00601854       0.00334404       0.04004902       0.00312475       0.00107177       0.00809810       0.00528610       0.00106293       0.00340718       0.00414852       0.00805558       0.00607237       0.00397135       0.00126770       0.00360097       0.00141683       0.00087776       0.01879388       0.00924831       0.00754703       0.03307965       0.00108447       0.02064275       0.00755356       0.04996960       0.04061826       0.02486215       0.00379341       0.00291698       0.00246003       0.00123486       0.00705284       0.05642160
       0.02421202       0.01103460       0.10146910       0.00732855       0.00741248       0.00124769       0.00341956       0.04422455       0.00953615       0.02936871       0.00866951       0.01860957       0.00491625       0.00341985       0.01416037       0.02122596       0.00555411       0.00540605       0.00822043       0.00639704       0.00317334       0.00277134       0.00297852       0.00718273       0.01644954       0.00351063       0.00516008       0.00087991       0.00382718       0.01143527       0.00616280       0.00193688       0.00254606       0.00195459       0.00072351       0.00070561       0.00336785       0.00293116       0.00324970       0.00158289       0.00646969       0.00095665       0.00126503       0.00152948       0.00064432       0.00080232       0.01546331       0.00659590       0.00954640       0.00427555       0.00717211       0.00450197       0.00144007       0.00182403       0.00222270       0.00804997       0.02065433       0.29151199       0.05702142       0.00783606       0.00317644       0.00594989       0.00095238       0.01055107
       0.00887691       0.10146910       0.01019839       0.05383861       0.00307943       0.00598074       0.00204723       0.00099112       0.02376390       0.01238259       0.02055566       0.02982961       0.01013038       0.00733634       0.00515078       0.01036528       0.01060980       0.00346374       0.00821777       0.00507635       0.00204292       0.00643086       0.00172708       0.01270676       0.00344210       0.00274345       0.00488279       0.00262299       0.00214777       0.00588698       0.00305501       0.00362861       0.01058218       0.00152024       0.00471116       0.00091649       0.00126123       0.00491386       0.00097739       0.00320687       0.00592401       0.00618222       0.00426459       0.00306196       0.02879963       0.00262794       0.00380795       0.00965944       0.00840239       0.00484284       0.00473398       0.00449544       0.05208185       0.00352057       0.00113704       0.02971711       0.00789554       0.05660069       0.06360997       0.00490139       0.00433596       0.00635297       0.00153796       0.00424064
       0.00373810       0.00732855       0.05383861       0.01991430       0.03181670       0.01135639       0.01587634       0.00141531       0.00646544       0.00207220       0.02473795       0.13173925       0.03816384       0.06098054       0.00524244       0.00075790       0.00154352       0.00419779       0.02727322       0.00654935       0.00908025       0.00444374       0.00092567       0.00188464       0.00188910       0.01887658       0.00956564       0.00621657       0.00239610       0.00119474       0.00142643       0.00334226       0.00184419       0.01259894       0.00740175       0.00334337       0.00228364       0.01384319       0.00425089       0.00182953       0.00489023       0.00609594       0.00460819       0.02559367       0.00886334       0.00193193       0.00204186       0.00388842       0.00794666       0.02479480       0.06795115       0.01178997       0.00662308       0.00258216       0.00186199       0.00255625       0.00757652       0.00707282       0.01037858       0.11360614       0.05645462       0.01136115       0.00497612       0.00270029
       0.00401672       0.00741248       0.00307943       0.03181670       0.01597638       0.02901886       0.05591472       0.00870941       0.00811889       0.00621415       0.00610944       0.01591574       0.02099506       0.03412446       0.00436259       0.00740987       0.00121882       0.00121996       0.00196047       0.00902708       0.00430314       0.00549151       0.00563445       0.02651503       0.00314192       0.05355577       0.01086930       0.00181834       0.00181531       0.00246146       0.00844759       0.00228573       0.00710298       0.00133413       0.02950515       0.00573698       0.00481306       0.00091577       0.00833092       0.01091916       0.00485889       0.04235840       0.00254928       0.01005348       0.00727463       0.00082882       0.00281523       0.00941658       0.00395928       0.00621150       0.00398814       0.00315057       0.01105179       0.02327099       0.01410911       0.00137395       0.00087723       0.00211555       0.00512497       0.00382049       0.15581710       0.00486689       0.01377139       0.00585340
       0.00273413       0.00124769       0.00598074       0.01135639       0.02901886       0.00774014       0.03041140       0.00142058       0.00085395       0.00058361       0.00371964       0.01046355       0.00448875       0.02191779       0.00753448       0.01862642       0.00185324       0.00131945       0.00312823       0.00248936       0.01897777       0.00535830       0.00469641       0.00565959       0.00449817       0.00435750       0.00816555       0.00135236       0.01411198       0.00538469       0.00728129       0.00514590       0.00159676       0.00050080       0.00466967       0.00268337       0.00196031       0.00539393       0.00395153       0.00065487       0.00810162       0.00214793       0.00343362       0.00191725       0.01082257       0.00131969       0.00248111       0.00380425       0.01220471       0.00106617       0.01218354       0.00400939       0.01643879       0.00550343       0.01605878       0.00304450       0.01083717       0.00191729       0.00039387       0.00708792       0.00860242       0.02244252       0.01059160       0.00543002
       0.00365758       0.00341956       0.00204723       0.01587634       0.05591472       0.03041140       0.01747022       0.12262630       0.01339562       0.00798350       0.00912582       0.02044667       0.00465412       0.00765656       0.02197023       0.00614574       0.00262338       0.00211833       0.00204823       0.00414178       0.00236917       0.00381442       0.00560107       0.00915503       0.00847240       0.00184029       0.01967877       0.00065907       0.00675217       0.00289128       0.00231984       0.00263920       0.00101719       0.00846205       0.00407787       0.00121383       0.00497610       0.03143634       0.00270713       0.00164950       0.00078410       0.00215771       0.00250459       0.00113096       0.00304987       0.01786468       0.00339773       0.02323825       0.00771923       0.00582092       0.00170105       0.01415148       0.00396043       0.02680019       0.00596560       0.00266788       0.00405824       0.00187994       0.00218366       0.00775366       0.01744883       0.04135225       0.06818954       0.02479363
       0.04995529       0.04422455       0.00099112       0.00141531       0.00870941       0.00142058       0.12262630       0.01025129       0.00711418       0.00239409       0.00477405       0.00650279       0.00363594       0.02653259       0.01863335       0.06045108       0.05768471       0.00202154       0.00267235       0.00557757       0.00285078       0.00221954       0.01951827       0.01050207       0.44741541       0.01532416       0.00393717       0.00128972       0.00125188       0.00195058       0.00283972       0.03530485       0.00497698       0.00348018       0.00384807       0.00036884       0.00067775       0.00126055       0.00218464       0.00761465       0.01023857       0.00441841       0.00061435       0.00172519       0.00076321       0.00108271       0.00224038       0.00773386       0.00944641       0.00734225       0.00364725       0.00171522       0.00252554       0.01041601       0.00569016       0.00486837       0.00643504       0.00277923       0.00355994       0.00219941       0.00549857       0.01703313       0.00399862       0.05437313
       0.09599933       0.00953615       0.02376390       0.00646544       0.00811889       0.00085395       0.01339562       0.00711418       0.01693760       0.05949266       0.00628429       0.01079553       0.00123302       0.00379623       0.00616084       0.01740327       0.16858530       0.03146360       0.00729101       0.00524792       0.00420064       0.00039967       0.00208597       0.00834097       0.10797673       0.07456637       0.04866030       0.00280062       0.00333891       0.00079039       0.00410324       0.02769881       0.00116018       0.00531949       0.00792884       0.00166299       0.00113793       0.00128554       0.00945435       0.00290847       0.00508135       0.00689942       0.00177847       0.00091085       0.00068612       0.00942325       0.00464124       0.00266146       0.00731343       0.00122949       0.00537731       0.00468189       0.00374224       0.00193744       0.00128872       0.00156754       0.00395056       0.01038275       0.00109688       0.00367716       0.00109122       0.00244911       0.00174676       0.00470647
       0.02756400       0.02936871       0.01238259       0.00207220       0.00621415       0.00058361       0.00798350       0.00239409       0.05949266       0.01379410       0.01415665       0.00405116       0.00145916       0.00103687       0.00202193       0.01101095       0.02398084       0.01547698       0.00979005       0.00522500       0.00143037       0.00075607       0.00203580       0.00302075       0.00948259       0.00811804       0.00836275       0.00185539       0.00651788       0.00488381       0.01553221       0.00368684       0.00422505       0.03634667       0.00642510       0.00206815       0.00151794       0.00139669       0.00100925       0.00245420       0.00718824       0.00637394       0.00093779       0.00143766       0.00152053       0.00100882       0.00293947       0.00152380       0.00599261       0.00551510       0.00283737       0.03495682       0.00092276       0.00185869       0.00065253       0.00662414       0.00485528       0.00351845       0.01407697       0.00516355       0.00332758       0.00259472       0.00126083       0.00352978
       0.00363315       0.00866951       0.02055566       0.02473795       0.00610944       0.00371964       0.00912582       0.00477405       0.00628429       0.01415665       0.01303818       0.03231303       0.01163867       0.00557012       0.00137659       0.00216016       0.00427491       0.01020423       0.04455196       0.06481117       0.01369821       0.00572036       0.00260847       0.00093611       0.00302956       0.02878949       0.00443578       0.00580605       0.00156797       0.00239955       0.00169149       0.00240843       0.00132656       0.00053424       0.00520527       0.00408703       0.00178254       0.00271003       0.00335109       0.00160077       0.00249792       0.00138831       0.00091020       0.00208623       0.00393979       0.00124682       0.00076595       0.00186618       0.00178783       0.00166085       0.00252901       0.00107148       0.00241488       0.00088994       0.00161655       0.00162401       0.00201354       0.00678945       0.03228100       0.00726725       0.00379154       0.00546089       0.01184522       0.00157542
       0.00337941       0.01860957       0.02982961       0.13173925       0.01591574       0.01046355       0.02044667       0.00650279       0.01079553       0.00405116       0.03231303       0.01025389       0.02293864       0.00177068       0.01184391       0.00203796       0.00326015       0.00604519       0.00882105       0.06629264       0.01983640       0.00221939       0.00400693       0.00377602       0.00259043       0.00912641       0.01519182       0.02250277       0.00319886       0.00780568       0.00559506       0.00829963       0.00698321       0.01703787       0.00467660       0.00221046       0.00296441       0.00396757       0.00121991       0.00512233       0.00264664       0.00199304       0.00553368       0.00235638       0.03417254       0.00516942       0.00091061       0.00383706       0.07430358       0.00666265       0.04177486       0.00958006       0.13700657       0.00336757       0.00153287       0.00403211       0.01076728       0.06147846       0.29389960       0.03724531       0.01285043       0.00261693       0.00413673       0.01859522
       0.00449389       0.00491625       0.01013038       0.03816384       0.02099506       0.00448875       0.00465412       0.00363594       0.00123302       0.00145916       0.01163867       0.02293864       0.01825378       0.03708016       0.03231863       0.00240668       0.00498941       0.00144244       0.00416052       0.00472949       0.05785343       0.02872744       0.00426569       0.00327401       0.00602282       0.00757196       0.02184385       0.02006335       0.01288976       0.01323715       0.00464108       0.00351062       0.00131485       0.00269312       0.04257808       0.01686429       0.00093008       0.00288104       0.00578700       0.00121675       0.00219495       0.00538727       0.00309761       0.00438156       0.01319889       0.00319616       0.00057507       0.02051570       0.00155761       0.00286037       0.00339817       0.02002031       0.00145872       0.00801264       0.01023942       0.00142176       0.00106262       0.00749333       0.00680568       0.01189556       0.66121863       0.01088533       0.00778533       0.00263505
       0.00266254       0.00341985       0.00733634       0.06098054       0.03412446       0.02191779       0.00765656       0.02653259       0.00379623       0.00103687       0.00557012       0.00177068       0.03708016       0.01423532       0.03383819       0.01311096       0.00372030       0.00134977       0.00335335       0.00605725       0.00995225       0.04123188       0.01593489       0.02344878       0.00160192       0.00616388       0.01302840       0.00499284       0.03538779       0.00642324       0.00364684       0.00528318       0.00362464       0.00318258       0.00290330       0.00220570       0.00529141       0.00871967       0.00307116       0.02394182       0.00144000       0.00743481       0.00447178       0.00208497       0.00111965       0.00834940       0.00736297       0.00113399       0.00161806       0.00216720       0.00869675       0.01007884       0.01039709       0.00586937       0.01182518       0.01052763       0.00115497       0.00576325       0.00320233       0.01188140       0.03218546       0.01182973       0.00835299       0.00831497
       0.00438726       0.01416037       0.00515078       0.00524244       0.00436259       0.00753448       0.02197023       0.01863335       0.00616084       0.00202193       0.00137659       0.01184391       0.03231863       0.03383819       0.01622098       0.06506782       0.00469124       0.00210980       0.00100669       0.00206178       0.00480336       0.06430920       0.03727678       0.01369094       0.00308841       0.00668812       0.00224819       0.00324800       0.02698131       0.08615103       0.00254676       0.00952068       0.00437706       0.00999168       0.00730189       0.01164570       0.00866929       0.00282011       0.00908604       0.00542488       0.00514018       0.00500404       0.00600750       0.00244950       0.02427706       0.00098321       0.00173766       0.00678731       0.00477842       0.00138349       0.00516737       0.00869950       0.00545240       0.00065474       0.00407770       0.00778459       0.00992235       0.00414485       0.00237462       0.00167884       0.00277684       0.00952339       0.00415872       0.02825556
       0.01546803       0.02122596       0.01036528       0.00075790       0.00740987       0.01862642       0.00614574       0.06045108       0.01740327       0.01101095       0.00216016       0.00203796       0.00240668       0.01311096       0.06506782       0.01548180       0.01552715       0.00394615       0.00153855       0.00134416       0.00118760       0.00221399       0.03903418       0.02390286       0.01098915       0.00563936       0.02719414       0.00039196       0.00243755       0.00249208       0.00712448       0.00886844       0.00094346       0.00111719       0.00168036       0.00156510       0.00069509       0.00199692       0.00160841       0.00184906       0.00177252       0.00154938       0.00322270       0.00089041       0.00316535       0.00379481       0.00316129       0.00061399       0.00235299       0.00226375       0.00677875       0.00070088       0.00314655       0.00288621       0.00836639       0.00244213       0.00800606       0.00457364       0.00219253       0.00297468       0.01014516       0.02380217       0.00254781       0.00401703
       0.17442219       0.00555411       0.01060980       0.00154352       0.00121882       0.00185324       0.00262338       0.05768471       0.16858530       0.02398084       0.00427491       0.00326015       0.00498941       0.00372030       0.00469124       0.01552715       0.01770416       0.04658429       0.00165025       0.00052349       0.01175125       0.00282165       0.00777037       0.09416325       0.05374174       0.01082888       0.01425252       0.00878359       0.00077154       0.02235480       0.00593639       0.07916859       0.00590787       0.02121480       0.00394993       0.00888358       0.00189854       0.00366840       0.01506098       0.01496097       0.01397737       0.00175336       0.00153204       0.00055959       0.00367020       0.00352271       0.00127332       0.00229811       0.01888767       0.01121707       0.00084076       0.01430890       0.00199541       0.00218572       0.00125045       0.01896691       0.00521342       0.01344508       0.00582202       0.03166152       0.00111232       0.00373423       0.00348687       0.00713557
       0.00428162       0.00540605       0.00346374       0.00419779       0.00121996       0.00131945       0.00211833       0.00202154       0.03146360       0.01547698       0.01020423       0.00604519       0.00144244       0.00134977       0.00210980       0.00394615       0.04658429       0.00938885       0.02490076       0.00567812       0.00096565       0.00127379       0.00099894       0.03322682       0.01021721       0.05771048       0.01339457       0.01082314       0.00509618       0.00180094       0.00179028       0.00678613       0.00713767       0.00451028       0.00600706       0.00116112       0.00176351       0.00171748       0.00451679       0.01326862       0.00359695       0.00591871       0.00252176       0.00192941       0.00059018       0.00316624       0.00155892       0.00158684       0.00129002       0.00447269       0.00048376       0.00345333       0.00080751       0.00065613       0.00082102       0.00551339       0.00102598       0.00088909       0.00603927       0.00123673       0.00507549       0.00323277       0.00183533       0.00098880
       0.00400426       0.00822043       0.00821777       0.02727322       0.00196047       0.00312823       0.00204823       0.00267235       0.00729101       0.00979005       0.04455196       0.00882105       0.00416052       0.00335335       0.00100669       0.00153855       0.00165025       0.02490076       0.01430942       0.02411401       0.00966331       0.00702085       0.00074886       0.00501925       0.02203541       0.01242484       0.02408862       0.04137733       0.01039117       0.00189400       0.00370953       0.00814828       0.00556222       0.02849961       0.00540493       0.00278130       0.01208685       0.00146679       0.00423997       0.00460528       0.00321612       0.00109281       0.00764433       0.03620210       0.00120148       0.00152860       0.00319655       0.00137382       0.00373939       0.00519784       0.00106997       0.02114089       0.00084608       0.00065856       0.00089226       0.00135535       0.00413988       0.00193507       0.00093543       0.00454132       0.00625943       0.00801279       0.00090668       0.00390320
       0.02600529       0.00639704       0.00507635       0.00654935       0.00902708       0.00248936       0.00414178       0.00557757       0.00524792       0.00522500       0.06481117       0.06629264       0.00472949       0.00605725       0.00206178       0.00134416       0.00052349       0.00567812       0.02411401       0.01809788       0.04616548       0.02893467       0.00410024       0.01138893       0.00398822       0.03010972       0.00847287       0.01456028       0.05985827       0.00752709       0.00163421       0.00524165       0.00291009       0.00496442       0.00779184       0.00238789       0.01213200       0.00974419       0.00200891       0.00240963       0.00556308       0.00303320       0.00109028       0.00406051       0.00139519       0.00081151       0.00135462       0.00451530       0.00186602       0.00334859       0.00496921       0.00134002       0.00588994       0.01200410       0.00159332       0.00037772       0.00612996       0.01134515       0.01926436       0.00453419       0.00892750       0.00300412       0.00126648       0.00132373
       0.00063729       0.00317334       0.00204292       0.00908025       0.00430314       0.01897777       0.00236917       0.00285078       0.00420064       0.00143037       0.01369821       0.01983640       0.05785343       0.00995225       0.00480336       0.00118760       0.01175125       0.00096565       0.00966331       0.04616548       0.01049128       0.02313843       0.00353136       0.00642007       0.00129764       0.00543318       0.02315748       0.00570101       0.07548213       0.02476117       0.00871040       0.00373584       0.00257023       0.00381072       0.00452510       0.05803080       0.00597231       0.00546464       0.00510802       0.00292794       0.00223653       0.00026951       0.00088994       0.01887122       0.00519678       0.00338721       0.00280243       0.00218898       0.01102579       0.00712145       0.00124438       0.01674831       0.00738167       0.00196339       0.00173878       0.00180285       0.00181616       0.00451652       0.00463564       0.00286660       0.00507347       0.00328191       0.00162147       0.00213278
       0.00098669       0.00277134       0.00643086       0.00444374       0.00549151       0.00535830       0.00381442       0.00221954       0.00039967       0.00075607       0.00572036       0.00221939       0.02872744       0.04123188       0.06430920       0.00221399       0.00282165       0.00127379       0.00702085       0.02893467       0.02313843       0.01368473       0.12208529       0.00298934       0.00207808       0.00804129       0.00228998       0.00339982       0.00864157       0.03449925       0.00866271       0.00249312       0.00106701       0.00451045       0.00165875       0.00162377       0.02360084       0.00792369       0.01003968       0.00560075       0.00321383       0.00163377       0.00103185       0.00130186       0.00380555       0.00069402       0.00243368       0.00718785       0.00424204       0.00548768       0.00151420       0.00146085       0.00228330       0.00079262       0.00090480       0.00035898       0.00222359       0.00988827       0.00402338       0.00658257       0.04170422       0.00707441       0.00131285       0.00151183
       0.00530686       0.00297852       0.00172708       0.00092567       0.00563445       0.00469641       0.00560107       0.01951827       0.00208597       0.00203580       0.00260847       0.00400693       0.00426569       0.01593489       0.03727678       0.03903418       0.00777037       0.00099894       0.00074886       0.00410024       0.00353136       0.12208529       0.01042159       0.04725755       0.00185565       0.00985838       0.00414636       0.00114471       0.02731132       0.00606425       0.04517598       0.03414686       0.00092639       0.00383878       0.00159750       0.00081296       0.00528807       0.00430836       0.00414856       0.01001803       0.00300556       0.00200886       0.00342892       0.00098207       0.00876653       0.00125985       0.00094848       0.00127450       0.00465943       0.00126529       0.00090667       0.00759908       0.01451928       0.00025434       0.00081393       0.00061769       0.00235902       0.01058037       0.00355696       0.00317162       0.00414322       0.00417524       0.00466474       0.00181805
       0.05515299       0.00718273       0.01270676       0.00188464       0.02651503       0.00565959       0.00915503       0.01050207       0.00834097       0.00302075       0.00093611       0.00377602       0.00327401       0.02344878       0.01369094       0.02390286       0.09416325       0.03322682       0.00501925       0.01138893       0.00642007       0.00298934       0.04725755       0.01608813       0.01683273       0.00746301       0.00777478       0.00071198       0.02309279       0.00480614       0.01935281       0.02167597       0.03244773       0.00883645       0.01150518       0.00100028       0.00133207       0.00390328       0.00362852       0.00851750       0.00984225       0.01658523       0.00198182       0.00224489       0.00308299       0.00224456       0.00127955       0.00197938       0.01620533       0.00333960       0.00220749       0.01150984       0.00555284       0.00277720       0.00102256       0.00643599       0.00206035       0.01369638       0.00124402       0.00205628       0.00612653       0.00308814       0.00092830       0.00234908
       0.03991647       0.01644954       0.00344210       0.00188910       0.00314192       0.00449817       0.00847240       0.44741541       0.10797673       0.00948259       0.00302956       0.00259043       0.00602282       0.00160192       0.00308841       0.01098915       0.05374174       0.01021721       0.02203541       0.00398822       0.00129764       0.00207808       0.00185565       0.01683273       0.01255693       0.02865207       0.00961520       0.00252549       0.00501514       0.00273300       0.00689487       0.02182420       0.02119667       0.00585915       0.01003397       0.00540209       0.00032624       0.00276790       0.00771889       0.00451492       0.01085637       0.01003401       0.00916467       0.00159644       0.00144391       0.00315399       0.00376054       0.00507378       0.02307870       0.00639426       0.01217689       0.00401136       0.00509914       0.00149816       0.00111239       0.00118008       0.00083767       0.00065904       0.02910525       0.00215892       0.01059680       0.00179396       0.00252838       0.00627483
       0.01061290       0.00351063       0.00274345       0.01887658       0.05355577       0.00435750       0.00184029       0.01532416       0.07456637       0.00811804       0.02878949       0.00912641       0.00757196       0.00616388       0.00668812       0.00563936       0.01082888       0.05771048       0.01242484       0.03010972       0.00543318       0.00804129       0.00985838       0.00746301       0.02865207       0.01466877       0.04194763       0.01875400       0.00289474       0.00665420       0.00577682       0.01250721       0.00701956       0.02140113       0.00592360       0.00941395       0.00338016       0.00185588       0.00794462       0.01260428       0.00504830       0.00224450       0.00951475       0.00587608       0.03458735       0.00533671       0.00270522       0.00331730       0.00433310       0.00730344       0.00207831       0.01234509       0.00287180       0.00756742       0.00216535       0.00119207       0.00128905       0.00416874       0.00107892       0.02640877       0.13031860       0.00890658       0.00225241       0.00149857
       0.00419814       0.00516008       0.00488279       0.00956564       0.01086930       0.00816555       0.01967877       0.00393717       0.04866030       0.00836275       0.00443578       0.01519182       0.02184385       0.01302840       0.00224819       0.02719414       0.01425252       0.01339457       0.02408862       0.00847287       0.02315748       0.00228998       0.00414636       0.00777478       0.00961520       0.04194763       0.01604479       0.04815924       0.03214928       0.00748216       0.02803318       0.00552810       0.00577460       0.01045817       0.02140088       0.02053648       0.01424412       0.00574483       0.00983612       0.00257627       0.01091588       0.01361603       0.01743246       0.01160188       0.08713567       0.04026748       0.08214640       0.00301835       0.00176885       0.00410507       0.00503587       0.00525217       0.00952761       0.00527462       0.01767371       0.00914145       0.00756804       0.00327181       0.09032974       0.00249435       0.00148168       0.00326835       0.00260958       0.00289480
       0.00292902       0.00087991       0.00262299       0.00621657       0.00181834       0.00135236       0.00065907       0.00128972       0.00280062       0.00185539       0.00580605       0.02250277       0.02006335       0.00499284       0.00324800       0.00039196       0.00878359       0.01082314       0.04137733       0.01456028       0.00570101       0.00339982       0.00114471       0.00071198       0.00252549       0.01875400       0.04815924       0.01564921       0.04017520       0.01943697       0.00391823       0.00269219       0.00301851       0.00853761       0.03593198       0.03122282       0.12029052       0.01629934       0.00393971       0.01291413       0.00786682       0.00597308       0.00516695       0.02095996       0.02659354       0.00469353       0.00155036       0.00353249       0.00062271       0.02450055       0.01984947       0.00356928       0.00515569       0.00593157       0.00078530       0.00078629       0.00728745       0.00316137       0.00708321       0.00605862       0.00251872       0.00194055       0.00221678       0.00156598
       0.00255128       0.00382718       0.00214777       0.00239610       0.00181531       0.01411198       0.00675217       0.00125188       0.00333891       0.00651788       0.00156797       0.00319886       0.01288976       0.03538779       0.02698131       0.00243755       0.00077154       0.00509618       0.01039117       0.05985827       0.07548213       0.00864157       0.02731132       0.02309279       0.00501514       0.00289474       0.03214928       0.04017520       0.00936404       0.04166581       0.01747035       0.00247545       0.00409972       0.00170747       0.00765093       0.00534507       0.01662124       0.00690492       0.00569824       0.00150048       0.00587961       0.00143390       0.00250300       0.00381477       0.00478364       0.00333535       0.00310456       0.04852050       0.00581788       0.01223569       0.00209101       0.00096010       0.02410005       0.00085245       0.00192007       0.00145191       0.00554835       0.00122904       0.00369456       0.00326887       0.00390588       0.00540475       0.00163641       0.00117974
       0.00091593       0.01143527       0.00588698       0.00119474       0.00246146       0.00538469       0.00289128       0.00195058       0.00079039       0.00488381       0.00239955       0.00780568       0.01323715       0.00642324       0.08615103       0.00249208       0.02235480       0.00180094       0.00189400       0.00752709       0.02476117       0.03449925       0.00606425       0.00480614       0.00273300       0.00665420       0.00748216       0.01943697       0.04166581       0.01443855       0.02296974       0.14104779       0.00599724       0.00582605       0.00227729       0.00434529       0.01326167       0.05614996       0.02057609       0.03011580       0.01496878       0.00209240       0.01187463       0.00534935       0.03243999       0.00569383       0.00310485       0.00273330       0.00104154       0.00204360       0.02540887       0.00396005       0.00389053       0.00162783       0.00613353       0.00285422       0.00204718       0.00105503       0.00423078       0.00116771       0.00283942       0.00159347       0.00102116       0.00217360
       0.01400938       0.00616280       0.00305501       0.00142643       0.00844759       0.00728129       0.00231984       0.00283972       0.00410324       0.01553221       0.00169149       0.00559506       0.00464108       0.00364684       0.00254676       0.00712448       0.00593639       0.00179028       0.00370953       0.00163421       0.00871040       0.00866271       0.04517598       0.01935281       0.00689487       0.00577682       0.02803318       0.00391823       0.01747035       0.02296974       0.01438971       0.08873402       0.01332860       0.00708875       0.00212095       0.00831840       0.00661385       0.00426981       0.07774913       0.02324229       0.00948557       0.00233988       0.00120479       0.00615026       0.01302658       0.00837279       0.00955433       0.02829600       0.00277990       0.00203696       0.00433202       0.00155327       0.00220816       0.00470543       0.00540077       0.00394504       0.00091001       0.00860615       0.00194319       0.00467674       0.00211095       0.00149599       0.00376933       0.00415622
       0.00601854       0.00193688       0.00362861       0.00334226       0.00228573       0.00514590       0.00263920       0.03530485       0.02769881       0.00368684       0.00240843       0.00829963       0.00351062       0.00528318       0.00952068       0.00886844       0.07916859       0.00678613       0.00814828       0.00524165       0.00373584       0.00249312       0.03414686       0.02167597       0.02182420       0.01250721       0.00552810       0.00269219       0.00247545       0.14104779       0.08873402       0.01789898       0.04215259       0.02743990       0.00115600       0.00187182       0.00202213       0.00342131       0.00623061       0.09212594       0.05056617       0.00300745       0.00557533       0.00149650       0.00256719       0.01116665       0.04604198       0.01156196       0.00554188       0.01075139       0.00227717       0.04149697       0.00396075       0.00297426       0.01074759       0.00187667       0.00898237       0.00209585       0.00092231       0.00994184       0.01084636       0.00576363       0.00298775       0.00161030
       0.00334404       0.00254606       0.01058218       0.00184419       0.00710298       0.00159676       0.00101719       0.00497698       0.00116018       0.00422505       0.00132656       0.00698321       0.00131485       0.00362464       0.00437706       0.00094346       0.00590787       0.00713767       0.00556222       0.00291009       0.00257023       0.00106701       0.00092639       0.03244773       0.02119667       0.00701956       0.00577460       0.00301851       0.00409972       0.00599724       0.01332860       0.04215259       0.01343448       0.03497201       0.00924336       0.00095682       0.00499280       0.00200027       0.01427312       0.07074964       0.06591880       0.00978000       0.00301732       0.00413851       0.00104143       0.00341037       0.00564203       0.02794196       0.01430761       0.00652317       0.04879240       0.00283439       0.00352932       0.00087768       0.00731177       0.00427175       0.00134108       0.00178691       0.00810154       0.00326879       0.00101030       0.00862801       0.00475486       0.00490770
       0.04004902       0.00195459       0.00152024       0.01259894       0.00133413       0.00050080       0.00846205       0.00348018       0.00531949       0.03634667       0.00053424       0.01703787       0.00269312       0.00318258       0.00999168       0.00111719       0.02121480       0.00451028       0.02849961       0.00496442       0.00381072       0.00451045       0.00383878       0.00883645       0.00585915       0.02140113       0.01045817       0.00853761       0.00170747       0.00582605       0.00708875       0.02743990       0.03497201       0.01461197       0.03325319       0.00597978       0.00191860       0.00189865       0.01093784       0.02151025       0.00632204       0.01998716       0.00715330       0.00822883       0.00161846       0.02297626       0.00499015       0.05785542       0.00253270       0.00869239       0.00971230       0.00170003       0.00504387       0.00164066       0.00148189       0.00562592       0.01378715       0.00252847       0.00160546       0.00301939       0.00237328       0.01306987       0.00099289       0.00248704
       0.00312475       0.00072351       0.00471116       0.00740175       0.02950515       0.00466967       0.00407787       0.00384807       0.00792884       0.00642510       0.00520527       0.00467660       0.04257808       0.00290330       0.00730189       0.00168036       0.00394993       0.00600706       0.00540493       0.00779184       0.00452510       0.00165875       0.00159750       0.01150518       0.01003397       0.00592360       0.02140088       0.03593198       0.00765093       0.00227729       0.00212095       0.00115600       0.00924336       0.03325319       0.01309606       0.05537302       0.02894650       0.00279977       0.00197693       0.00357675       0.03581803       0.01682200       0.03958312       0.00774607       0.01610890       0.00425113       0.00684694       0.02046640       0.01046625       0.00493189       0.00285628       0.00756838       0.00789911       0.00164302       0.00263067       0.00120776       0.00231020       0.01791851       0.00423059       0.00332690       0.00171715       0.00139638       0.00140378       0.00189223
       0.00107177       0.00070561       0.00091649       0.00334337       0.00573698       0.00268337       0.00121383       0.00036884       0.00166299       0.00206815       0.00408703       0.00221046       0.01686429       0.00220570       0.01164570       0.00156510       0.00888358       0.00116112       0.00278130       0.00238789       0.05803080       0.00162377       0.00081296       0.00100028       0.00540209       0.00941395       0.02053648       0.03122282       0.00534507       0.00434529       0.00831840       0.00187182       0.00095682       0.00597978       0.05537302       0.01365190       0.06462470       0.00296150       0.00168861       0.00558814       0.00161793       0.01082876       0.00543642       0.02842479       0.01086539       0.00396501       0.00227318       0.00148225       0.00809041       0.01122568       0.00605449       0.00505555       0.00248787       0.00329939       0.00414145       0.00085413       0.00098969       0.00269785       0.01010144       0.00768324       0.00060816       0.02698868       0.00072358       0.00040184
       0.00809810       0.00336785       0.00126123       0.00228364       0.00481306       0.00196031       0.00497610       0.00067775       0.00113793       0.00151794       0.00178254       0.00296441       0.00093008       0.00529141       0.00866929       0.00069509       0.00189854       0.00176351       0.01208685       0.01213200       0.00597231       0.02360084       0.00528807       0.00133207       0.00032624       0.00338016       0.01424412       0.12029052       0.01662124       0.01326167       0.00661385       0.00202213       0.00499280       0.00191860       0.02894650       0.06462470       0.01175866       0.08681110       0.00815104       0.00370613       0.00152726       0.01277227       0.00170265       0.02599571       0.01339754       0.02447980       0.00662850       0.00573120       0.01252111       0.00743247       0.01049242       0.01527762       0.02972969       0.01130326       0.00773533       0.00264979       0.00134206       0.00191121       0.00088178       0.00458393       0.00467431       0.00118369       0.00064443       0.00080516
       0.00528610       0.00293116       0.00491386       0.01384319       0.00091577       0.00539393       0.03143634       0.00126055       0.00128554       0.00139669       0.00271003       0.00396757       0.00288104       0.00871967       0.00282011       0.00199692       0.00366840       0.00171748       0.00146679       0.00974419       0.00546464       0.00792369       0.00430836       0.00390328       0.00276790       0.00185588       0.00574483       0.01629934       0.00690492       0.05614996       0.00426981       0.00342131       0.00200027       0.00189865       0.00279977       0.00296150       0.08681110       0.01098937       0.01548203       0.01014532       0.01328123       0.01489971       0.00078522       0.01388753       0.05628805       0.06818224       0.16002932       0.02216417       0.01082383       0.00253495       0.00307453       0.01949466       0.06223986       0.00590556       0.02311477       0.00242465       0.00264715       0.00196424       0.00301358       0.00828153       0.00520872       0.03055324       0.00245521       0.00388872
       0.00106293       0.00324970       0.00097739       0.00425089       0.00833092       0.00395153       0.00270713       0.00218464       0.00945435       0.00100925       0.00335109       0.00121991       0.00578700       0.00307116       0.00908604       0.00160841       0.01506098       0.00451679       0.00423997       0.00200891       0.00510802       0.01003968       0.00414856       0.00362852       0.00771889       0.00794462       0.00983612       0.00393971       0.00569824       0.02057609       0.07774913       0.00623061       0.01427312       0.01093784       0.00197693       0.00168861       0.00815104       0.01548203       0.01286931       0.02610782       0.07989282       0.00273377       0.00300129       0.00377906       0.00652147       0.00770506       0.04115848       0.01447369       0.00647615       0.00385729       0.00764415       0.01406075       0.01784207       0.00465819       0.00250209       0.00464163       0.00215007       0.00888314       0.00112578       0.00329829       0.02782209       0.00488253       0.00628881       0.00546597
       0.00340718       0.00158289       0.00320687       0.00182953       0.01091916       0.00065487       0.00164950       0.00761465       0.00290847       0.00245420       0.00160077       0.00512233       0.00121675       0.02394182       0.00542488       0.00184906       0.01496097       0.01326862       0.00460528       0.00240963       0.00292794       0.00560075       0.01001803       0.00851750       0.00451492       0.01260428       0.00257627       0.01291413       0.00150048       0.03011580       0.02324229       0.09212594       0.07074964       0.02151025       0.00357675       0.00558814       0.00370613       0.01014532       0.02610782       0.01277867       0.06113529       0.00682736       0.00155276       0.00125539       0.00077162       0.03997949       0.00833071       0.03195157       0.05274200       0.01114993       0.00170795       0.00147291       0.00099455       0.00237516       0.01092133       0.02909073       0.00161599       0.00139265       0.02774280       0.00202768       0.00249351       0.00598779       0.00774934       0.00824085
       0.00414852       0.00646969       0.00592401       0.00489023       0.00485889       0.00810162       0.00078410       0.01023857       0.00508135       0.00718824       0.00249792       0.00264664       0.00219495       0.00144000       0.00514018       0.00177252       0.01397737       0.00359695       0.00321612       0.00556308       0.00223653       0.00321383       0.00300556       0.00984225       0.01085637       0.00504830       0.01091588       0.00786682       0.00587961       0.01496878       0.00948557       0.05056617       0.06591880       0.00632204       0.03581803       0.00161793       0.00152726       0.01328123       0.07989282       0.06113529       0.01119254       0.05387359       0.00408758       0.01160224       0.00421805       0.00577478       0.00417561       0.03257375       0.10963569       0.06938572       0.00737826       0.00591713       0.00077925       0.00094805       0.02656760       0.01008315       0.03671695       0.00364844       0.00193832       0.00221035       0.00215283       0.00125186       0.00122701       0.00970091
       0.00805558       0.00095665       0.00618222       0.00609594       0.04235840       0.00214793       0.00215771       0.00441841       0.00689942       0.00637394       0.00138831       0.00199304       0.00538727       0.00743481       0.00500404       0.00154938       0.00175336       0.00591871       0.00109281       0.00303320       0.00026951       0.00163377       0.00200886       0.01658523       0.01003401       0.00224450       0.01361603       0.00597308       0.00143390       0.00209240       0.00233988       0.00300745       0.00978000       0.01998716       0.01682200       0.01082876       0.01277227       0.01489971       0.00273377       0.00682736       0.05387359       0.01654307       0.02118480       0.00343994       0.00047762       0.00832526       0.00070466       0.01688046       0.00824232       0.06485392       0.00627596       0.00457045       0.00153294       0.01854971       0.00102614       0.01026067       0.00909451       0.00609994       0.00238218       0.00412281       0.00610104       0.00423906       0.00172640       0.01628892
       0.00607237       0.00126503       0.00426459       0.00460819       0.00254928       0.00343362       0.00250459       0.00061435       0.00177847       0.00093779       0.00091020       0.00553368       0.00309761       0.00447178       0.00600750       0.00322270       0.00153204       0.00252176       0.00764433       0.00109028       0.00088994       0.00103185       0.00342892       0.00198182       0.00916467       0.00951475       0.01743246       0.00516695       0.00250300       0.01187463       0.00120479       0.00557533       0.00301732       0.00715330       0.03958312       0.00543642       0.00170265       0.00078522       0.00300129       0.00155276       0.00408758       0.02118480       0.01559123       0.06370740       0.00206349       0.00152405       0.00087079       0.00144065       0.00362339       0.04769757       0.02433600       0.03153944       0.02660417       0.00360722       0.00261298       0.00074623       0.00196966       0.00541878       0.42860079       0.00719018       0.00194765       0.00504374       0.00444475       0.00132020
       0.00397135       0.00152948       0.00306196       0.02559367       0.01005348       0.00191725       0.00113096       0.00172519       0.00091085       0.00143766       0.00208623       0.00235638       0.00438156       0.00208497       0.00244950       0.00089041       0.00055959       0.00192941       0.03620210       0.00406051       0.01887122       0.00130186       0.00098207       0.00224489       0.00159644       0.00587608       0.01160188       0.02095996       0.00381477       0.00534935       0.00615026       0.00149650       0.00413851       0.00822883       0.00774607       0.02842479       0.02599571       0.01388753       0.00377906       0.00125539       0.01160224       0.00343994       0.06370740       0.01732091       0.06885984       0.07439893       0.00146368       0.00238902       0.00543351       0.05281243       0.00732614       0.14039491       0.01649551       0.02685568       0.00192749       0.00145079       0.00244439       0.01378362       0.02644990       0.02422752       0.00709689       0.00903744       0.00398052       0.01023033
       0.00126770       0.00064432       0.02879963       0.00886334       0.00727463       0.01082257       0.00304987       0.00076321       0.00068612       0.00152053       0.00393979       0.03417254       0.01319889       0.00111965       0.02427706       0.00316535       0.00367020       0.00059018       0.00120148       0.00139519       0.00519678       0.00380555       0.00876653       0.00308299       0.00144391       0.03458735       0.08713567       0.02659354       0.00478364       0.03243999       0.01302658       0.00256719       0.00104143       0.00161846       0.01610890       0.01086539       0.01339754       0.05628805       0.00652147       0.00077162       0.00421805       0.00047762       0.00206349       0.06885984       0.02307619       0.09075494       0.00347278       0.00421064       0.00256622       0.00096694       0.03464326       0.00623135       0.04181476       0.06083504       0.00255730       0.00768484       0.00067476       0.00420435       0.01691716       0.00328080       0.00378014       0.00959907       0.00123038       0.00181493
       0.00360097       0.00080232       0.00262794       0.00193193       0.00082882       0.00131969       0.01786468       0.00108271       0.00942325       0.00100882       0.00124682       0.00516942       0.00319616       0.00834940       0.00098321       0.00379481       0.00352271       0.00316624       0.00152860       0.00081151       0.00338721       0.00069402       0.00125985       0.00224456       0.00315399       0.00533671       0.04026748       0.00469353       0.00333535       0.00569383       0.00837279       0.01116665       0.00341037       0.02297626       0.00425113       0.00396501       0.02447980       0.06818224       0.00770506       0.03997949       0.00577478       0.00832526       0.00152405       0.07439893       0.09075494       0.01325792       0.02683701       0.02947773       0.00392734       0.00315081       0.03387073       0.00498905       0.00407965       0.11362307       0.01278426       0.02159088       0.00282387       0.00130086       0.00251737       0.00082656       0.03851319       0.00214372       0.02420212       0.00715620
       0.00141683       0.01546331       0.00380795       0.00204186       0.00281523       0.00248111       0.00339773       0.00224038       0.00464124       0.00293947       0.00076595       0.00091061       0.00057507       0.00736297       0.00173766       0.00316129       0.00127332       0.00155892       0.00319655       0.00135462       0.00280243       0.00243368       0.00094848       0.00127955       0.00376054       0.00270522       0.08214640       0.00155036       0.00310456       0.00310485       0.00955433       0.04604198       0.00564203       0.00499015       0.00684694       0.00227318       0.00662850       0.16002932       0.04115848       0.00833071       0.00417561       0.00070466       0.00087079       0.00146368       0.00347278       0.02683701       0.01218711       0.12369692       0.00356318       0.00104830       0.00171046       0.00298243       0.01060494       0.00484653       0.02528523       0.01269008       0.00746277       0.00061132       0.00422647       0.00068894       0.00456223       0.01697216       0.00547527       0.00485538
       0.00087776       0.00659590       0.00965944       0.00388842       0.00941658       0.00380425       0.02323825       0.00773386       0.00266146       0.00152380       0.00186618       0.00383706       0.02051570       0.00113399       0.00678731       0.00061399       0.00229811       0.00158684       0.00137382       0.00451530       0.00218898       0.00718785       0.00127450       0.00197938       0.00507378       0.00331730       0.00301835       0.00353249       0.04852050       0.00273330       0.02829600       0.01156196       0.02794196       0.05785542       0.02046640       0.00148225       0.00573120       0.02216417       0.01447369       0.03195157       0.03257375       0.01688046       0.00144065       0.00238902       0.00421064       0.02947773       0.12369692       0.01392519       0.04142511       0.00614311       0.01020928       0.07522093       0.00354951       0.01480305       0.00767566       0.07535098       0.00655577       0.02092250       0.00208630       0.01688962       0.00429775       0.00082823       0.00554305       0.02658325
       0.01879388       0.00954640       0.00840239       0.00794666       0.00395928       0.01220471       0.00771923       0.00944641       0.00731343       0.00599261       0.00178783       0.07430358       0.00155761       0.00161806       0.00477842       0.00235299       0.01888767       0.00129002       0.00373939       0.00186602       0.01102579       0.00424204       0.00465943       0.01620533       0.02307870       0.00433310       0.00176885       0.00062271       0.00581788       0.00104154       0.00277990       0.00554188       0.01430761       0.00253270       0.01046625       0.00809041       0.01252111       0.01082383       0.00647615       0.05274200       0.10963569       0.00824232       0.00362339       0.00543351       0.00256622       0.00392734       0.00356318       0.04142511       0.01985513       0.05104010       0.00682021       0.09054959       0.00091798       0.00800774       0.00841668       0.05177144       0.03066792       0.00935773       0.00453663       0.00521702       0.02017291       0.00083801       0.00295284       0.04287450
       0.00924831       0.00427555       0.00484284       0.02479480       0.00621150       0.00106617       0.00582092       0.00734225       0.00122949       0.00551510       0.00166085       0.00666265       0.00286037       0.00216720       0.00138349       0.00226375       0.01121707       0.00447269       0.00519784       0.00334859       0.00712145       0.00548768       0.00126529       0.00333960       0.00639426       0.00730344       0.00410507       0.02450055       0.01223569       0.00204360       0.00203696       0.01075139       0.00652317       0.00869239       0.00493189       0.01122568       0.00743247       0.00253495       0.00385729       0.01114993       0.06938572       0.06485392       0.04769757       0.05281243       0.00096694       0.00315081       0.00104830       0.00614311       0.05104010       0.01631539       0.22103144       0.06270907       0.00120343       0.00402542       0.00190439       0.00370869       0.00669658       0.03342511       0.01309871       0.00414931       0.00135157       0.00087801       0.00267155       0.01303116
       0.00754703       0.00717211       0.00473398       0.06795115       0.00398814       0.01218354       0.00170105       0.00364725       0.00537731       0.00283737       0.00252901       0.04177486       0.00339817       0.00869675       0.00516737       0.00677875       0.00084076       0.00048376       0.00106997       0.00496921       0.00124438       0.00151420       0.00090667       0.00220749       0.01217689       0.00207831       0.00503587       0.01984947       0.00209101       0.02540887       0.00433202       0.00227717       0.04879240       0.00971230       0.00285628       0.00605449       0.01049242       0.00307453       0.00764415       0.00170795       0.00737826       0.00627596       0.02433600       0.00732614       0.03464326       0.03387073       0.00171046       0.01020928       0.00682021       0.22103144       0.01919793       0.04725280       0.00269943       0.00548543       0.00474861       0.00319215       0.01947353       0.06655433       0.05802164       0.00883470       0.01954986       0.00601082       0.00379827       0.00865163
       0.03307965       0.00450197       0.00449544       0.01178997       0.00315057       0.00400939       0.01415148       0.00171522       0.00468189       0.03495682       0.00107148       0.00958006       0.02002031       0.01007884       0.00869950       0.00070088       0.01430890       0.00345333       0.02114089       0.00134002       0.01674831       0.00146085       0.00759908       0.01150984       0.00401136       0.01234509       0.00525217       0.00356928       0.00096010       0.00396005       0.00155327       0.04149697       0.00283439       0.00170003       0.00756838       0.00505555       0.01527762       0.01949466       0.01406075       0.00147291       0.00591713       0.00457045       0.03153944       0.14039491       0.00623135       0.00498905       0.00298243       0.07522093       0.09054959       0.06270907       0.04725280       0.01507131       0.03721720       0.01066058       0.00112767       0.01177580       0.01876570       0.01018666       0.01961818       0.01846078       0.00751384       0.03235664       0.00476835       0.00554260
       0.00108447       0.00144007       0.05208185       0.00662308       0.01105179       0.01643879       0.00396043       0.00252554       0.00374224       0.00092276       0.00241488       0.13700657       0.00145872       0.01039709       0.00545240       0.00314655       0.00199541       0.00080751       0.00084608       0.00588994       0.00738167       0.00228330       0.01451928       0.00555284       0.00509914       0.00287180       0.00952761       0.00515569       0.02410005       0.00389053       0.00220816       0.00396075       0.00352932       0.00504387       0.00789911       0.00248787       0.02972969       0.06223986       0.01784207       0.00099455       0.00077925       0.00153294       0.02660417       0.01649551       0.04181476       0.00407965       0.01060494       0.00354951       0.00091798       0.00120343       0.00269943       0.03721720       0.01287935       0.10699843       0.00717805       0.00064688       0.00098084       0.00163419       0.00227794       0.00460280       0.08349542       0.01197603       0.00153884       0.00126486
       0.02064275       0.00182403       0.00352057       0.00258216       0.02327099       0.00550343       0.02680019       0.01041601       0.00193744       0.00185869       0.00088994       0.00336757       0.00801264       0.00586937       0.00065474       0.00288621       0.00218572       0.00065613       0.00065856       0.01200410       0.00196339       0.00079262       0.00025434       0.00277720       0.00149816       0.00756742       0.00527462       0.00593157       0.00085245       0.00162783       0.00470543       0.00297426       0.00087768       0.00164066       0.00164302       0.00329939       0.01130326       0.00590556       0.00465819       0.00237516       0.00094805       0.01854971       0.00360722       0.02685568       0.06083504       0.11362307       0.00484653       0.01480305       0.00800774       0.00402542       0.00548543       0.01066058       0.10699843       0.01359430       0.12148224       0.00564205       0.00854542       0.00070436       0.00152766       0.00247245       0.01003047       0.05159195       0.02750396       0.02917563
       0.00755356       0.00222270       0.00113704       0.00186199       0.01410911       0.01605878       0.00596560       0.00569016       0.00128872       0.00065253       0.00161655       0.00153287       0.01023942       0.01182518       0.00407770       0.00836639       0.00125045       0.00082102       0.00089226       0.00159332       0.00173878       0.00090480       0.00081393       0.00102256       0.00111239       0.00216535       0.01767371       0.00078530       0.00192007       0.00613353       0.00540077       0.01074759       0.00731177       0.00148189       0.00263067       0.00414145       0.00773533       0.02311477       0.00250209       0.01092133       0.02656760       0.00102614       0.00261298       0.00192749       0.00255730       0.01278426       0.02528523       0.00767566       0.00841668       0.00190439       0.00474861       0.00112767       0.00717805       0.12148224       0.01393025       0.14094950       0.00519373       0.00149620       0.00192586       0.00122291       0.00441777       0.05053145       0.04609734       0.00542735
       0.04996960       0.00804997       0.02971711       0.00255625       0.00137395       0.00304450       0.00266788       0.00486837       0.00156754       0.00662414       0.00162401       0.00403211       0.00142176       0.01052763       0.00778459       0.00244213       0.01896691       0.00551339       0.00135535       0.00037772       0.00180285       0.00035898       0.00061769       0.00643599       0.00118008       0.00119207       0.00914145       0.00078629       0.00145191       0.00285422       0.00394504       0.00187667       0.00427175       0.00562592       0.00120776       0.00085413       0.00264979       0.00242465       0.00464163       0.02909073       0.01008315       0.01026067       0.00074623       0.00145079       0.00768484       0.02159088       0.01269008       0.07535098       0.05177144       0.00370869       0.00319215       0.01177580       0.00064688       0.00564205       0.14094950       0.01346333       0.01364451       0.00482323       0.02212023       0.01449147       0.00273642       0.01854890       0.00435918       0.08497101
       0.04061826       0.02065433       0.00789554       0.00757652       0.00087723       0.01083717       0.00405824       0.00643504       0.00395056       0.00485528       0.00201354       0.01076728       0.00106262       0.00115497       0.00992235       0.00800606       0.00521342       0.00102598       0.00413988       0.00612996       0.00181616       0.00222359       0.00235902       0.00206035       0.00083767       0.00128905       0.00756804       0.00728745       0.00554835       0.00204718       0.00091001       0.00898237       0.00134108       0.01378715       0.00231020       0.00098969       0.00134206       0.00264715       0.00215007       0.00161599       0.03671695       0.00909451       0.00196966       0.00244439       0.00067476       0.00282387       0.00746277       0.00655577       0.03066792       0.00669658       0.01947353       0.01876570       0.00098084       0.00854542       0.00519373       0.01364451       0.01531237       0.04032186       0.00431085       0.00304740       0.00207212       0.00234240       0.00348044       0.03222403
       0.02486215       0.29151199       0.05660069       0.00707282       0.00211555       0.00191729       0.00187994       0.00277923       0.01038275       0.00351845       0.00678945       0.06147846       0.00749333       0.00576325       0.00414485       0.00457364       0.01344508       0.00088909       0.00193507       0.01134515       0.00451652       0.00988827       0.01058037       0.01369638       0.00065904       0.00416874       0.00327181       0.00316137       0.00122904       0.00105503       0.00860615       0.00209585       0.00178691       0.00252847       0.01791851       0.00269785       0.00191121       0.00196424       0.00888314       0.00139265       0.00364844       0.00609994       0.00541878       0.01378362       0.00420435       0.00130086       0.00061132       0.02092250       0.00935773       0.03342511       0.06655433       0.01018666       0.00163419       0.00070436       0.00149620       0.00482323       0.04032186       0.01788049       0.01643780       0.01645677       0.00150700       0.00097964       0.00153798       0.00501845
       0.00379341       0.05702142       0.06360997       0.01037858       0.00512497       0.00039387       0.00218366       0.00355994       0.00109688       0.01407697       0.03228100       0.29389960       0.00680568       0.00320233       0.00237462       0.00219253       0.00582202       0.00603927       0.00093543       0.01926436       0.00463564       0.00402338       0.00355696       0.00124402       0.02910525       0.00107892       0.09032974       0.00708321       0.00369456       0.00423078       0.00194319       0.00092231       0.00810154       0.00160546       0.00423059       0.01010144       0.00088178       0.00301358       0.00112578       0.02774280       0.00193832       0.00238218       0.42860079       0.02644990       0.01691716       0.00251737       0.00422647       0.00208630       0.00453663       0.01309871       0.05802164       0.01961818       0.00227794       0.00152766       0.00192586       0.02212023       0.00431085       0.01643780       0.01275977       0.07939357       0.00596017       0.00109128       0.00171290       0.00602912
       0.00291698       0.00783606       0.00490139       0.11360614       0.00382049       0.00708792       0.00775366       0.00219941       0.00367716       0.00516355       0.00726725       0.03724531       0.01189556       0.01188140       0.00167884       0.00297468       0.03166152       0.00123673       0.00454132       0.00453419       0.00286660       0.00658257       0.00317162       0.00205628       0.00215892       0.02640877       0.00249435       0.00605862       0.00326887       0.00116771       0.00467674       0.00994184       0.00326879       0.00301939       0.00332690       0.00768324       0.00458393       0.00828153       0.00329829       0.00202768       0.00221035       0.00412281       0.00719018       0.02422752       0.00328080       0.00082656       0.00068894       0.01688962       0.00521702       0.00414931       0.00883470       0.01846078       0.00460280       0.00247245       0.00122291       0.01449147       0.00304740       0.01645677       0.07939357       0.01792410       0.01188372       0.00235664       0.00088048       0.00280563
       0.00246003       0.00317644       0.00433596       0.05645462       0.15581710       0.00860242       0.01744883       0.00549857       0.00109122       0.00332758       0.00379154       0.01285043       0.66121863       0.03218546       0.00277684       0.01014516       0.00111232       0.00507549       0.00625943       0.00892750       0.00507347       0.04170422       0.00414322       0.00612653       0.01059680       0.13031860       0.00148168       0.00251872       0.00390588       0.00283942       0.00211095       0.01084636       0.00101030       0.00237328       0.00171715       0.00060816       0.00467431       0.00520872       0.02782209       0.00249351       0.00215283       0.00610104       0.00194765       0.00709689       0.00378014       0.03851319       0.00456223       0.00429775       0.02017291       0.00135157       0.01954986       0.00751384       0.08349542       0.01003047       0.00441777       0.00273642       0.00207212       0.00150700       0.00596017       0.01188372       0.00792523       0.04342279       0.00490949       0.00452626
       0.00123486       0.00594989       0.00635297       0.01136115       0.00486689       0.02244252       0.04135225       0.01703313       0.00244911       0.00259472       0.00546089       0.00261693       0.01088533       0.01182973       0.00952339       0.02380217       0.00373423       0.00323277       0.00801279       0.00300412       0.00328191       0.00707441       0.00417524       0.00308814       0.00179396       0.00890658       0.00326835       0.00194055       0.00540475       0.00159347       0.00149599       0.00576363       0.00862801       0.01306987       0.00139638       0.02698868       0.00118369       0.03055324       0.00488253       0.00598779       0.00125186       0.00423906       0.00504374       0.00903744       0.00959907       0.00214372       0.01697216       0.00082823       0.00083801       0.00087801       0.00601082       0.03235664       0.01197603       0.05159195       0.05053145       0.01854890       0.00234240       0.00097964       0.00109128       0.00235664       0.04342279       0.01453710       0.03201377       0.00296385
       0.00705284       0.00095238       0.00153796       0.00497612       0.01377139       0.01059160       0.06818954       0.00399862       0.00174676       0.00126083       0.01184522       0.00413673       0.00778533       0.00835299       0.00415872       0.00254781       0.00348687       0.00183533       0.00090668       0.00126648       0.00162147       0.00131285       0.00466474       0.00092830       0.00252838       0.00225241       0.00260958       0.00221678       0.00163641       0.00102116       0.00376933       0.00298775       0.00475486       0.00099289       0.00140378       0.00072358       0.00064443       0.00245521       0.00628881       0.00774934       0.00122701       0.00172640       0.00444475       0.00398052       0.00123038       0.02420212       0.00547527       0.00554305       0.00295284       0.00267155       0.00379827       0.00476835       0.00153884       0.02750396       0.04609734       0.00435918       0.00348044       0.00153798       0.00171290       0.00088048       0.00490949       0.03201377       0.01517624       0.04101921
       0.05642160       0.01055107       0.00424064       0.00270029       0.00585340       0.00543002       0.02479363       0.05437313       0.00470647       0.00352978       0.00157542       0.01859522       0.00263505       0.00831497       0.02825556       0.00401703       0.00713557       0.00098880       0.00390320       0.00132373       0.00213278       0.00151183       0.00181805       0.00234908       0.00627483       0.00149857       0.00289480       0.00156598       0.00117974       0.00217360       0.00415622       0.00161030       0.00490770       0.00248704       0.00189223       0.00040184       0.00080516       0.00388872       0.00546597       0.00824085       0.00970091       0.01628892       0.00132020       0.01023033       0.00181493       0.00715620       0.00485538       0.02658325       0.04287450       0.01303116       0.00865163       0.00554260       0.00126486       0.02917563       0.00542735       0.08497101       0.03222403       0.00501845       0.00602912       0.00280563       0.00452626       0.00296385       0.04101921       0.01475019
Spin spin    correlation                   = 
       0.74196260      -0.20439377       0.12080502      -0.10333331       0.05846686      -0.04990020      -0.00119314      -0.22916046      -0.16639079       0.02185675      -0.04984181       0.10451909      -0.02946657       0.00266686      -0.10322617       0.06377624       0.07357405      -0.05685842       0.07406049      -0.07452954      -0.06999939       0.03879197       0.04117098      -0.09079582      -0.00249195       0.04844525      -0.07668187       0.02516585       0.00395068      -0.00504820       0.04670429       0.08490316       0.01750190       0.00903742      -0.01056347      -0.03696681      -0.00342977      -0.05906333      -0.01073300      -0.01278148       0.07364674       0.06676356      -0.02606930       0.01456888      -0.00394417      -0.03099960       0.00623546       0.02268596      -0.00509929      -0.01070022      -0.02301974      -0.01205714      -0.04630218       0.01417414      -0.03416897      -0.05290690      -0.15686549       0.12324344      -0.11275028       0.07480159      -0.05907965       0.03711341      -0.04144472       0.09244270
      -0.20439377       0.70711534      -0.17300991      -0.01557222      -0.01773928      -0.00705088      -0.00029261       0.06049492       0.04489225      -0.14236062      -0.01127167      -0.01440818      -0.01211024      -0.03109121       0.07281152      -0.02366099      -0.00204939      -0.07455653       0.01492256       0.01310692       0.05194345      -0.00281851      -0.07618009       0.02591111       0.03808180      -0.06437401      -0.01950298      -0.00415232       0.01071546      -0.07834477       0.03418819      -0.07265401      -0.08968411       0.02086329      -0.01995141       0.01850244      -0.00906267       0.03115106      -0.04752498      -0.02135554      -0.01387074      -0.01193256       0.05969817      -0.03904815       0.02836690       0.00151540      -0.02541792       0.07049945      -0.01773799      -0.00093101       0.01094807       0.04432932      -0.00979769       0.03684249       0.03336771       0.00587801       0.07408270      -0.19909078       0.12830464      -0.04888893       0.00627882       0.03664023      -0.01596669      -0.01409190
       0.12080502      -0.17300991       0.73748712      -0.15609781      -0.00216038      -0.04629764       0.05725821      -0.03432852      -0.05513925       0.07339758      -0.13865269       0.04572169      -0.04828621       0.01577412      -0.02871283       0.05240922       0.01904551       0.00279397       0.00176534      -0.04660485       0.04762153       0.08028249       0.00693189      -0.01618296      -0.02652986      -0.00553770       0.00166945       0.03414228      -0.00329861       0.00880145      -0.06597064       0.07070121       0.02698420       0.03142318       0.08025231      -0.06606872       0.05911242      -0.02766789       0.02394253       0.03677525       0.00314604       0.08547815      -0.13035640       0.12424897      -0.02291126      -0.01667684       0.04191928       0.01131093      -0.02136053      -0.05112280       0.12817748      -0.07898720      -0.07185666       0.04991733      -0.11685549       0.00297255      -0.12251306       0.17342425      -0.28012424       0.08893602       0.04120550       0.03629307       0.06757909      -0.02508681
      -0.10333331      -0.01557222      -0.15609781       0.72415456      -0.19675852       0.05381308      -0.00183322      -0.00134923       0.06216070       0.04839927       0.08509266      -0.18304295       0.06222072      -0.02132212      -0.01487309      -0.04432166      -0.03976620       0.06268514      -0.06942222       0.00341933      -0.10149485       0.01467460      -0.00870196       0.05528604       0.05875487       0.02012114      -0.02931486       0.01962550       0.01986928      -0.00199840       0.03477305      -0.01432410       0.00782665       0.00375272      -0.01877418       0.02560696      -0.02447657       0.00019075       0.05126237       0.09446132       0.00317865      -0.04829938      -0.02943903      -0.00951695      -0.00945273       0.03353771      -0.05631693      -0.06017992      -0.04340605       0.02306135      -0.00562074       0.06884182       0.02373039      -0.02315943       0.01675586       0.05649448       0.10170982      -0.10406787       0.10635679      -0.15048945       0.02063619      -0.04764262      -0.00540809       0.00464474
       0.05846686      -0.01773928      -0.00216038      -0.19675852       0.74951451      -0.21447378       0.06191530      -0.01772222      -0.01902295       0.00644713       0.02701773       0.07189980      -0.19527703       0.10098803      -0.01218491       0.01940224       0.05470893       0.03486052      -0.00633651       0.01052662      -0.02002384       0.04471063       0.04739482      -0.08600659      -0.06095612      -0.03997762      -0.01364896      -0.03137531       0.03300109       0.08343788      -0.09226790       0.02406396      -0.00571619      -0.02210581       0.05973013      -0.07369623      -0.02414473      -0.04859515      -0.01048059      -0.03362639      -0.00691669       0.06762289      -0.10051435       0.03028554      -0.04891551       0.06028681      -0.01428735      -0.09196601      -0.00833108      -0.00782658      -0.02442880      -0.05629748       0.10466178      -0.07586216       0.03404791       0.05440968      -0.09679166       0.03617515       0.01710779       0.09294978      -0.17947475       0.06776992      -0.06554514       0.01369748
      -0.04990020      -0.00705088      -0.04629764       0.05381308      -0.21447378       0.73444551      -0.10953285       0.06016966       0.10076124      -0.01334173       0.02912245      -0.05578699       0.01801493      -0.14031398       0.00716248       0.01811963      -0.06245037       0.02733865       0.07060256       0.02080926       0.00814741      -0.03404092      -0.05971444      -0.00208347       0.01585164       0.06729031       0.02053714      -0.01254699       0.02718443      -0.04144656       0.09023167      -0.03473508       0.01098799       0.01583778      -0.00401019       0.07099183       0.00840880       0.06143071      -0.09923731      -0.00529070       0.00759013      -0.07465915       0.04522958      -0.01807961       0.04774202      -0.06361358      -0.07028006       0.00542939       0.01761464       0.00119817      -0.05826974       0.07506359      -0.12766753       0.00547038       0.08145174      -0.04821378       0.02744689      -0.06462492       0.04822750      -0.03519237       0.05176651      -0.14971247       0.08156367      -0.11190598
      -0.00119314      -0.00029261       0.05725821      -0.00183322       0.06191530      -0.10953285       0.74156402      -0.15378129      -0.02314414      -0.03917165      -0.02174646       0.09200764      -0.17418375       0.09900555      -0.17257397       0.02837581      -0.02843790      -0.07996401       0.00723380       0.04577178       0.04855044      -0.02170370      -0.03004306      -0.05349145       0.06387358      -0.01264850       0.05143230       0.04032106       0.00651220       0.04831071      -0.09624026       0.09298516       0.03629744      -0.03288305      -0.01865901       0.03051924       0.07785269      -0.04824634       0.04341059       0.00608674       0.03152653       0.03822782      -0.04359976      -0.00115514      -0.00855423      -0.00495835       0.03696766      -0.06378753       0.01703934      -0.04383295       0.09481588      -0.01167484       0.05137414      -0.07953344      -0.04701504       0.01131355      -0.06487869       0.08777151      -0.07274948      -0.01679409      -0.01253102       0.06976793      -0.12557705       0.05078444
      -0.22916046       0.06049492      -0.03432852      -0.00134923      -0.01772222       0.06016966      -0.15378129       0.72611370       0.11562550      -0.01441358       0.01861785      -0.04052745      -0.02741956      -0.06287056       0.07428090      -0.12320419      -0.02191532       0.00138942      -0.03032334      -0.02095485       0.02053426       0.00835720      -0.03692767       0.05079191      -0.03374389      -0.07130832       0.00713215      -0.04896775      -0.04353302      -0.06707663       0.04384316      -0.06131476      -0.02770576       0.01669161       0.04608245      -0.07176290      -0.05606047       0.06312525      -0.04707942      -0.02959745      -0.05997436      -0.02272671      -0.00845155       0.00341224      -0.01905190      -0.02936324      -0.00964393       0.03724502      -0.02761291      -0.03013371       0.02614695      -0.01356952       0.07196320       0.03081523       0.05542854       0.04104729       0.03399942      -0.05759875       0.06915883      -0.01047871      -0.05187495      -0.05603705      -0.01051813      -0.20164949
      -0.16639079       0.04489225      -0.05513925       0.06216070      -0.01902295       0.10076124      -0.02314414       0.11562550       0.71544093      -0.09109561       0.06848658      -0.06784881       0.00136889      -0.00239571       0.08960129      -0.13061182      -0.20659127       0.11659104      -0.00420266       0.04471842      -0.03784602       0.01907294      -0.05369138       0.08279921       0.04145434      -0.00214300      -0.01721623       0.02063707       0.09715718      -0.00960680       0.02639684      -0.09589769      -0.00318185       0.00371344       0.07233323      -0.04778117       0.03016413       0.02512239      -0.01495399      -0.03802517      -0.05177323       0.00249153       0.05076480       0.01917885       0.01396099      -0.04831582      -0.07567678       0.00380584       0.00464016      -0.07674989      -0.05009654       0.02339800      -0.03075049       0.01454522      -0.01533846       0.08872666      -0.00087278      -0.07339400      -0.01703802      -0.03206905      -0.02984691      -0.06505446       0.05698882      -0.10626063
       0.02185675      -0.14236062       0.07339758       0.04839927       0.00644713      -0.01334173      -0.03917165      -0.01441358      -0.09109561       0.72234439      -0.17491320       0.01174432       0.00459377      -0.00665194      -0.00526151      -0.05367022       0.02504563      -0.05690911       0.00970877      -0.04159980      -0.04535983       0.05220955       0.04365504      -0.03150993      -0.00414518       0.01046407      -0.02067364       0.01560386       0.07382144      -0.03052362      -0.04251161       0.08136582       0.06759308      -0.04016146       0.02598740      -0.04150128      -0.03215475       0.00070476      -0.00366834       0.07889863      -0.04957703       0.11208889      -0.05220008       0.08261589      -0.05866690      -0.02321012       0.00836148      -0.02396996       0.01817543      -0.00804617       0.04348529      -0.05445204       0.03260360       0.01010819      -0.06970758      -0.02829655      -0.03417875       0.06057445      -0.05532667      -0.00742778       0.09593953      -0.05921442       0.05380315      -0.01558717
      -0.04984181      -0.01127167      -0.13865269       0.08509266       0.02701773       0.02912245      -0.02174646       0.01861785       0.06848658      -0.17491320       0.73923423      -0.13986343       0.02271960       0.02948380      -0.00547844       0.02918224      -0.04320895       0.04877129      -0.21256162       0.08900656      -0.05817690       0.00803352       0.06756126      -0.02768023       0.03881449      -0.06019027       0.06461444      -0.04103804       0.03607880      -0.00905553      -0.01939859      -0.08672939      -0.06624962       0.05490422       0.02065125       0.03193325      -0.00777432       0.02756188       0.00412374       0.01180709       0.01738732      -0.11511082       0.02471862      -0.03581641      -0.01206696       0.07142546      -0.03186615      -0.06489130      -0.06842418       0.08994713      -0.01714752       0.10297298      -0.00738757      -0.02602454       0.02672862       0.07373423      -0.00824288      -0.06368854       0.01453750      -0.08821567      -0.05051994      -0.00349374      -0.01578758       0.01635384
       0.10451909      -0.01440818       0.04572169      -0.18304295       0.07189980      -0.05578699       0.09200764      -0.04052745      -0.06784881       0.01174432      -0.13986343       0.71531217      -0.12227099       0.06256726      -0.03051267      -0.02946886       0.03083379      -0.07492660       0.07925550      -0.06419182       0.10454548      -0.04667617      -0.00753949      -0.07160021       0.06179499      -0.02504477       0.00200508      -0.01538758      -0.05175985      -0.00585929      -0.00062437       0.06170922       0.03004504       0.00685034      -0.04013425       0.03262895       0.04250762      -0.07953486       0.03250058      -0.03072785      -0.02299478       0.08515837       0.07063999      -0.04073120      -0.01741881       0.02191109      -0.02189760       0.04421107       0.08152811       0.00809249       0.00415106      -0.11367223      -0.02316412      -0.01985445       0.00400815      -0.08970810      -0.05200818       0.10353740      -0.02904449       0.12153238      -0.05295834       0.02927089      -0.09353565       0.10389884
      -0.02946657      -0.01211024      -0.04828621       0.06222072      -0.19527703       0.01801493      -0.17418375      -0.02741956       0.00136889       0.00459377       0.02271960      -0.12227099       0.72625472      -0.17020944       0.06939588      -0.05150193      -0.01470129       0.03400315      -0.07114406      -0.01023248      -0.08561331       0.02340323      -0.03262650       0.08950759      -0.03771008      -0.02615607       0.08752003      -0.00693423      -0.02106262      -0.04165481       0.11574562      -0.05106388      -0.07738734       0.07764060      -0.11462863       0.05715377       0.09406618      -0.01234114      -0.02341819       0.04231088       0.02641913      -0.04734365       0.10232337      -0.06417284      -0.02602655      -0.01498572      -0.08113560       0.10079544      -0.00426538       0.03487216      -0.09168466       0.01090966      -0.03050745       0.05722591       0.00411962      -0.07377449       0.09938285      -0.00455790      -0.01165660      -0.03832237       0.09999490      -0.12121506       0.02009901      -0.03249975
       0.00266686      -0.03109121       0.01577412      -0.02132212       0.10098803      -0.14031398       0.09900555      -0.06287056      -0.00239571      -0.00665194       0.02948380       0.06256726      -0.17020944       0.72717982      -0.17760838      -0.01182248      -0.01980606      -0.07302821       0.03574967       0.06145448       0.03309780      -0.09847881       0.08217996      -0.07959393       0.03335505       0.03364128       0.01673030       0.06963588      -0.01581749       0.07741059      -0.08409920       0.06135171       0.05379806      -0.10200502       0.03764230      -0.01180453      -0.01532906      -0.03641737       0.03983010      -0.02550234       0.04744884       0.03493768      -0.07639712       0.03415123      -0.03061884       0.08146158      -0.00291894      -0.01967462      -0.06683320       0.01127147       0.01142512      -0.04278907       0.03919818      -0.00283458      -0.04052849       0.03667778       0.00441465      -0.01641296      -0.04088008       0.01560892      -0.11952961       0.12951511      -0.13177430       0.08171438
      -0.10322617       0.07281152      -0.02871283      -0.01487309      -0.01218491       0.00716248      -0.17257397       0.07428090       0.08960129      -0.00526151      -0.00547844      -0.03051267       0.06939588      -0.17760838       0.75557611      -0.08094269       0.01680375      -0.00705659       0.04907752      -0.05599789       0.01118639       0.05841355      -0.12461967       0.02901545      -0.07077365       0.01767744      -0.07497565      -0.01725641       0.01936629      -0.05186022       0.01902513      -0.06253239      -0.04633271      -0.00988335       0.16749054       0.01183173      -0.03958513       0.02849524       0.01335548      -0.03923661      -0.06217396       0.03262413      -0.07638658       0.07482189      -0.03779602       0.08238196       0.01615685      -0.04874378       0.06065184       0.02077414       0.03270233      -0.02960807      -0.02715790       0.02226902       0.00448641      -0.01134390       0.08680410      -0.08895083       0.01092271       0.06737526       0.03969156      -0.03292477       0.03066384      -0.06221161
       0.06377624      -0.02366099       0.05240922      -0.04432166       0.01940224       0.01811963       0.02837581      -0.12320419      -0.13061182      -0.05367022       0.02918224      -0.02946886      -0.05150193      -0.01182248      -0.08094269       0.73805285      -0.00175850      -0.01657059       0.01503422      -0.02861907      -0.02545859       0.00369210      -0.03433839      -0.13785817      -0.05486986       0.02986252      -0.00721267      -0.01607928       0.04827264      -0.07077151      -0.00778051       0.04691116       0.02675580      -0.01319863       0.03991640       0.01597693      -0.06414814       0.02273809       0.01562441      -0.01792395       0.06851463      -0.01458602      -0.01384967       0.01903552      -0.00336772      -0.07601791       0.07760978      -0.06253637      -0.08850948      -0.06006757       0.09597768      -0.02211601      -0.03243732       0.03356993      -0.06947922       0.05508893      -0.06769673       0.10850831      -0.00690529       0.03167304       0.04561633      -0.04286003       0.06640793      -0.01312103
       0.07357405      -0.00204939       0.01904551      -0.03976620       0.05470893      -0.06245037      -0.02843790      -0.02191532      -0.20659127       0.02504563      -0.04320895       0.03083379      -0.01470129      -0.01980606       0.01680375      -0.00175850       0.71564103      -0.23542837       0.02154180      -0.04839379       0.09987189       0.01484919       0.02758611      -0.12812367      -0.11850054       0.06743861      -0.13710247       0.00185368      -0.02248370      -0.01520173      -0.05151515       0.00890337       0.04285291       0.08012477      -0.02540102       0.02778649      -0.05364891       0.07778087       0.00464797       0.00985825       0.04175154       0.02406396      -0.10799794       0.04472837      -0.02662745      -0.00778325       0.01974364      -0.04095267      -0.03703082       0.00029503       0.00908337       0.00789780       0.09924329      -0.07228846      -0.01520307       0.01397514      -0.03383246       0.06064583       0.01220438       0.02768313       0.01245294      -0.00071348       0.00472543      -0.03602116
      -0.05685842      -0.07455653       0.00279397       0.06268514       0.03486052       0.02733865      -0.07996401       0.00138942       0.11659104      -0.05690911       0.04877129      -0.07492660       0.03400315      -0.07302821      -0.00705659      -0.01657059      -0.23542837       0.73527577      -0.13274319       0.07362698      -0.02733936      -0.01944403      -0.01999994       0.04936266       0.00743260      -0.11957723       0.08837011      -0.06405711      -0.03453021       0.09869877       0.02488873      -0.08767536      -0.00548387      -0.04169293       0.03099417       0.01092894       0.00155979      -0.00731195      -0.02342449      -0.00158665       0.03534954      -0.08791067       0.08017725      -0.03663783       0.08216747      -0.00237102      -0.03078157      -0.00115567       0.00961213       0.04279302      -0.04372289      -0.00717606      -0.08758860       0.04052916       0.01664962       0.01678600      -0.08922187       0.00381401      -0.04411746      -0.00359431      -0.00651629       0.00327224       0.07568696       0.03089155
       0.07406049       0.01492256       0.00176534      -0.06942222      -0.00633651       0.07060256       0.00723380      -0.03032334      -0.00420266       0.00970877      -0.21256162       0.07925550      -0.07114406       0.03574967       0.04907752       0.01503422       0.02154180      -0.13274319       0.74184163      -0.21093367       0.01450585      -0.00845290      -0.03362476       0.03740589      -0.06701119       0.11453878      -0.18720070       0.09364116      -0.03436170       0.02509683      -0.01579858       0.02474077       0.04744691      -0.14572623      -0.00021395       0.02411760       0.03629171      -0.02758530      -0.00019527      -0.08894341      -0.14133457       0.04957759      -0.02149717       0.00376646      -0.02523133       0.02132564       0.02658867       0.01895814       0.08590459      -0.00930363       0.00251037      -0.04036968       0.00670600      -0.01540457      -0.00000234      -0.03749386      -0.00149142      -0.03626277       0.04511205       0.05637888      -0.01623859       0.09280022      -0.01281576      -0.00835116
      -0.07452954       0.01310692      -0.04660485       0.00341933       0.01052662       0.02080926       0.04577178      -0.02095485       0.04471842      -0.04159980       0.08900656      -0.06419182      -0.01023248       0.06145448      -0.05599789      -0.02861907      -0.04839379       0.07362698      -0.21093367       0.72616082      -0.12129407       0.01316958       0.05650671      -0.03853878       0.07930770      -0.04712712       0.06434885      -0.18791752       0.02600551       0.13407152      -0.01289517      -0.01359713       0.02031258       0.01527807      -0.11534763       0.05815712       0.00058615       0.02935514      -0.03466023       0.01138096       0.06580213      -0.06660672       0.06645534      -0.04238982       0.06026172      -0.00003493      -0.01940145      -0.02546650      -0.07014662      -0.00444399       0.02884170       0.06941255      -0.03524517      -0.00780593      -0.01845700       0.08452007      -0.03638530       0.06256421       0.00963001      -0.05229642      -0.02949203       0.03599129       0.03193617       0.01057094
      -0.06999939       0.05194345       0.04762153      -0.10149485      -0.02002384       0.00814741       0.04855044       0.02053426      -0.03784602      -0.04535983      -0.05817690       0.10454548      -0.08561331       0.03309780       0.01118639      -0.02545859       0.09987189      -0.02733936       0.01450585      -0.12129407       0.71406002      -0.16087739      -0.03783576       0.01765058      -0.04284960       0.04477121      -0.06973934       0.06889458      -0.16104913       0.03201001      -0.05017185      -0.03052338       0.01273473      -0.04889669       0.04540032      -0.00348809       0.01360374      -0.05153984       0.08299093       0.02006228       0.06414244      -0.00472272       0.02628428       0.05485770      -0.00922704      -0.02381354       0.01801789       0.04345442       0.04204853       0.04357981       0.00905130      -0.07473240       0.04469922       0.02336557      -0.03725654      -0.08869429      -0.01792652       0.00676406       0.04209983       0.01492600       0.00587818       0.04061704      -0.01436190       0.05112505
       0.03879197      -0.00281851       0.08028249       0.01467460       0.04471063      -0.03404092      -0.02170370       0.00835720       0.01907294       0.05220955       0.00803352      -0.04667617       0.02340323      -0.09847881       0.05841355       0.00369210       0.01484919      -0.01944403      -0.00845290       0.01316958      -0.16087739       0.73133855      -0.16557964      -0.02467703      -0.00313853      -0.02406382      -0.01564168      -0.07839483       0.05369124      -0.15675413       0.09856219      -0.02797566      -0.05406290       0.08006429       0.00148719       0.02764881      -0.03037929       0.01203439      -0.04925272       0.02152691      -0.03770766       0.04394977      -0.06615911       0.01090324       0.01782087       0.00582042       0.01657529      -0.00987460      -0.03850510      -0.07417921       0.07937920      -0.01265089       0.06948876       0.03466079      -0.00005486       0.01583125       0.05495924       0.01553289      -0.09035665       0.00626666       0.03935945       0.04134332       0.02062021      -0.05799891
       0.04117098      -0.07618009       0.00693189      -0.00870196       0.04739482      -0.05971444      -0.03004306      -0.03692767      -0.05369138       0.04365504       0.06756126      -0.00753949      -0.03262650       0.08217996      -0.12461967      -0.03433839       0.02758611      -0.01999994      -0.03362476       0.05650671      -0.03783576      -0.16557964       0.77695015      -0.10452293      -0.00221346      -0.04202163      -0.02143884       0.02244492       0.00371613       0.07185705      -0.21356300       0.05372306       0.03222512      -0.05101925      -0.00735663      -0.03722818      -0.03250492       0.00272469       0.01540009      -0.00446401       0.01480121       0.03699930       0.00944082      -0.05143654      -0.03775403       0.07496034       0.06959105      -0.06915792      -0.00497918       0.03932937      -0.04615368       0.06674448      -0.00096858       0.03996895      -0.10701456       0.00286816      -0.11943645       0.00914451       0.02901984      -0.06858440      -0.03908382       0.00840404      -0.01245720       0.03750235
      -0.09079582       0.02591111      -0.01618296       0.05528604      -0.08600659      -0.00208347      -0.05349145       0.05079191       0.08279921      -0.03150993      -0.02768023      -0.07160021       0.08950759      -0.07959393       0.02901545      -0.13785817      -0.12812367       0.04936266       0.03740589      -0.03853878       0.01765058      -0.02467703      -0.10452293       0.73081592       0.01596420      -0.00645612      -0.01866289       0.02061088       0.00769854       0.00272624       0.04835501      -0.14029598      -0.08448051      -0.00426929       0.02391427       0.06108778       0.09371739       0.00101447       0.02047309       0.00851211      -0.04929143      -0.03996515       0.00542056       0.00446466      -0.02321655      -0.01868492       0.04099825      -0.00884450      -0.00166155       0.07558103      -0.01353069       0.05967261      -0.01996404      -0.01944459      -0.02136561       0.06531841       0.04075586      -0.02588246       0.00745498      -0.08884901       0.09069327       0.02865521       0.04608796      -0.08385857
      -0.00249195       0.03808180      -0.02652986       0.05875487      -0.06095612       0.01585164       0.06387358      -0.03374389       0.04145434      -0.00414518       0.03881449       0.06179499      -0.03771008       0.03335505      -0.07077365      -0.05486986      -0.11850054       0.00743260      -0.06701119       0.07930770      -0.04284960      -0.00313853      -0.00221346       0.01596420       0.71713292      -0.13114336       0.06979916      -0.03918189       0.04478171      -0.02290816       0.00128123      -0.14178879      -0.12937447       0.08339166      -0.02688610      -0.01675888       0.00593278       0.05813086      -0.03162062       0.02606431       0.06186875       0.00781272       0.04027017       0.00390900       0.08112248       0.04551697       0.04021135      -0.02213050       0.00640759      -0.01558400      -0.01154458       0.00242102      -0.09431498      -0.02729108      -0.04864124       0.08328802       0.01363658       0.05224964      -0.03861893      -0.03168031       0.02493501      -0.04870420       0.01600404       0.04127247
       0.04844525      -0.06437401      -0.00553770       0.02012114      -0.03997762       0.06729031      -0.01264850      -0.07130832      -0.00214300       0.01046407      -0.06019027      -0.02504477      -0.02615607       0.03364128       0.01767744       0.02986252       0.06743861      -0.11957723       0.11453878      -0.04712712       0.04477121      -0.02406382      -0.04202163      -0.00645612      -0.13114336       0.69959895      -0.23386990       0.09108648      -0.03051736       0.08631583      -0.00386755      -0.02038031       0.01715536      -0.23768190       0.02297724       0.06379325      -0.03250796      -0.04607356       0.00018995      -0.02035652       0.00655697       0.02237016      -0.04879981       0.01583389      -0.02143356      -0.04743634       0.01810728      -0.01933455       0.02181300      -0.01065625      -0.00859740       0.02010318       0.02322262      -0.04246487       0.05170900      -0.01134465       0.00057968      -0.01782850       0.05413231       0.03167868      -0.01749050      -0.00494871      -0.01261648       0.00699641
      -0.07668187      -0.01950298       0.00166945      -0.02931486      -0.01364896       0.02053714       0.05143230       0.00713215      -0.01721623      -0.02067364       0.06461444       0.00200508       0.08752003       0.01673030      -0.07497565      -0.00721267      -0.13710247       0.08837011      -0.18720070       0.06434885      -0.06973934      -0.01564168      -0.02143884      -0.01866289       0.06979916      -0.23386990       0.70822691      -0.19802473       0.00436410      -0.03167018      -0.01690073       0.00988803      -0.03383624       0.10744405      -0.17808825       0.01836049       0.03263746      -0.00833915       0.04947711      -0.00165954       0.01488072       0.00493238       0.05744415      -0.08464947       0.01928662       0.04247860      -0.03376083       0.01500080      -0.01002754      -0.00513361      -0.00727275       0.02429594      -0.09032554       0.00788432       0.05373386      -0.01714022       0.00760264       0.02042158      -0.05630298      -0.09994330       0.06712113       0.00817251      -0.04641691      -0.02853733
       0.02516585      -0.00415232       0.03414228       0.01962550      -0.03137531      -0.01254699       0.04032106      -0.04896775       0.02063707       0.01560386      -0.04103804      -0.01538758      -0.00693423       0.06963588      -0.01725641      -0.01607928       0.00185368      -0.06405711       0.09364116      -0.18791752       0.06889458      -0.07839483       0.02244492       0.02061088      -0.03918189       0.09108648      -0.19802473       0.74149355      -0.14147608       0.02165000      -0.07068719       0.00135365      -0.04342575      -0.13175083       0.07386503      -0.12032491       0.09038262      -0.06939564       0.05510320       0.01779544      -0.04956719       0.03951413      -0.05557641       0.05306450      -0.05575600       0.01029152      -0.02092570       0.00087184       0.02717610       0.02739035      -0.02298800      -0.04532026       0.02148668      -0.00130109      -0.05249330       0.01893398      -0.04681818      -0.00673707      -0.07468147       0.11433964       0.00228659       0.03465908       0.00527356       0.02090477
       0.00395068       0.01071546      -0.00329861       0.01986928       0.03300109       0.02718443       0.00651220      -0.04353302       0.09715718       0.07382144       0.03607880      -0.05175985      -0.02106262      -0.01581749       0.01936629       0.04827264      -0.02248370      -0.03453021      -0.03436170       0.02600551      -0.16104913       0.05369124       0.00371613       0.00769854       0.04478171      -0.03051736       0.00436410      -0.14147608       0.73267330      -0.18796376      -0.02565950       0.02428447      -0.04496721       0.11902523       0.02033703      -0.02598121      -0.19014058       0.06087566      -0.06679791       0.00988724       0.00608535      -0.05033783       0.00620550      -0.01078006       0.02066126       0.01750229      -0.01857621      -0.06380754      -0.12564992      -0.01413275      -0.07231031       0.04936740      -0.04944672       0.03881492      -0.03575002       0.03448775       0.08995905       0.06451403      -0.04219664       0.01160698      -0.00172058      -0.09013178       0.04889923      -0.10273533
      -0.00504820      -0.07834477       0.00880145      -0.00199840       0.08343788      -0.04144656       0.04831071      -0.06707663      -0.00960680      -0.03052362      -0.00905553      -0.00585929      -0.04165481       0.07741059      -0.05186022      -0.07077151      -0.01520173       0.09869877       0.02509683       0.13407152       0.03201001      -0.15675413       0.07185705       0.00272624      -0.02290816       0.08631583      -0.03167018       0.02165000      -0.18796376       0.71246770      -0.14906221       0.00419388       0.07298264      -0.13491321      -0.07461401       0.01838902       0.08518771      -0.14578936       0.00764634      -0.00802064      -0.04363419      -0.02098115      -0.01291977       0.00454657      -0.03462866       0.04331603      -0.03649691       0.05717424       0.02614461      -0.00428997       0.05912819      -0.04380546       0.10445627      -0.10163330       0.03594326       0.05449580      -0.06191695       0.02101877       0.04337968       0.01558753      -0.09770282       0.11924022      -0.01639921       0.06561938
       0.04670429       0.03418819      -0.06597064       0.03477305      -0.09226790       0.09023167      -0.09624026       0.04384316       0.02639684      -0.04251161      -0.01939859      -0.00062437       0.11574562      -0.08409920       0.01902513      -0.00778051      -0.05151515       0.02488873      -0.01579858      -0.01289517      -0.05017185       0.09856219      -0.21356300       0.04835501       0.00128123      -0.00386755      -0.01690073      -0.07068719      -0.02565950      -0.14906221       0.72841452      -0.14767763      -0.07565961      -0.02521264      -0.00348256       0.05226031      -0.05256969      -0.00753005      -0.23574581       0.07566927       0.05714174      -0.01175763       0.08532225      -0.02635575       0.06103358      -0.04017074      -0.00097975       0.00952161      -0.07374540       0.02683081      -0.04303733       0.04086679      -0.09248953       0.08178446       0.06825556      -0.07195925       0.08314796      -0.07914039       0.02235554      -0.00578288       0.01336532      -0.07817217       0.02281220      -0.01250979
       0.08490316      -0.07265401       0.07070121      -0.01432410       0.02406396      -0.03473508       0.09298516      -0.06131476      -0.09589769       0.08136582      -0.08672939       0.06170922      -0.05106388       0.06135171      -0.06253239       0.04691116       0.00890337      -0.08767536       0.02474077      -0.01359713      -0.03052338      -0.02797566       0.05372306      -0.14029598      -0.14178879      -0.02038031       0.00988803       0.00135365       0.02428447       0.00419388      -0.14767763       0.71249637       0.10735077      -0.00460744      -0.00392089      -0.01272546      -0.00814566       0.00039672       0.06850026      -0.13598841      -0.08438485       0.02420001      -0.05021616       0.01796457      -0.05499591      -0.00925717       0.02895579       0.02801316      -0.03219510       0.00055035       0.00756589      -0.05996032       0.02253768       0.00902639      -0.00532807      -0.00450052      -0.05765353      -0.01374019       0.00292095       0.01310881       0.00567971       0.00844112      -0.07263968       0.03575830
       0.01750190      -0.08968411       0.02698420       0.00782665      -0.00571619       0.01098799       0.03629744      -0.02770576      -0.00318185       0.06759308      -0.06624962       0.03004504      -0.07738734       0.05379806      -0.04633271       0.02675580       0.04285291      -0.00548387       0.04744691       0.02031258       0.01273473      -0.05406290       0.03222512      -0.08448051      -0.12937447       0.01715536      -0.03383624      -0.04342575      -0.04496721       0.07298264      -0.07565961       0.10735077       0.71831824      -0.06878381       0.00729471      -0.00507912      -0.01495148       0.03116327       0.08082964      -0.12780595      -0.11180080       0.03075570       0.01996727      -0.01389629       0.04686073      -0.05640637       0.00181307       0.02738581       0.04295653      -0.08374630       0.01307618       0.04067787      -0.00122996       0.03178296      -0.00639929      -0.03511286      -0.02071005       0.09678215      -0.01681737       0.00953609      -0.03903557      -0.00212523       0.00215760       0.04182191
       0.00903742       0.02086329       0.03142318       0.00375272      -0.02210581       0.01583778      -0.03288305       0.01669161       0.00371344      -0.04016146       0.05490422       0.00685034       0.07764060      -0.10200502      -0.00988335      -0.01319863       0.08012477      -0.04169293      -0.14572623       0.01527807      -0.04889669       0.08006429      -0.05101925      -0.00426929       0.08339166      -0.23768190       0.10744405      -0.13175083       0.11902523      -0.13491321      -0.02521264      -0.00460744      -0.06878381       0.74536306      -0.15590400       0.03587473      -0.01392453       0.05708077       0.02630313       0.00811990       0.02937015      -0.16222039       0.03199224      -0.05474091       0.04366018      -0.06171047      -0.00710780      -0.01955202      -0.04215329      -0.03777231      -0.06135274       0.04224658      -0.03538978       0.06542983      -0.06891933       0.04070731       0.08908028       0.09367020      -0.04092538      -0.08896007       0.04820309      -0.11232185      -0.01485631      -0.04397226
      -0.01056347      -0.01995141       0.08025231      -0.01877418       0.05973013      -0.00401019      -0.01865901       0.04608245       0.07233323       0.02598740       0.02065125      -0.04013425      -0.11462863       0.03764230       0.16749054       0.03991640      -0.02540102       0.03099417      -0.00021395      -0.11534763       0.04540032       0.00148719      -0.00735663       0.02391427      -0.02688610       0.02297724      -0.17808825       0.07386503       0.02033703      -0.07461401      -0.00348256      -0.00392089       0.00729471      -0.15590400       0.74720732      -0.16727336      -0.04441487       0.06370806      -0.03730328      -0.03086441       0.01245427       0.07147673      -0.19681422       0.16021886      -0.04985942       0.04246539       0.10561553      -0.07485620       0.05585619      -0.02456313       0.01112672      -0.02954549       0.00861632      -0.01616763      -0.03954923      -0.00516416      -0.08896734      -0.07057797      -0.03257277       0.03019976       0.02551390      -0.03411541       0.05804307       0.08133610
      -0.03696681       0.01850244      -0.06606872       0.02560696      -0.07369623       0.07099183       0.03051924      -0.07176290      -0.04778117      -0.04150128       0.03193325       0.03262895       0.05715377      -0.01180453       0.01183173       0.01597693       0.02778649       0.01092894       0.02411760       0.05815712      -0.00348809       0.02764881      -0.03722818       0.06108778      -0.01675888       0.06379325       0.01836049      -0.12032491      -0.02598121       0.01838902       0.05226031      -0.01272546      -0.00507912       0.03587473      -0.16727336       0.72645069      -0.06092550       0.02811768      -0.02963853       0.02114065       0.06465463      -0.07833934       0.05580078      -0.19395885       0.02871283      -0.00323447      -0.00516844      -0.02333755      -0.02803954       0.04959479       0.03526997       0.02335723      -0.00327404      -0.03418127       0.01668899       0.02976924       0.08490245      -0.02593871       0.04211368      -0.02390045       0.02004616       0.02711829      -0.01026054      -0.02740894
      -0.00342977      -0.00906267       0.05911242      -0.02447657      -0.02414473       0.00840880       0.07785269      -0.05606047       0.03016413      -0.03215475      -0.00777432       0.04250762       0.09406618      -0.01532906      -0.03958513      -0.06414814      -0.05364891       0.00155979       0.03629171       0.00058615       0.01360374      -0.03037929      -0.03250492       0.09371739       0.00593278      -0.03250796       0.03263746       0.09038262      -0.19014058       0.08518771      -0.05256969      -0.00814566      -0.01495148      -0.01392453      -0.04441487      -0.06092550       0.72333602      -0.13962796       0.01308609      -0.03102874      -0.01743619       0.02556981      -0.04793481      -0.00402200      -0.12984896      -0.00450137      -0.06343357       0.07010513       0.10347224      -0.08004796       0.10327845      -0.01546778       0.07914934      -0.10800646       0.02546607      -0.06143867      -0.04691249       0.01135804      -0.05701051       0.03691121      -0.03729086       0.07412697      -0.01275699       0.03047954
      -0.05906333       0.03115106      -0.02766789       0.00019075      -0.04859515       0.06143071      -0.04824634       0.06312525       0.02512239       0.00070476       0.02756188      -0.07953486      -0.01234114      -0.03641737       0.02849524       0.02273809       0.07778087      -0.00731195      -0.02758530       0.02935514      -0.05153984       0.01203439       0.00272469       0.00101447       0.05813086      -0.04607356      -0.00833915      -0.06939564       0.06087566      -0.14578936      -0.00753005       0.00039672       0.03116327       0.05708077       0.06370806       0.02811768      -0.13962796       0.70641022      -0.12510781       0.01253187       0.04515677      -0.03927929      -0.03335851       0.02497717       0.07283896      -0.11381193       0.03902010      -0.09230594      -0.05009347      -0.02770513      -0.00160786       0.02912928      -0.01415362       0.03426525      -0.02881511       0.07701197      -0.00443587       0.03375188      -0.02112029      -0.00230921       0.02395146      -0.05692132       0.12130215      -0.09516827
      -0.01073300      -0.04752498       0.02394253       0.05126237      -0.01048059      -0.09923731       0.04341059      -0.04707942      -0.01495399      -0.00366834       0.00412374       0.03250058      -0.02341819       0.03983010       0.01335548       0.01562441       0.00464797      -0.02342449      -0.00019527      -0.03466023       0.08299093      -0.04925272       0.01540009       0.02047309      -0.03162062       0.00018995       0.04947711       0.05510320      -0.06679791       0.00764634      -0.23574581       0.06850026       0.08082964       0.02630313      -0.03730328      -0.02963853       0.01308609      -0.12510781       0.71418107      -0.16049299      -0.10681645       0.01746183      -0.05007917      -0.01384234      -0.08053890       0.02423135      -0.10819842       0.00547286       0.01836107       0.00908441       0.03109348      -0.00926693       0.06940836      -0.04746097       0.00240668      -0.00961919      -0.04369879       0.01136159      -0.05713400      -0.02597229       0.04934986       0.05615834      -0.06571300       0.05142232
      -0.01278148      -0.02135554       0.03677525       0.09446132      -0.03362639      -0.00529070       0.00608674      -0.02959745      -0.03802517       0.07889863       0.01180709      -0.03072785       0.04231088      -0.02550234      -0.03923661      -0.01792395       0.00985825      -0.00158665      -0.08894341       0.01138096       0.02006228       0.02152691      -0.00446401       0.00851211       0.02606431      -0.02035652      -0.00165954       0.01779544       0.00988724      -0.00802064       0.07566927      -0.13598841      -0.12780595       0.00811990      -0.03086441       0.02114065      -0.03102874       0.01253187      -0.16049299       0.70774818       0.10558311       0.02197430      -0.00142488      -0.02810821       0.08147052      -0.03454689       0.09257963      -0.17165411      -0.00789259       0.02704660       0.02814305       0.00224669      -0.04557242       0.06172970      -0.08629928       0.02278201       0.00505232       0.01935151       0.01985547      -0.01848132      -0.03238344      -0.07164237       0.06866237      -0.01628103
       0.07364674      -0.01387074       0.00314604       0.00317865      -0.00691669       0.00759013       0.03152653      -0.05997436      -0.05177323      -0.04957703       0.01738732      -0.02299478       0.02641913       0.04744884      -0.06217396       0.06851463       0.04175154       0.03534954      -0.14133457       0.06580213       0.06414244      -0.03770766       0.01480121      -0.04929143       0.06186875       0.00655697       0.01488072      -0.04956719       0.00608535      -0.04363419       0.05714174      -0.08438485      -0.11180080       0.02937015       0.01245427       0.06465463      -0.01743619       0.04515677      -0.10681645       0.10558311       0.72419016      -0.15123187       0.00224022       0.00321404       0.08938028      -0.02431453       0.05334181      -0.09336676      -0.13008950       0.06594611      -0.07421872       0.01585398       0.03617854      -0.01936123      -0.05748459      -0.03756508      -0.00939489       0.01709994       0.02209620      -0.06859155      -0.06243041      -0.02274077      -0.01092337       0.01576363
       0.06676356      -0.01193256       0.08547815      -0.04829938       0.06762289      -0.07465915       0.03822782      -0.02272671       0.00249153       0.11208889      -0.11511082       0.08515837      -0.04734365       0.03493768       0.03262413      -0.01458602       0.02406396      -0.08791067       0.04957759      -0.06660672      -0.00472272       0.04394977       0.03699930      -0.03996515       0.00781272       0.02237016       0.00493238       0.03951413      -0.05033783      -0.02098115      -0.01175763       0.02420001       0.03075570      -0.16222039       0.07147673      -0.07833934       0.02556981      -0.03927929       0.01746183       0.02197430      -0.15123187       0.74622479      -0.17464126       0.07695225      -0.06740135       0.04524632      -0.03566105      -0.04056528       0.04409964      -0.19012704       0.06323530      -0.07305306      -0.05607486      -0.06008033       0.00681251       0.00493151      -0.05190456       0.09253765      -0.07701404       0.12810867      -0.01745327       0.05353984      -0.06014021       0.00119360
      -0.02606930       0.05969817      -0.13035640      -0.02943903      -0.10051435       0.04522958      -0.04359976      -0.00845155       0.05076480      -0.05220008       0.02471862       0.07063999       0.10232337      -0.07639712      -0.07638658      -0.01384967      -0.10799794       0.08017725      -0.02149717       0.06645534       0.02628428      -0.06615911       0.00944082       0.00542056       0.04027017      -0.04879981       0.05744415      -0.05557641       0.00620550      -0.01291977       0.08532225      -0.05021616       0.01996727       0.03199224      -0.19681422       0.05580078      -0.04793481      -0.03335851      -0.05007917      -0.00142488       0.00224022      -0.17464126       0.72983169      -0.24684150       0.05991855      -0.04063824      -0.05157167       0.06961711       0.06216306       0.10175693      -0.18514794       0.08557365      -0.08955202       0.08241283       0.04425425      -0.07103410       0.00739641       0.00804703       0.04788703      -0.06748913       0.05388673      -0.10471723       0.03547553      -0.00436748
       0.01456888      -0.03904815       0.12424897      -0.00951695       0.03028554      -0.01807961      -0.00115514       0.00341224       0.01917885       0.08261589      -0.03581641      -0.04073120      -0.06417284       0.03415123       0.07482189       0.01903552       0.04472837      -0.03663783       0.00376646      -0.04238982       0.05485770       0.01090324      -0.05143654       0.00446466       0.00390900       0.01583389      -0.08464947       0.05306450      -0.01078006       0.00454657      -0.02635575       0.01796457      -0.01389629      -0.05474091       0.16021886      -0.19395885      -0.00402200       0.02497717      -0.01384234      -0.02810821       0.00321404       0.07695225      -0.24684150       0.70346796      -0.12793837       0.01389031       0.03762481      -0.01608936      -0.02186395      -0.04768098       0.06984687      -0.19325819       0.03371408      -0.06721959      -0.04137039       0.04968845      -0.04627926      -0.03029007      -0.05155976       0.06034251       0.01515016       0.04805069       0.01156106      -0.05875684
      -0.00394417       0.02836690      -0.02291126      -0.00945273      -0.04891551       0.04774202      -0.00855423      -0.01905190       0.01396099      -0.05866690      -0.01206696      -0.01741881      -0.02602655      -0.03061884      -0.03779602      -0.00336772      -0.02662745       0.08216747      -0.02523133       0.06026172      -0.00922704       0.01782087      -0.03775403      -0.02321655       0.08112248      -0.02143356       0.01928662      -0.05575600       0.02066126      -0.03462866       0.06103358      -0.05499591       0.04686073       0.04366018      -0.04985942       0.02871283      -0.12984896       0.07283896      -0.08053890       0.08147052       0.08938028      -0.06740135       0.05991855      -0.12793837       0.72445322      -0.13719819       0.06040001      -0.01835669      -0.09349199       0.08637007      -0.05900983       0.07855864      -0.11352952       0.10060990      -0.04419947       0.02691183       0.00229246      -0.02959844       0.03779185      -0.00506533      -0.08235832      -0.03117152       0.11467505       0.04376868
      -0.03099960       0.00151540      -0.01667684       0.03353771       0.06028681      -0.06361358      -0.00495835      -0.02936324      -0.04831582      -0.02321012       0.07142546       0.02191109      -0.01498572       0.08146158       0.08238196      -0.07601791      -0.00778325      -0.00237102       0.02132564      -0.00003493      -0.02381354       0.00582042       0.07496034      -0.01868492       0.04551697      -0.04743634       0.04247860       0.01029152       0.01750229       0.04331603      -0.04017074      -0.00925717      -0.05640637      -0.06171047       0.04246539      -0.00323447      -0.00450137      -0.11381193       0.02423135      -0.03454689      -0.02431453       0.04524632      -0.04063824       0.01389031      -0.13719819       0.70690388      -0.11938750      -0.04844332       0.00141045       0.11982758      -0.00705301       0.00747161       0.02169975      -0.15331338       0.04220667       0.03494926       0.04458386      -0.08110913       0.03072309       0.02385395      -0.04865091       0.05071501      -0.06592047      -0.01515426
       0.00623546      -0.02541792       0.04191928      -0.05631693      -0.01428735      -0.07028006       0.03696766      -0.00964393      -0.07567678       0.00836148      -0.03186615      -0.02189760      -0.08113560      -0.00291894       0.01615685       0.07760978       0.01974364      -0.03078157       0.02658867      -0.01940145       0.01801789       0.01657529       0.06959105       0.04099825       0.04021135       0.01810728      -0.03376083      -0.02092570      -0.01857621      -0.03649691      -0.00097975       0.02895579       0.00181307      -0.00710780       0.10561553      -0.00516844      -0.06343357       0.03902010      -0.10819842       0.09257963       0.05334181      -0.03566105      -0.05157167       0.03762481       0.06040001      -0.11938750       0.73926657      -0.17002288       0.01774274      -0.03440932       0.03987693       0.05645793      -0.03666922       0.10783754      -0.24203631       0.03558809      -0.10885595       0.06374004      -0.04390019      -0.05493264       0.02989902      -0.02133047       0.02593336       0.03635670
       0.02268596       0.07049945       0.01131093      -0.06017992      -0.09196601       0.00542939      -0.06378753       0.03724502       0.00380584      -0.02396996      -0.06489130       0.04421107       0.10079544      -0.01967462      -0.04874378      -0.06253637      -0.04095267      -0.00115567       0.01895814      -0.02546650       0.04345442      -0.00987460      -0.06915792      -0.00884450      -0.02213050      -0.01933455       0.01500080       0.00087184      -0.06380754       0.05717424       0.00952161       0.02801316       0.02738581      -0.01955202      -0.07485620      -0.02333755       0.07010513      -0.09230594       0.00547286      -0.17165411      -0.09336676      -0.04056528       0.06961711      -0.01608936      -0.01835669      -0.04844332      -0.17002288       0.70891386       0.02054441      -0.00483262       0.04147802      -0.11179645       0.03284968      -0.00189689       0.10081269      -0.17465291       0.03527541      -0.06634539      -0.01266091      -0.03676183      -0.03255789       0.09125427      -0.06725537       0.02793026
      -0.00509929      -0.01773799      -0.02136053      -0.04340605      -0.00833108       0.01761464       0.01703934      -0.02761291       0.00464016       0.01817543      -0.06842418       0.08152811      -0.00426538      -0.06683320       0.06065184      -0.08850948      -0.03703082       0.00961213       0.08590459      -0.07014662       0.04204853      -0.03850510      -0.00497918      -0.00166155       0.00640759       0.02181300      -0.01002754       0.02717610      -0.12564992       0.02614461      -0.07374540      -0.03219510       0.04295653      -0.04215329       0.05585619      -0.02803954       0.10347224      -0.05009347       0.01836107      -0.00789259      -0.13008950       0.04409964       0.06216306      -0.02186395      -0.09349199       0.00141045       0.01774274       0.02054441       0.70683507      -0.12441513      -0.02842049      -0.01341471      -0.01319760      -0.03897344       0.02732703      -0.11164231      -0.09172655       0.00432913       0.00621719      -0.03738357       0.02811883      -0.02261156      -0.02067989       0.07228434
      -0.01070022      -0.00093101      -0.05112280       0.02306135      -0.00782658       0.00119817      -0.04383295      -0.03013371      -0.07674989      -0.00804617       0.08994713       0.00809249       0.03487216       0.01127147       0.02077414      -0.06006757       0.00029503       0.04279302      -0.00930363      -0.00444399       0.04357981      -0.07417921       0.03932937       0.07558103      -0.01558400      -0.01065625      -0.00513361       0.02739035      -0.01413275      -0.00428997       0.02683081       0.00055035      -0.08374630      -0.03777231      -0.02456313       0.04959479      -0.08004796      -0.02770513       0.00908441       0.02704660       0.06594611      -0.19012704       0.10175693      -0.04768098       0.08637007       0.11982758      -0.03440932      -0.00483262      -0.12441513       0.73935342      -0.16543694       0.05183296       0.06206676      -0.02336292      -0.05252928      -0.03165973       0.06025276      -0.15308074       0.06457524      -0.07105545      -0.03957123      -0.04694729       0.11359364      -0.02476106
      -0.02301974       0.01094807       0.12817748      -0.00562074      -0.02442880      -0.05826974       0.09481588       0.02614695      -0.05009654       0.04348529      -0.01714752       0.00415106      -0.09168466       0.01142512       0.03270233       0.09597768       0.00908337      -0.04372289       0.00251037       0.02884170       0.00905130       0.07937920      -0.04615368      -0.01353069      -0.01154458      -0.00859740      -0.00727275      -0.02298800      -0.07231031       0.05912819      -0.04303733       0.00756589       0.01307618      -0.06135274       0.01112672       0.03526997       0.10327845      -0.00160786       0.03109348       0.02814305      -0.07421872       0.06323530      -0.18514794       0.06984687      -0.05900983      -0.00705301       0.03987693       0.04147802      -0.02842049      -0.16543694       0.73216396      -0.12234968       0.09002273      -0.00085939      -0.03179983       0.07323944      -0.00886178       0.03868332      -0.18667068       0.03603004      -0.01967307       0.12849302       0.00195284      -0.02396843
      -0.01205714       0.04432932      -0.07898720       0.06884182      -0.05629748       0.07506359      -0.01167484      -0.01356952       0.02339800      -0.05445204       0.10297298      -0.11367223       0.01090966      -0.04278907      -0.02960807      -0.02211601       0.00789780      -0.00717606      -0.04036968       0.06941255      -0.07473240      -0.01265089       0.06674448       0.05967261       0.00242102       0.02010318       0.02429594      -0.04532026       0.04936740      -0.04380546       0.04086679      -0.05996032       0.04067787       0.04224658      -0.02954549       0.02335723      -0.01546778       0.02912928      -0.00926693       0.00224669       0.01585398      -0.07305306       0.08557365      -0.19325819       0.07855864       0.00747161       0.05645793      -0.11179645      -0.01341471       0.05183296      -0.12234968       0.71119724      -0.11120770       0.02653221       0.04002611      -0.02613857       0.02677993      -0.01968139       0.00918319      -0.20802311       0.01498278      -0.05948332       0.05314344      -0.04761810
      -0.04630218      -0.00979769      -0.07185666       0.02373039       0.10466178      -0.12766753       0.05137414       0.07196320      -0.03075049       0.03260360      -0.00738757      -0.02316412      -0.03050745       0.03919818      -0.02715790      -0.03243732       0.09924329      -0.08758860       0.00670600      -0.03524517       0.04469922       0.06948876      -0.00096858      -0.01996404      -0.09431498       0.02322262      -0.09032554       0.02148668      -0.04944672       0.10445627      -0.09248953       0.02253768      -0.00122996      -0.03538978       0.00861632      -0.00327404       0.07914934      -0.01415362       0.06940836      -0.04557242       0.03617854      -0.05607486      -0.08955202       0.03371408      -0.11352952       0.02169975      -0.03666922       0.03284968      -0.01319760       0.06206676       0.09002273      -0.11120770       0.75756596      -0.20931540       0.02910321      -0.00486324       0.06093248      -0.04676608       0.04708143      -0.00868640      -0.16016905       0.04820837      -0.02909256      -0.00470189
       0.01417414       0.03684249       0.04991733      -0.02315943      -0.07586216       0.00547038      -0.07953344       0.03081523       0.01454522       0.01010819      -0.02602454      -0.01985445       0.05722591      -0.00283458       0.02226902       0.03356993      -0.07228846       0.04052916      -0.01540457      -0.00780593       0.02336557       0.03466079       0.03996895      -0.01944459      -0.02729108      -0.04246487       0.00788432      -0.00130109       0.03881492      -0.10163330       0.08178446       0.00902639       0.03178296       0.06542983      -0.01616763      -0.03418127      -0.10800646       0.03426525      -0.04746097       0.06172970      -0.01936123      -0.06008033       0.08241283      -0.06721959       0.10060990      -0.15331338       0.10783754      -0.00189689      -0.03897344      -0.02336292      -0.00085939       0.02653221      -0.20931540       0.73261746      -0.23083993       0.00962542       0.00193442      -0.00049595      -0.02981435       0.02949992       0.05871869      -0.16978589       0.08454454       0.05854919
      -0.03416897       0.03336771      -0.11685549       0.01675586       0.03404791       0.08145174      -0.04701504       0.05542854      -0.01533846      -0.06970758       0.02672862       0.00400815       0.00411962      -0.04052849       0.00448641      -0.06947922      -0.01520307       0.01664962      -0.00000234      -0.01845700      -0.03725654      -0.00005486      -0.10701456      -0.02136561      -0.04864124       0.05170900       0.05373386      -0.05249330      -0.03575002       0.03594326       0.06825556      -0.00532807      -0.00639929      -0.06891933      -0.03954923       0.01668899       0.02546607      -0.02881511       0.00240668      -0.08629928      -0.05748459       0.00681251       0.04425425      -0.04137039      -0.04419947       0.04220667      -0.24203631       0.10081269       0.02732703      -0.05252928      -0.03179983       0.04002611       0.02910321      -0.23083993       0.75118860      -0.18061434       0.04152414      -0.10098423       0.04813478       0.01759350      -0.05384795       0.12802099      -0.23617307      -0.02552061
      -0.05290690       0.00587801       0.00297255       0.05649448       0.05440968      -0.04821378       0.01131355       0.04104729       0.08872666      -0.02829655       0.07373423      -0.08970810      -0.07377449       0.03667778      -0.01134390       0.05508893       0.01397514       0.01678600      -0.03749386       0.08452007      -0.08869429       0.01583125       0.00286816       0.06531841       0.08328802      -0.01134465      -0.01714022       0.01893398       0.03448775       0.05449580      -0.07195925      -0.00450052      -0.03511286       0.04070731      -0.00516416       0.02976924      -0.06143867       0.07701197      -0.00961919       0.02278201      -0.03756508       0.00493151      -0.07103410       0.04968845       0.02691183       0.03494926       0.03558809      -0.17465291      -0.11164231      -0.03165973       0.07323944      -0.02613857      -0.00486324       0.00962542      -0.18061434       0.72132333       0.00723252       0.02348611       0.00061784       0.00738983       0.00202038      -0.05044911       0.04057513      -0.15270990
      -0.15686549       0.07408270      -0.12251306       0.10170982      -0.09679166       0.02744689      -0.06487869       0.03399942      -0.00087278      -0.03417875      -0.00824288      -0.05200818       0.09938285       0.00441465       0.08680410      -0.06769673      -0.03383246      -0.08922187      -0.00149142      -0.03638530      -0.01792652       0.05495924      -0.11943645       0.04075586       0.01363658       0.00057968       0.00760264      -0.04681818       0.08995905      -0.06191695       0.08314796      -0.05765353      -0.02071005       0.08908028      -0.08896734       0.08490245      -0.04691249      -0.00443587      -0.04369879       0.00505232      -0.00939489      -0.05190456       0.00739641      -0.04627926       0.00229246       0.04458386      -0.10885595       0.03527541      -0.09172655       0.06025276      -0.00886178       0.02677993       0.06093248       0.00193442       0.04152414       0.00723252       0.74184156      -0.13608903       0.09178037      -0.01144469      -0.05814930      -0.06163530      -0.01843754      -0.12645603
       0.12324344      -0.19909078       0.17342425      -0.10406787       0.03617515      -0.06462492       0.08777151      -0.05759875      -0.07339400       0.06057445      -0.06368854       0.10353740      -0.00455790      -0.01641296      -0.08895083       0.10850831       0.06064583       0.00381401      -0.03626277       0.06256421       0.00676406       0.01553289       0.00914451      -0.02588246       0.05224964      -0.01782850       0.02042158      -0.00673707       0.06451403       0.02101877      -0.07914039      -0.01374019       0.09678215       0.09367020      -0.07057797      -0.02593871       0.01135804       0.03375188       0.01136159       0.01935151       0.01709994       0.09253765       0.00804703      -0.03029007      -0.02959844      -0.08110913       0.06374004      -0.06634539       0.00432913      -0.15308074       0.03868332      -0.01968139      -0.04676608      -0.00049595      -0.10098423       0.02348611      -0.13608903       0.76633609      -0.24397369       0.07570261       0.01280451      -0.03717679       0.03594100       0.02913915
      -0.11275028       0.12830464      -0.28012424       0.10635679       0.01710779       0.04822750      -0.07274948       0.06915883      -0.01703802      -0.05532667       0.01453750      -0.02904449      -0.01165660      -0.04088008       0.01092271      -0.00690529       0.01220438      -0.04411746       0.04511205       0.00963001       0.04209983      -0.09035665       0.02901984       0.00745498      -0.03861893       0.05413231      -0.05630298      -0.07468147      -0.04219664       0.04337968       0.02235554       0.00292095      -0.01681737      -0.04092538      -0.03257277       0.04211368      -0.05701051      -0.02112029      -0.05713400       0.01985547       0.02209620      -0.07701404       0.04788703      -0.05155976       0.03779185       0.03072309      -0.04390019      -0.01266091       0.00621719       0.06457524      -0.18667068       0.00918319       0.04708143      -0.02981435       0.04813478       0.00061784       0.09178037      -0.24397369       0.73148553      -0.16459932      -0.05699569      -0.05769917      -0.02720227       0.05106055
       0.07480159      -0.04888893       0.08893602      -0.15048945       0.09294978      -0.03519237      -0.01679409      -0.01047871      -0.03206905      -0.00742778      -0.08821567       0.12153238      -0.03832237       0.01560892       0.06737526       0.03167304       0.02768313      -0.00359431       0.05637888      -0.05229642       0.01492600       0.00626666      -0.06858440      -0.08884901      -0.03168031       0.03167868      -0.09994330       0.11433964       0.01160698       0.01558753      -0.00578288       0.01310881       0.00953609      -0.08896007       0.03019976      -0.02390045       0.03691121      -0.00230921      -0.02597229      -0.01848132      -0.06859155       0.12810867      -0.06748913       0.06034251      -0.00506533       0.02385395      -0.05493264      -0.03676183      -0.03738357      -0.07105545       0.03603004      -0.20802311      -0.00868640       0.02949992       0.01759350       0.00738983      -0.01144469       0.07570261      -0.16459932       0.74152972      -0.11699487       0.00959443       0.04657701       0.00049973
      -0.05907965       0.00627882       0.04120550       0.02063619      -0.17947475       0.05176651      -0.01253102      -0.05187495      -0.02984691       0.09593953      -0.05051994      -0.05295834       0.09999490      -0.11952961       0.03969156       0.04561633       0.01245294      -0.00651629      -0.01623859      -0.02949203       0.00587818       0.03935945      -0.03908382       0.09069327       0.02493501      -0.01749050       0.06712113       0.00228659      -0.00172058      -0.09770282       0.01336532       0.00567971      -0.03903557       0.04820309       0.02551390       0.02004616      -0.03729086       0.02395146       0.04934986      -0.03238344      -0.06243041      -0.01745327       0.05388673       0.01515016      -0.08235832      -0.04865091       0.02989902      -0.03255789       0.02811883      -0.03957123      -0.01967307       0.01498278      -0.16016905       0.05871869      -0.05384795       0.00202038      -0.05814930       0.01280451      -0.05699569      -0.11699487       0.74776459      -0.15154128       0.11024327      -0.05900032
       0.03711341       0.03664023       0.03629307      -0.04764262       0.06776992      -0.14971247       0.06976793      -0.05603705      -0.06505446      -0.05921442      -0.00349374       0.02927089      -0.12121506       0.12951511      -0.03292477      -0.04286003      -0.00071348       0.00327224       0.09280022       0.03599129       0.04061704       0.04134332       0.00840404       0.02865521      -0.04870420      -0.00494871       0.00817251       0.03465908      -0.09013178       0.11924022      -0.07817217       0.00844112      -0.00212523      -0.11232185      -0.03411541       0.02711829       0.07412697      -0.05692132       0.05615834      -0.07164237      -0.02274077       0.05353984      -0.10471723       0.04805069      -0.03117152       0.05071501      -0.02133047       0.09125427      -0.02261156      -0.04694729       0.12849302      -0.05948332       0.04820837      -0.16978589       0.12802099      -0.05044911      -0.06163530      -0.03717679      -0.05769917       0.00959443      -0.15154128       0.73112651      -0.22061277       0.04667100
      -0.04144472      -0.01596669       0.06757909      -0.00540809      -0.06554514       0.08156367      -0.12557705      -0.01051813       0.05698882       0.05380315      -0.01578758      -0.09353565       0.02009901      -0.13177430       0.03066384       0.06640793       0.00472543       0.07568696      -0.01281576       0.03193617      -0.01436190       0.02062021      -0.01245720       0.04608796       0.01600404      -0.01261648      -0.04641691       0.00527356       0.04889923      -0.01639921       0.02281220      -0.07263968       0.00215760      -0.01485631       0.05804307      -0.01026054      -0.01275699       0.12130215      -0.06571300       0.06866237      -0.01092337      -0.06014021       0.03547553       0.01156106       0.11467505      -0.06592047       0.02593336      -0.06725537      -0.02067989       0.11359364       0.00195284       0.05314344      -0.02909256       0.08454454      -0.23617307       0.04057513      -0.01843754       0.03594100      -0.02720227       0.04657701       0.11024327      -0.22061277       0.72873079      -0.12486770
       0.09244270      -0.01409190      -0.02508681       0.00464474       0.01369748      -0.11190598       0.05078444      -0.20164949      -0.10626063      -0.01558717       0.01635384       0.10389884      -0.03249975       0.08171438      -0.06221161      -0.01312103      -0.03602116       0.03089155      -0.00835116       0.01057094       0.05112505      -0.05799891       0.03750235      -0.08385857       0.04127247       0.00699641      -0.02853733       0.02090477      -0.10273533       0.06561938      -0.01250979       0.03575830       0.04182191      -0.04397226       0.08133610      -0.02740894       0.03047954      -0.09516827       0.05142232      -0.01628103       0.01576363       0.00119360      -0.00436748      -0.05875684       0.04376868      -0.01515426       0.03635670       0.02793026       0.07228434      -0.02476106      -0.02396843      -0.04761810      -0.00470189       0.05854919      -0.02552061      -0.15270990      -0.12645603       0.02913915       0.05106055       0.00049973      -0.05900032       0.04667100      -0.12486770       0.74433768
+-
       0.01045014       0.02048517       0.03994860       0.07133942       0.03456656       0.03471324       0.04857186       0.04862842       0.03881585       0.05153645       0.04762934       0.04620367       0.07166622       0.03636217       0.06545494       0.05318355       0.04443776       0.04342509       0.06773788       0.06777076       0.04667400       0.03272178       0.03973387       0.03168232       0.06662967       0.03561134       0.05421802       0.04953520       0.05736654       0.05069915       0.03787119       0.04099851       0.03905871       0.05990228       0.03346381       0.03696988       0.05439003       0.05296311       0.04018803       0.07171260       0.03409016       0.06512228       0.06028646       0.03109817       0.05304002       0.06415786       0.04389199       0.03988069       0.05889241       0.03579592       0.06254475       0.04564733       0.05568968       0.05704422       0.07026673       0.05661081       0.05127914       0.05250395       0.05039445       0.03280856       0.05300473       0.04881652       0.05400874       0.03808991
       0.02048517       0.01103460       0.03979430       0.03525604       0.04664290       0.02564559       0.03697841       0.03380831       0.03728103       0.05519908       0.04137256       0.04142466       0.04841983       0.05696547       0.04373750       0.03884872       0.03530636       0.04184086       0.03602195       0.04187289       0.05330988       0.04137103       0.05265464       0.04255719       0.05274100       0.04038312       0.03297048       0.02735665       0.04550478       0.02885474       0.04703436       0.03421766       0.05126249       0.05099954       0.03320624       0.02349727       0.04176713       0.03624774       0.03946137       0.06046654       0.04556446       0.03558578       0.04471087       0.03517089       0.04958544       0.02510923       0.04389261       0.04699216       0.03492507       0.04373949       0.06345471       0.03346487       0.05551477       0.04548489       0.04135291       0.04555623       0.04183082       0.04642170       0.04801548       0.05959152       0.05471123       0.03632386       0.03871485       0.03771427
       0.03994860       0.03979430       0.01019839       0.04046487       0.03754693       0.04904820       0.05045140       0.04631056       0.02909681       0.04456542       0.04230972       0.05173040       0.05322527       0.05060373       0.03495689       0.04919481       0.05291333       0.04648161       0.04558858       0.05402066       0.04535106       0.06422540       0.03893738       0.06884907       0.03816438       0.04496675       0.05542376       0.06621590       0.06249781       0.04512703       0.05239244       0.05613835       0.06703343       0.03719674       0.06248772       0.03898813       0.05411689       0.03393516       0.04759997       0.04347953       0.05179185       0.03407661       0.02962499       0.04173504       0.04440075       0.02579017       0.04088876       0.03974772       0.03996919       0.04847253       0.05257491       0.05211856       0.05989862       0.04468188       0.05487657       0.03371209       0.03196943       0.04558824       0.02819319       0.05116063       0.03631265       0.07179330       0.06687176       0.05721873
       0.07133942       0.03525604       0.04046487       0.01991430       0.05017084       0.04406425       0.05968330       0.05133180       0.02755235       0.04646676       0.04238151       0.05791425       0.04684987       0.05943252       0.05134164       0.03676779       0.02193814       0.04236751       0.04379111       0.05211677       0.04745234       0.03715611       0.04093524       0.04581720       0.04022188       0.04078725       0.05292472       0.05950188       0.04490304       0.05602087       0.02725116       0.04645855       0.03700814       0.03667322       0.03187115       0.04059163       0.03179200       0.05970706       0.04990740       0.03156755       0.03988030       0.03073062       0.04673580       0.04427068       0.05515610       0.05142988       0.04225071       0.03626475       0.04289060       0.05901430       0.04867648       0.03055101       0.03885207       0.03075607       0.04103505       0.04422109       0.04435707       0.05620132       0.03773800       0.03722566       0.04406842       0.04021761       0.05822125       0.07057172
       0.03456656       0.04664290       0.03754693       0.05017084       0.01597638       0.05231590       0.04299726       0.03750766       0.04059000       0.04101963       0.03053008       0.02544076       0.03760398       0.04320074       0.03627031       0.04055438       0.04593195       0.04916777       0.05906321       0.04546731       0.04247634       0.03941146       0.04185894       0.06510994       0.06088510       0.04595720       0.02706979       0.04121287       0.06061728       0.04499957       0.02589580       0.07352007       0.02809335       0.02367757       0.05475545       0.03774684       0.05900093       0.04934276       0.05341647       0.04728528       0.05190360       0.05136333       0.04318554       0.04804337       0.02852095       0.03526670       0.03452320       0.03992611       0.02985818       0.05185712       0.01828254       0.03904744       0.04022915       0.04883244       0.04845462       0.05571317       0.04049875       0.05264940       0.03822623       0.04492841       0.04465246       0.06303722       0.05263138       0.05854434
       0.03471324       0.02564559       0.04904820       0.04406425       0.05231590       0.00774014       0.06382239       0.06972116       0.02481532       0.04619715       0.04240911       0.04258434       0.03335972       0.05628540       0.03727252       0.05208035       0.03157847       0.04495272       0.03665826       0.02417976       0.04210432       0.03070070       0.04710441       0.03920109       0.04946834       0.04667288       0.05340690       0.05225011       0.04060617       0.04527075       0.04782203       0.04316454       0.02237703       0.03591060       0.03666382       0.04105482       0.03825707       0.03042714       0.03916985       0.02470357       0.04109813       0.04792651       0.04413641       0.05316067       0.04537555       0.04650361       0.04467479       0.03600193       0.04445527       0.04409859       0.06356410       0.03970889       0.02600491       0.04181499       0.05180635       0.05541918       0.04279964       0.03397127       0.05831380       0.04967842       0.03279329       0.04264894       0.04471584       0.03876720
       0.04857186       0.03697841       0.05045140       0.05968330       0.04299726       0.06382239       0.01747022       0.03392729       0.04432658       0.04482313       0.04942561       0.03467637       0.05870620       0.05292737       0.06244335       0.03705813       0.04081441       0.04244491       0.04346845       0.04318721       0.02578202       0.04170421       0.04231271       0.03554264       0.04084713       0.04023990       0.04384491       0.02563670       0.04624797       0.04186732       0.04593396       0.02590252       0.03146169       0.04306737       0.06203740       0.04605012       0.02813894       0.04404238       0.05325280       0.05865990       0.05742514       0.05393805       0.05525587       0.04086584       0.03767133       0.03832057       0.05068830       0.04453757       0.03899392       0.03899595       0.07074518       0.04233592       0.05615582       0.06249240       0.06767250       0.05541656       0.02560720       0.04234211       0.03757897       0.03885589       0.05338349       0.05940363       0.03565434       0.05338249
       0.04862842       0.03380831       0.04631056       0.05133180       0.03750766       0.06972116       0.03392729       0.01025129       0.03458503       0.05163215       0.02338414       0.03997935       0.05652522       0.04936560       0.03860579       0.04656928       0.02269309       0.03097084       0.05787364       0.04097889       0.02944424       0.04337163       0.04452647       0.04299894       0.04533314       0.03325452       0.03923214       0.04038938       0.03692639       0.04138838       0.05057665       0.04025938       0.04630989       0.03397426       0.02862914       0.05089505       0.03427861       0.05103518       0.05544830       0.02978583       0.03978865       0.02851856       0.06535674       0.03180233       0.04935193       0.04316847       0.05372981       0.04062732       0.03736824       0.04376213       0.05522429       0.03954860       0.04442951       0.06006235       0.04900197       0.04562355       0.04202131       0.04186262       0.05768270       0.03880050       0.04122608       0.05212359       0.04888851       0.05951202
       0.03881585       0.03728103       0.02909681       0.02755235       0.04059000       0.02481532       0.04432658       0.03458503       0.01693760       0.04906408       0.04517982       0.05007543       0.04272448       0.04216050       0.03183165       0.05990834       0.02431268       0.02385053       0.05317560       0.04644293       0.04145561       0.03062343       0.05517110       0.04143398       0.03324472       0.03969807       0.03782633       0.03673559       0.04195152       0.03666812       0.03259454       0.02606321       0.03586540       0.05781133       0.03583486       0.03348401       0.03527308       0.05127446       0.03564887       0.04219955       0.05517136       0.03703489       0.05176589       0.04273929       0.05301129       0.03711168       0.03548203       0.03730726       0.05384995       0.03576807       0.04656467       0.03795663       0.04325917       0.06286846       0.05603615       0.02476922       0.04053846       0.02611892       0.02838612       0.02648068       0.04655296       0.05970506       0.04379484       0.05074375
       0.05153645       0.05519908       0.04456542       0.04646676       0.04101963       0.04619715       0.04482313       0.05163215       0.04906408       0.01379410       0.04438715       0.06111734       0.04466937       0.04010026       0.04848649       0.03857864       0.04277756       0.04325158       0.06209625       0.06513633       0.05029777       0.04714065       0.06265282       0.04730895       0.04119711       0.02684415       0.04407212       0.05610191       0.04700316       0.02489364       0.05673779       0.05030126       0.04900164       0.02726856       0.04425643       0.03921545       0.04055646       0.05359730       0.05470259       0.06877774       0.06165329       0.02927155       0.04456516       0.05153445       0.04739010       0.04617091       0.03728867       0.04187822       0.04353790       0.04729889       0.03610442       0.03675118       0.03915696       0.03943390       0.04330322       0.03219454       0.03759780       0.05565891       0.04651265       0.04261566       0.07202948       0.04414818       0.03421368       0.04598104
       0.04762934       0.04137256       0.04230972       0.04238151       0.03053008       0.04240911       0.04942561       0.02338414       0.04517982       0.04438715       0.01303818       0.04512104       0.06251969       0.02883986       0.06100787       0.04236219       0.04249161       0.04943089       0.01422966       0.05739714       0.04316460       0.03856653       0.03507736       0.03245625       0.04736795       0.02605218       0.05488948       0.05894479       0.03782702       0.02811787       0.02770574       0.04716448       0.05707163       0.03305953       0.04145238       0.04825364       0.04846364       0.03914489       0.03730865       0.04287849       0.06187723       0.03844093       0.04625925       0.05537086       0.03901207       0.05625216       0.04669534       0.02677727       0.04951317       0.05382742       0.04485302       0.02987700       0.04730514       0.04655284       0.04944416       0.04122910       0.04589964       0.05802063       0.04361676       0.04050465       0.03135147       0.04456418       0.05337752       0.05406720
       0.04620367       0.04142466       0.05173040       0.05791425       0.02544076       0.04258434       0.03467637       0.03997935       0.05007543       0.06111734       0.04512104       0.01025389       0.06855475       0.03915540       0.04211132       0.05121967       0.03815955       0.04784062       0.04983592       0.06912241       0.03919622       0.04577031       0.04983827       0.05701858       0.05083931       0.03132523       0.05052905       0.05029215       0.02498533       0.04532784       0.05372770       0.04899934       0.04525092       0.03842710       0.04309929       0.04713442       0.04878461       0.03451679       0.04568909       0.04718262       0.04659321       0.05337241       0.03554676       0.02622923       0.03388806       0.03571855       0.02783767       0.02251593       0.05040788       0.02735753       0.04859340       0.05040354       0.05624963       0.05029698       0.03997125       0.02628351       0.03431158       0.05876050       0.04929306       0.04981073       0.05438869       0.05026153       0.03978167       0.02732047
       0.07166622       0.04841983       0.05322527       0.04684987       0.03760398       0.03335972       0.05870620       0.05652522       0.04272448       0.04466937       0.06251969       0.06855475       0.01825378       0.04742779       0.05066724       0.04068838       0.04697018       0.04006720       0.05431619       0.02780873       0.05198230       0.02075326       0.04811706       0.04653563       0.05643965       0.02661092       0.04074798       0.03653255       0.04083760       0.03664678       0.04787708       0.05037952       0.04899117       0.04874824       0.05765292       0.05688851       0.03557418       0.06178157       0.03650769       0.04605815       0.05014137       0.05252669       0.05738087       0.03715618       0.04733076       0.05807954       0.04554089       0.03779811       0.04208270       0.04137638       0.04981589       0.04764873       0.06415222       0.04201807       0.05316525       0.05452289       0.03913690       0.06616747       0.04934050       0.04825962       0.04651820       0.04392797       0.06386894       0.01785716
       0.03636217       0.05696547       0.05060373       0.05943252       0.04320074       0.05628540       0.05292737       0.04936560       0.04216050       0.04010026       0.02883986       0.03915540       0.04742779       0.01423532       0.05601514       0.04417776       0.04172047       0.05009687       0.04011230       0.03185876       0.04040685       0.04557135       0.04534574       0.04491273       0.04571469       0.04606500       0.04811935       0.05961199       0.05387622       0.03000030       0.05810587       0.03797732       0.04068236       0.04785806       0.06291537       0.05542400       0.03563564       0.05282568       0.05466859       0.03782767       0.02550731       0.03354479       0.04181261       0.05060782       0.05054444       0.03676069       0.05197714       0.02964675       0.03706014       0.02237459       0.05431959       0.03032197       0.05685017       0.05429973       0.04719569       0.04985820       0.05331145       0.05087597       0.07455357       0.03388235       0.04998941       0.05310882       0.03240240       0.04083096
       0.06545494       0.04373750       0.03495689       0.05134164       0.03627031       0.03727252       0.06244335       0.03860579       0.03183165       0.04848649       0.06100787       0.04211132       0.05066724       0.05601514       0.01622098       0.03671023       0.05507059       0.05163813       0.03877373       0.04853276       0.05052481       0.03810182       0.05645908       0.03652429       0.04707162       0.03979125       0.01677770       0.06033983       0.04997245       0.04235126       0.05146258       0.03749329       0.03650641       0.04705265       0.05673057       0.04475419       0.04619837       0.04926059       0.03172634       0.05107459       0.02301839       0.04691618       0.05039386       0.03945312       0.02317187       0.05263824       0.05234247       0.04565681       0.02538939       0.05490794       0.03870578       0.04632373       0.05326227       0.06265964       0.06291425       0.04162687       0.04565050       0.06230639       0.04929670       0.05170257       0.06568993       0.05089962       0.05093348       0.04241930
       0.05318355       0.03884872       0.04919481       0.03676779       0.04055438       0.05208035       0.03705813       0.04656928       0.05990834       0.03857864       0.04236219       0.05121967       0.04068838       0.04417776       0.03671023       0.01548180       0.07904068       0.05253257       0.05856270       0.05749078       0.05911295       0.05596857       0.06069936       0.06419821       0.04265143       0.03232358       0.03915828       0.04272538       0.05795557       0.05209910       0.04435357       0.03430781       0.04536962       0.06186316       0.05467100       0.05066850       0.05177004       0.03433988       0.03655287       0.06538982       0.04326849       0.04315974       0.05290210       0.05413965       0.06326510       0.05559373       0.04107313       0.03905269       0.06160370       0.05169367       0.05091601       0.04096609       0.06271196       0.04426272       0.06146323       0.05246444       0.02973346       0.04324415       0.03412692       0.04668592       0.03485994       0.05549436       0.06549345       0.05368264
       0.04443776       0.03530636       0.05291333       0.02193814       0.04593195       0.03157847       0.04081441       0.02269309       0.02431268       0.04277756       0.04249161       0.03815955       0.04697018       0.04172047       0.05507059       0.07904068       0.01770416       0.03100282       0.03830386       0.04978310       0.05346670       0.06188851       0.05053689       0.05952920       0.04855341       0.03434544       0.03263774       0.04739350       0.06676255       0.05938073       0.05447527       0.03207606       0.03965099       0.05182538       0.03508337       0.04028966       0.04791013       0.05215342       0.03854609       0.05671123       0.04476781       0.05609350       0.03027022       0.05361672       0.04678356       0.04578631       0.03799954       0.05501399       0.03735188       0.04106384       0.05032641       0.03207785       0.05515213       0.02546757       0.05142586       0.05730838       0.03593755       0.06178433       0.04845614       0.05463489       0.04590193       0.06049143       0.04330271       0.03801284
       0.04342509       0.04184086       0.04648161       0.04236751       0.04916777       0.04495272       0.04244491       0.03097084       0.02385053       0.04325158       0.04943089       0.04784062       0.04006720       0.05009687       0.05163813       0.05253257       0.03100282       0.00938885       0.05257997       0.05338697       0.04840935       0.05649935       0.04796611       0.03574628       0.03491444       0.03842533       0.03234972       0.07070823       0.04034886       0.03835024       0.04335728       0.03480090       0.05516428       0.03089718       0.03473784       0.03795775       0.05004116       0.05827821       0.04974580       0.04848068       0.03069003       0.03911108       0.02480992       0.05170043       0.03036028       0.04178009       0.04286979       0.03203811       0.03375938       0.05131270       0.04254047       0.04057940       0.04928379       0.04383718       0.03687507       0.04357727       0.03540559       0.03803536       0.05036052       0.06041161       0.03002653       0.05458618       0.04144840       0.05272946
       0.06773788       0.03602195       0.04558858       0.04379111       0.05906321       0.03665826       0.04346845       0.05787364       0.05317560       0.06209625       0.01422966       0.04983592       0.05431619       0.04011230       0.03877373       0.05856270       0.03830386       0.05257997       0.01430942       0.04909882       0.04038804       0.05774215       0.05313958       0.05930234       0.05955877       0.03513900       0.05729640       0.05711349       0.04573541       0.03400490       0.04450655       0.04326828       0.06242327       0.03555272       0.02879015       0.04734559       0.03940515       0.04997510       0.04058295       0.04726631       0.04336558       0.04463269       0.03633729       0.04539565       0.03828380       0.05664383       0.05714328       0.05941984       0.02610022       0.04185275       0.05299010       0.03459247       0.04208533       0.03655912       0.04434474       0.04715190       0.03783032       0.05540352       0.04068238       0.04407134       0.04853721       0.05216957       0.06012337       0.03714237
       0.06777076       0.04187289       0.05402066       0.05211677       0.04546731       0.02417976       0.04318721       0.04097889       0.04644293       0.06513633       0.05739714       0.06912241       0.02780873       0.03185876       0.04853276       0.05749078       0.04978310       0.05338697       0.04909882       0.01809788       0.05342414       0.05145301       0.04621836       0.04186611       0.05415780       0.03554120       0.03653470       0.03719551       0.05284775       0.02660546       0.03972010       0.06381705       0.05434657       0.05618318       0.06459419       0.04112666       0.04610509       0.03476885       0.03487540       0.05926053       0.03914462       0.03709849       0.03220335       0.04748085       0.04989049       0.02827959       0.03636280       0.02815009       0.03256650       0.04816905       0.04324229       0.03443401       0.04766981       0.04751323       0.03555484       0.04450853       0.03578400       0.06470361       0.04629092       0.04189025       0.04570218       0.03896304       0.03585017       0.05302679
       0.04667400       0.05330988       0.04535106       0.04745234       0.04247634       0.04210432       0.02578202       0.02944424       0.04145561       0.05029777       0.04316460       0.03919622       0.05198230       0.04040685       0.05052481       0.05911295       0.05346670       0.04840935       0.04038804       0.05342414       0.01049128       0.03454765       0.05104975       0.04324700       0.03692095       0.04344881       0.04607818       0.03659932       0.02405854       0.03770620       0.04809626       0.03566112       0.04214878       0.03178738       0.06228814       0.05071226       0.03907715       0.04292471       0.05525988       0.04817217       0.03277903       0.03394748       0.04546058       0.04688619       0.03876582       0.03841441       0.03960274       0.06908248       0.03411319       0.02065659       0.02125570       0.03688194       0.04440957       0.03613877       0.03284539       0.03744796       0.03839069       0.05113132       0.03107467       0.04568910       0.05899694       0.04163709       0.03919666       0.04274045
       0.03272178       0.04137103       0.06422540       0.03715611       0.03941146       0.03070070       0.04170421       0.04337163       0.03062343       0.04714065       0.03856653       0.04577031       0.02075326       0.04557135       0.03810182       0.05596857       0.06188851       0.05649935       0.05774215       0.05145301       0.03454765       0.01368473       0.06699724       0.03807853       0.03876661       0.04438549       0.05047741       0.05478675       0.03740419       0.03800048       0.06095979       0.05129639       0.04942102       0.04753531       0.03481498       0.02803692       0.04614449       0.03247092       0.03652203       0.06018153       0.03927138       0.04572689       0.06240146       0.05898345       0.03956138       0.04611511       0.03613371       0.03747485       0.04298650       0.03221806       0.03738264       0.02696396       0.05098980       0.03905878       0.05131761       0.03188161       0.04870226       0.04001083       0.05415988       0.03069061       0.05605725       0.05829223       0.05130342       0.04944709
       0.03973387       0.05265464       0.03893738       0.04093524       0.04185894       0.04710441       0.04231271       0.04452647       0.05517110       0.06265282       0.03507736       0.04983827       0.04811706       0.04534574       0.05645908       0.06069936       0.05053689       0.04796611       0.05313958       0.04621836       0.05104975       0.06699724       0.01042159       0.03812452       0.06567452       0.03968661       0.04166598       0.08187038       0.04664538       0.04123853       0.03941148       0.06398449       0.05404441       0.06745461       0.04248066       0.06002240       0.04417847       0.02389193       0.03990497       0.07889918       0.06703204       0.03283451       0.06368689       0.04904193       0.06223025       0.04401677       0.04074890       0.04100493       0.05694602       0.05354631       0.04630771       0.04736739       0.04500066       0.06402947       0.05851443       0.05565354       0.05303716       0.06696075       0.06910386       0.05068907       0.05389141       0.04726591       0.04061759       0.06760902
       0.03168232       0.04255719       0.06884907       0.04581720       0.06510994       0.03920109       0.03554264       0.04299894       0.04143398       0.04730895       0.03245625       0.05701858       0.04653563       0.04491273       0.03652429       0.06419821       0.05952920       0.03574628       0.05930234       0.04186611       0.04324700       0.03807853       0.03812452       0.01608813       0.06217145       0.04108098       0.03956183       0.04324675       0.05085994       0.04767953       0.04264085       0.04395117       0.02404878       0.03950121       0.03967944       0.05732149       0.04073139       0.03814974       0.05560441       0.05127915       0.03852816       0.03635197       0.03988147       0.04852769       0.04330773       0.04514312       0.03262375       0.05247350       0.05704182       0.05075154       0.05057154       0.05188308       0.05059227       0.03925332       0.05429074       0.03049307       0.04728200       0.06047300       0.03536847       0.03524345       0.04884058       0.05797877       0.05731613       0.04366404
       0.06662967       0.05274100       0.03816438       0.04022188       0.06088510       0.04946834       0.04084713       0.04533314       0.03324472       0.04119711       0.04736795       0.05083931       0.05643965       0.04571469       0.04707162       0.04265143       0.04855341       0.03491444       0.05955877       0.05415780       0.03692095       0.03876661       0.06567452       0.06217145       0.01255693       0.02276575       0.03616337       0.03821952       0.04446694       0.02454070       0.03064977       0.05548094       0.03864503       0.04409776       0.04827021       0.04670513       0.02605954       0.04245250       0.03354716       0.05244902       0.04774392       0.04714437       0.05316101       0.03652947       0.03960085       0.03209954       0.03858741       0.04189139       0.04206466       0.03206138       0.05386400       0.03555925       0.03588100       0.04336368       0.04114932       0.03647160       0.03698902       0.05165639       0.04521634       0.03926779       0.05564856       0.04191378       0.04451064       0.03571687
       0.03561134       0.04038312       0.04496675       0.04078725       0.04595720       0.04667288       0.04023990       0.03325452       0.03969807       0.02684415       0.02605218       0.03132523       0.02661092       0.04606500       0.03979125       0.03232358       0.03434544       0.03842533       0.03513900       0.03554120       0.04344881       0.04438549       0.03968661       0.04108098       0.02276575       0.01466877       0.02923231       0.02815124       0.04076944       0.03188434       0.03821766       0.04486956       0.04096167       0.05818816       0.03628618       0.02712457       0.04585152       0.04545310       0.03111201       0.03665757       0.02331885       0.02937505       0.03661434       0.02942097       0.03653462       0.04403017       0.03415595       0.03102881       0.04690345       0.04323297       0.05719219       0.04982843       0.04707913       0.04964228       0.03277515       0.04125589       0.03933328       0.04432819       0.04229449       0.02879959       0.03755664       0.04011619       0.06301998       0.04970617
       0.05421802       0.03297048       0.05542376       0.05292472       0.02706979       0.05340690       0.04384491       0.03923214       0.03782633       0.04407212       0.05488948       0.05052905       0.04074798       0.04811935       0.01677770       0.03915828       0.03263774       0.03234972       0.05729640       0.03653470       0.04607818       0.05047741       0.04166598       0.03956183       0.03616337       0.02923231       0.01604479       0.04544179       0.04011404       0.02476981       0.04909470       0.03425662       0.06302232       0.03241020       0.02550374       0.05956428       0.05906553       0.04321053       0.04550279       0.06892307       0.03322342       0.03044027       0.04051218       0.03550260       0.05198882       0.01927009       0.04150184       0.05921968       0.05282015       0.03692179       0.05798399       0.06004967       0.03451805       0.03225775       0.03119647       0.04166240       0.05266369       0.04391098       0.04764608       0.03716149       0.02765818       0.06526547       0.05638583       0.05266358
       0.04953520       0.02735665       0.06621590       0.05950188       0.04121287       0.05225011       0.02563670       0.04038938       0.03673559       0.05610191       0.05894479       0.05029215       0.03653255       0.05961199       0.06033983       0.04272538       0.04739350       0.07070823       0.05711349       0.03719551       0.03659932       0.05478675       0.08187038       0.04324675       0.03821952       0.02815124       0.04544179       0.01564921       0.04275752       0.02762821       0.05324038       0.04505392       0.06281605       0.02555953       0.04869036       0.05680956       0.05407566       0.04438294       0.04392115       0.04967755       0.04149339       0.04851248       0.04186321       0.03078801       0.05125112       0.04097212       0.03634480       0.02065596       0.04853284       0.06529598       0.04027943       0.04843279       0.03305781       0.06181240       0.03666949       0.03399791       0.06148429       0.05448926       0.04559333       0.04762654       0.02416626       0.03323430       0.03849713       0.05210430
       0.05736654       0.04550478       0.06249781       0.04490304       0.06061728       0.04060617       0.04624797       0.03692639       0.04195152       0.04700316       0.03782702       0.02498533       0.04083760       0.05387622       0.04997245       0.05795557       0.06676255       0.04034886       0.04573541       0.05284775       0.02405854       0.03740419       0.04664538       0.05085994       0.04446694       0.04076944       0.04011404       0.04275752       0.00936404       0.04063739       0.05782018       0.03524849       0.04910888       0.05057746       0.04925118       0.04479646       0.05210796       0.02243356       0.03695929       0.03445554       0.06295761       0.03416991       0.05392613       0.03856544       0.03417333       0.03825672       0.03106234       0.04401999       0.05418337       0.04223988       0.04976414       0.04475438       0.05881912       0.04755209       0.04140524       0.04716301       0.05689888       0.04598134       0.02762151       0.04021845       0.04351974       0.04229083       0.04004815       0.04951668
       0.05069915       0.02885474       0.04512703       0.05602087       0.04499957       0.04527075       0.04186732       0.04138838       0.03666812       0.02489364       0.02811787       0.04532784       0.03664678       0.03000030       0.04235126       0.05209910       0.05938073       0.03835024       0.03400490       0.02660546       0.03770620       0.03800048       0.04123853       0.04767953       0.02454070       0.03188434       0.02476981       0.02762821       0.04063739       0.01443855       0.01774837       0.04444483       0.02995781       0.03834289       0.02294991       0.02412359       0.05250099       0.03961506       0.02351489       0.02800756       0.04539329       0.04020931       0.02430079       0.05029485       0.02645362       0.03404638       0.04163676       0.05257468       0.03202671       0.02687757       0.03540909       0.02148401       0.05015022       0.03992697       0.05491782       0.07033735       0.03595465       0.03903507       0.03128720       0.03067939       0.02666852       0.03572830       0.03017067       0.03520192
       0.03787119       0.04703436       0.05239244       0.02725116       0.02589580       0.04782203       0.04593396       0.05057665       0.03259454       0.05673779       0.02770574       0.05372770       0.04787708       0.05810587       0.05146258       0.04435357       0.05447527       0.04335728       0.04450655       0.03972010       0.04809626       0.06095979       0.03941148       0.04264085       0.03064977       0.03821766       0.04909470       0.05324038       0.05782018       0.01774837       0.01438971       0.03493227       0.03672169       0.04922602       0.05328965       0.06011189       0.03193248       0.03819210       0.03168674       0.04637284       0.05274702       0.05125410       0.05245422       0.04499008       0.06108494       0.05765988       0.04273962       0.03021865       0.05761434       0.05509917       0.06688332       0.04997262       0.05723839       0.04257950       0.06512868       0.03177448       0.04478978       0.07360246       0.05548747       0.04286597       0.04608111       0.06391907       0.06568767       0.04674795
       0.04099851       0.03421766       0.05613835       0.04645855       0.07352007       0.04316454       0.02590252       0.04025938       0.02606321       0.05030126       0.04716448       0.04899934       0.05037952       0.03797732       0.03749329       0.03430781       0.03207606       0.03480090       0.04326828       0.06381705       0.03566112       0.05129639       0.06398449       0.04395117       0.05548094       0.04486956       0.03425662       0.04505392       0.03524849       0.04444483       0.03493227       0.01789898       0.04547121       0.03500637       0.04192522       0.03429459       0.05929213       0.03395129       0.04610442       0.05627551       0.06023862       0.03281752       0.03219888       0.04715572       0.03771442       0.03071606       0.05087531       0.04254394       0.02596261       0.03274740       0.03554233       0.04530335       0.04268539       0.05716694       0.04104560       0.02687247       0.05534344       0.05806272       0.06681630       0.04890596       0.04670578       0.03328668       0.04863480       0.05224898
       0.03905871       0.05126249       0.06703343       0.03700814       0.02809335       0.02237703       0.03146169       0.04630989       0.03586540       0.04900164       0.05707163       0.04525092       0.04899117       0.04068236       0.03650641       0.04536962       0.03965099       0.05516428       0.06242327       0.05434657       0.04214878       0.04942102       0.05404441       0.02404878       0.03864503       0.04096167       0.06302232       0.06281605       0.04910888       0.02995781       0.03672169       0.04547121       0.01343448       0.04939598       0.04265798       0.03883343       0.05646623       0.04222003       0.04830890       0.03368106       0.04903127       0.02137401       0.04893416       0.04459182       0.04477157       0.02434797       0.04731204       0.04067769       0.03711389       0.06220185       0.04786818       0.05709803       0.04519825       0.04377226       0.05651230       0.04618764       0.05787898       0.05182330       0.04929491       0.05996389       0.04377314       0.03593194       0.04629283       0.04117698
       0.05990228       0.05099954       0.03719674       0.03667322       0.02367757       0.03591060       0.04306737       0.03397426       0.05781133       0.02726856       0.03305953       0.03842710       0.04874824       0.04785806       0.04705265       0.06186316       0.05182538       0.03089718       0.03555272       0.05618318       0.03178738       0.04753531       0.06745461       0.03950121       0.04409776       0.05818816       0.03241020       0.02555953       0.05057746       0.03834289       0.04922602       0.03500637       0.04939598       0.01461197       0.03922836       0.03855906       0.04061335       0.03735954       0.03685776       0.02700390       0.05470979       0.03741958       0.05735396       0.04365069       0.03051860       0.04708282       0.04186776       0.03026100       0.05081801       0.04088996       0.05721540       0.04305817       0.05779900       0.05728435       0.04162205       0.04958368       0.04972984       0.05129748       0.03155531       0.04209584       0.05278760       0.04717527       0.06016572       0.04824651
       0.03346381       0.03320624       0.06248772       0.03187115       0.05475545       0.03666382       0.06203740       0.02862914       0.03583486       0.04425643       0.04145238       0.04309929       0.05765292       0.06291537       0.05673057       0.05467100       0.03508337       0.03473784       0.02879015       0.06459419       0.06228814       0.03481498       0.04248066       0.03967944       0.04827021       0.03628618       0.02550374       0.04869036       0.04925118       0.02294991       0.05328965       0.04192522       0.04265798       0.03922836       0.01309606       0.06451684       0.04939938       0.05119901       0.03803535       0.04530011       0.03419695       0.03254818       0.03948997       0.03653004       0.02988621       0.04131050       0.04711452       0.06039160       0.04344970       0.04499793       0.02265189       0.02836524       0.04894314       0.04651589       0.04584306       0.05862618       0.02336200       0.05456074       0.03685558       0.04527549       0.06166060       0.05833192       0.04342692       0.02376647
       0.03696988       0.02349727       0.03898813       0.04059163       0.03774684       0.04105482       0.04605012       0.05089505       0.03348401       0.03921545       0.04825364       0.04713442       0.05688851       0.05542400       0.04475419       0.05066850       0.04028966       0.03795775       0.04734559       0.04112666       0.05071226       0.02803692       0.06002240       0.05732149       0.04670513       0.02712457       0.05956428       0.05680956       0.04479646       0.02412359       0.06011189       0.03429459       0.03883343       0.03855906       0.06451684       0.01365190       0.06067457       0.04440456       0.04300533       0.04634888       0.04833127       0.04471160       0.04159164       0.03280808       0.07659898       0.03602781       0.06371149       0.04560226       0.04798327       0.05045966       0.02778570       0.04320326       0.04502431       0.04765956       0.04283225       0.04091000       0.04798205       0.04072488       0.05604374       0.05691072       0.04657441       0.03762749       0.03024213       0.05108054
       0.05439003       0.04176713       0.05411689       0.03179200       0.05900093       0.03825707       0.02813894       0.03427861       0.03527308       0.04055646       0.04846364       0.04878461       0.03557418       0.03563564       0.04619837       0.05177004       0.04791013       0.05004116       0.03940515       0.04610509       0.03907715       0.04614449       0.04417847       0.04073139       0.02605954       0.04585152       0.05906553       0.05407566       0.05210796       0.05250099       0.03193248       0.05929213       0.05646623       0.04061335       0.04939938       0.06067457       0.01175866       0.03413589       0.04617707       0.05116799       0.03729577       0.03673871       0.04705597       0.05124524       0.03507904       0.04431471       0.02397430       0.02928073       0.02881426       0.03490080       0.03639685       0.04609713       0.04957385       0.03308423       0.02744729       0.03972658       0.04022240       0.04069447       0.04750655       0.04196601       0.04625125       0.03605932       0.04357040       0.03248897
       0.05296311       0.03624774       0.03393516       0.05970706       0.04934276       0.03042714       0.04404238       0.05103518       0.05127446       0.05359730       0.03914489       0.03451679       0.06178157       0.05282568       0.04926059       0.03433988       0.05215342       0.05827821       0.04997510       0.03476885       0.04292471       0.03247092       0.02389193       0.03814974       0.04245250       0.04545310       0.04321053       0.04438294       0.02243356       0.03961506       0.03819210       0.03395129       0.04222003       0.03735954       0.05119901       0.04440456       0.03413589       0.01098937       0.04695561       0.04064335       0.04925536       0.02639134       0.05370106       0.02651924       0.03449541       0.04475832       0.04407889       0.03567506       0.03959058       0.03537967       0.04732332       0.03172548       0.04952129       0.03821204       0.03460364       0.04558099       0.03735568       0.04017337       0.02817188       0.03245785       0.02997366       0.05161336       0.03734122       0.03027883
       0.04018803       0.03946137       0.04759997       0.04990740       0.05341647       0.03916985       0.05325280       0.05544830       0.03564887       0.05470259       0.03730865       0.04568909       0.03650769       0.05466859       0.03172634       0.03655287       0.03854609       0.04974580       0.04058295       0.03487540       0.05525988       0.03652203       0.03990497       0.05560441       0.03354716       0.03111201       0.04550279       0.04392115       0.03695929       0.02351489       0.03168674       0.04610442       0.04830890       0.03685776       0.03803535       0.04300533       0.04617707       0.04695561       0.01286931       0.04695367       0.05142226       0.04738447       0.04178884       0.04043249       0.05844687       0.04193504       0.04329928       0.05353741       0.04631081       0.03604585       0.04887531       0.04963664       0.03945071       0.04951017       0.02283851       0.04225737       0.06722709       0.05832324       0.04578024       0.03590305       0.04110498       0.03026139       0.03243500       0.05461655
       0.07171260       0.06046654       0.04347953       0.03156755       0.04728528       0.02470357       0.05865990       0.02978583       0.04219955       0.06877774       0.04287849       0.04718262       0.04605815       0.03782767       0.05107459       0.06538982       0.05671123       0.04848068       0.04726631       0.05926053       0.04817217       0.06018153       0.07889918       0.05127915       0.05244902       0.03665757       0.06892307       0.04967755       0.03445554       0.02800756       0.04637284       0.05627551       0.03368106       0.02700390       0.04530011       0.04634888       0.05116799       0.04064335       0.04695367       0.01277867       0.03649040       0.05199881       0.04625913       0.05456417       0.04774917       0.04286039       0.03160321       0.04631559       0.04341761       0.03227822       0.03228070       0.06631985       0.05079248       0.04130050       0.04705717       0.03753785       0.06616234       0.05132133       0.04635074       0.04629913       0.06689402       0.04183366       0.04481830       0.03964539
       0.03409016       0.04556446       0.05179185       0.03988030       0.05190360       0.04109813       0.05742514       0.03978865       0.05517136       0.06165329       0.06187723       0.04659321       0.05014137       0.02550731       0.02301839       0.04326849       0.04476781       0.03069003       0.04336558       0.03914462       0.03277903       0.03927138       0.06703204       0.03852816       0.04774392       0.02331885       0.03322342       0.04149339       0.06295761       0.04539329       0.05274702       0.06023862       0.04903127       0.05470979       0.03419695       0.04833127       0.03729577       0.04925536       0.05142226       0.03649040       0.01119254       0.06236667       0.04920538       0.05767257       0.05762613       0.05706609       0.05855649       0.06022695       0.04072895       0.03349371       0.05047703       0.03647580       0.05700259       0.06331403       0.05077500       0.03571304       0.04134206       0.06312593       0.05758789       0.04409827       0.04016405       0.04062996       0.04538250       0.04757200
       0.06512228       0.03558578       0.03407661       0.03073062       0.05136333       0.04792651       0.05393805       0.02851856       0.03703489       0.02927155       0.03844093       0.05337241       0.05252669       0.03354479       0.04691618       0.04315974       0.05609350       0.03911108       0.04463269       0.03709849       0.03394748       0.04572689       0.03283451       0.03635197       0.04714437       0.02937505       0.03044027       0.04851248       0.03416991       0.04020931       0.05125410       0.03281752       0.02137401       0.03741958       0.03254818       0.04471160       0.03673871       0.02639134       0.04738447       0.05199881       0.06236667       0.01654307       0.05401836       0.04114000       0.03814418       0.06742583       0.04488265       0.05931923       0.04703153       0.07246888       0.06328598       0.03980465       0.05316425       0.05021646       0.05246092       0.04239533       0.05423242       0.04197803       0.04719693       0.04919648       0.06520907       0.04096142       0.05205101       0.03137505
       0.06028646       0.04471087       0.02962499       0.04673580       0.04318554       0.04413641       0.05525587       0.06535674       0.05176589       0.04456516       0.04625925       0.03554676       0.05738087       0.04181261       0.05039386       0.05290210       0.03027022       0.02480992       0.03633729       0.03220335       0.04546058       0.06240146       0.06368689       0.03988147       0.05316101       0.03661434       0.04051218       0.04186321       0.05392613       0.02430079       0.05245422       0.03219888       0.04893416       0.05735396       0.03948997       0.04159164       0.04705597       0.05370106       0.04178884       0.04625913       0.04920538       0.05401836       0.01559123       0.04108654       0.03060800       0.04241226       0.03698988       0.04414065       0.04412604       0.06438719       0.06628770       0.05242247       0.04561950       0.03503134       0.05549890       0.03201979       0.06021143       0.04733514       0.04737504       0.06354744       0.04929616       0.04240446       0.05426881       0.06224738
       0.03109817       0.03517089       0.04173504       0.04427068       0.04804337       0.05316067       0.04086584       0.03180233       0.04273929       0.05153445       0.05537086       0.02622923       0.03715618       0.05060782       0.03945312       0.05413965       0.05361672       0.05170043       0.04539565       0.04748085       0.04688619       0.05898345       0.04904193       0.04852769       0.03652947       0.02942097       0.03550260       0.03078801       0.03856544       0.05029485       0.04499008       0.04715572       0.04459182       0.04365069       0.03653004       0.03280808       0.05124524       0.02651924       0.04043249       0.05456417       0.05767257       0.04114000       0.04108654       0.01732091       0.04435916       0.04544858       0.05489627       0.04737815       0.04552471       0.05300968       0.05879178       0.03634929       0.03209511       0.04032216       0.03282543       0.03792584       0.04167306       0.04105259       0.03586893       0.03930760       0.05224469       0.03801386       0.03897566       0.04831247
       0.05304002       0.04958544       0.04440075       0.05515610       0.02852095       0.04537555       0.03767133       0.04935193       0.05301129       0.04739010       0.03901207       0.03388806       0.04733076       0.05054444       0.02317187       0.06326510       0.04678356       0.03036028       0.03828380       0.04989049       0.03876582       0.03956138       0.06223025       0.04330773       0.03960085       0.03653462       0.05198882       0.05125112       0.03417333       0.02645362       0.06108494       0.03771442       0.04477157       0.03051860       0.02988621       0.07659898       0.03507904       0.03449541       0.05844687       0.04774917       0.05762613       0.03814418       0.03060800       0.04435916       0.02307619       0.06065505       0.03267172       0.02986984       0.04509809       0.04468915       0.05530068       0.03437909       0.04501915       0.04650048       0.05173629       0.03208500       0.04819103       0.04141003       0.06134222       0.05261516       0.03904215       0.04861093       0.03628758       0.03486856
       0.06415786       0.02510923       0.02579017       0.05142988       0.03526670       0.04650361       0.03832057       0.04316847       0.03711168       0.04617091       0.05625216       0.03571855       0.05807954       0.03676069       0.05263824       0.05559373       0.04578631       0.04178009       0.05664383       0.02827959       0.03841441       0.04611511       0.04401677       0.04514312       0.03209954       0.04403017       0.01927009       0.04097212       0.03825672       0.03404638       0.05765988       0.03071606       0.02434797       0.04708282       0.04131050       0.03602781       0.04431471       0.04475832       0.04193504       0.04286039       0.05706609       0.06742583       0.04241226       0.04544858       0.06065505       0.01325792       0.03620337       0.04104239       0.03866713       0.03077216       0.03699406       0.03559792       0.03312371       0.02169554       0.04954690       0.05066451       0.02929534       0.03299022       0.03255150       0.04615283       0.04280526       0.04437880       0.03878499       0.05462038
       0.04389199       0.04389261       0.04088876       0.04225071       0.03452320       0.04467479       0.05068830       0.05372981       0.03548203       0.03728867       0.04669534       0.02783767       0.04554089       0.05197714       0.05234247       0.04107313       0.03799954       0.04286979       0.05714328       0.03636280       0.03960274       0.03613371       0.04074890       0.03262375       0.03858741       0.03415595       0.04150184       0.03634480       0.03106234       0.04163676       0.04273962       0.05087531       0.04731204       0.04186776       0.04711452       0.06371149       0.02397430       0.04407889       0.04329928       0.03160321       0.05855649       0.04488265       0.03698988       0.05489627       0.03267172       0.03620337       0.01218711       0.04745088       0.02664974       0.04365930       0.06142704       0.03232475       0.04412481       0.06423941       0.03983151       0.03903203       0.05022301       0.05925946       0.05171524       0.05139856       0.03771078       0.03474512       0.04778600       0.04216933
       0.03988069       0.04699216       0.03974772       0.03626475       0.03992611       0.03600193       0.04453757       0.04062732       0.03730726       0.04187822       0.02677727       0.02251593       0.03779811       0.02964675       0.04565681       0.03905269       0.05501399       0.03203811       0.05941984       0.02815009       0.06908248       0.03747485       0.04100493       0.05247350       0.04189139       0.03102881       0.05921968       0.02065596       0.04401999       0.05257468       0.03021865       0.04254394       0.04067769       0.03026100       0.06039160       0.04560226       0.02928073       0.03567506       0.05353741       0.04631559       0.06022695       0.05931923       0.04414065       0.04737815       0.02986984       0.04104239       0.04745088       0.01392519       0.03399870       0.03330982       0.03362601       0.04839318       0.05516906       0.04103282       0.03975593       0.04848141       0.05068065       0.03422254       0.03109757       0.05038952       0.04319746       0.04613147       0.04149942       0.03476639
       0.05889241       0.03492507       0.03996919       0.04289060       0.02985818       0.04445527       0.03899392       0.03736824       0.05384995       0.04353790       0.04951317       0.05040788       0.04208270       0.03706014       0.02538939       0.06160370       0.03735188       0.03375938       0.02610022       0.03256650       0.03411319       0.04298650       0.05694602       0.05704182       0.04206466       0.04690345       0.05282015       0.04853284       0.05418337       0.03202671       0.05761434       0.02596261       0.03711389       0.05081801       0.04344970       0.04798327       0.02881426       0.03959058       0.04631081       0.04341761       0.04072895       0.04703153       0.04412604       0.04552471       0.04509809       0.03866713       0.02664974       0.03399870       0.01985513       0.07189828       0.04805350       0.04901131       0.04948172       0.03020841       0.05662767       0.06406835       0.06213383       0.05851765       0.04238753       0.04334498       0.02670323       0.05023318       0.05793427       0.03435358
       0.03579592       0.04373949       0.04847253       0.05901430       0.05185712       0.04409859       0.03899595       0.04376213       0.03576807       0.04729889       0.05382742       0.02735753       0.04137638       0.02237459       0.05490794       0.05169367       0.04106384       0.05131270       0.04185275       0.04816905       0.02065659       0.03221806       0.05354631       0.05075154       0.03206138       0.04323297       0.03692179       0.06529598       0.04223988       0.02687757       0.05509917       0.03274740       0.06220185       0.04088996       0.04499793       0.05045966       0.03490080       0.03537967       0.03604585       0.03227822       0.03349371       0.07246888       0.06438719       0.05300968       0.04468915       0.03077216       0.04365930       0.03330982       0.07189828       0.01631539       0.03602242       0.05441844       0.04771106       0.04399789       0.04912935       0.03348045       0.06089127       0.04406161       0.04113855       0.06497926       0.04666785       0.04589920       0.06088649       0.06401601
       0.06254475       0.06345471       0.05257491       0.04867648       0.01828254       0.06356410       0.07074518       0.05522429       0.04656467       0.03610442       0.04485302       0.04859340       0.04981589       0.05431959       0.03870578       0.05091601       0.05032641       0.04254047       0.05299010       0.04324229       0.02125570       0.03738264       0.04630771       0.05057154       0.05386400       0.05719219       0.05798399       0.04027943       0.04976414       0.03540909       0.06688332       0.03554233       0.04786818       0.05721540       0.02265189       0.02778570       0.03639685       0.04732332       0.04887531       0.03228070       0.05047703       0.06328598       0.06628770       0.05879178       0.05530068       0.03699406       0.06142704       0.03362601       0.04805350       0.03602242       0.01919793       0.05452584       0.06289235       0.05393742       0.05858628       0.05072791       0.04510102       0.04198112       0.04405322       0.05929823       0.04561568       0.04845597       0.05900884       0.04346235
       0.04564733       0.03346487       0.05211856       0.03055101       0.03904744       0.03970889       0.04233592       0.03954860       0.03795663       0.03675118       0.02987700       0.05040354       0.04764873       0.03032197       0.04632373       0.04096609       0.03207785       0.04057940       0.03459247       0.03443401       0.03688194       0.02696396       0.04736739       0.05188308       0.03555925       0.04982843       0.06004967       0.04843279       0.04475438       0.02148401       0.04997262       0.04530335       0.05709803       0.04305817       0.02836524       0.04320326       0.04609713       0.03172548       0.04963664       0.06631985       0.03647580       0.03980465       0.05242247       0.03634929       0.03437909       0.03559792       0.03232475       0.04839318       0.04901131       0.05441844       0.05452584       0.01507131       0.02141831       0.03365757       0.03789864       0.04283951       0.06402752       0.04588699       0.04220943       0.05100112       0.03780975       0.03482983       0.04128524       0.03815050
       0.05568968       0.05551477       0.05989862       0.03885207       0.04022915       0.02600491       0.05615582       0.04442951       0.04325917       0.03915696       0.04730514       0.05624963       0.06415222       0.05685017       0.05326227       0.06271196       0.05515213       0.04928379       0.04208533       0.04766981       0.04440957       0.05098980       0.04500066       0.05059227       0.03588100       0.04707913       0.03451805       0.03305781       0.05881912       0.05015022       0.05723839       0.04268539       0.04519825       0.05779900       0.04894314       0.04502431       0.04957385       0.04952129       0.03945071       0.05079248       0.05700259       0.05316425       0.04561950       0.03209511       0.04501915       0.03312371       0.04412481       0.05516906       0.04948172       0.04771106       0.06289235       0.02141831       0.01287935       0.03735314       0.04927143       0.04527007       0.04599728       0.06403654       0.02350208       0.03740269       0.05349277       0.06224976       0.04134014       0.02971683
       0.05704422       0.04548489       0.04468188       0.03075607       0.04883244       0.04181499       0.06249240       0.06006235       0.06286846       0.03943390       0.04655284       0.05029698       0.04201807       0.05429973       0.06265964       0.04426272       0.02546757       0.04383718       0.03655912       0.04751323       0.03613877       0.03905878       0.06402947       0.03925332       0.04336368       0.04964228       0.03225775       0.06181240       0.04755209       0.03992697       0.04257950       0.05716694       0.04377226       0.05728435       0.04651589       0.04765956       0.03308423       0.03821204       0.04951017       0.04130050       0.06331403       0.05021646       0.03503134       0.04032216       0.04650048       0.02169554       0.06423941       0.04103282       0.03020841       0.04399789       0.05393742       0.03365757       0.03735314       0.01359430       0.04458940       0.04083780       0.05804964       0.04210366       0.05849476       0.04968772       0.03943424       0.03566479       0.02848365       0.04120221
       0.07026673       0.04135291       0.05487657       0.04103505       0.04845462       0.05180635       0.06767250       0.04900197       0.05603615       0.04330322       0.04944416       0.03997125       0.05316525       0.04719569       0.06291425       0.06146323       0.05142586       0.03687507       0.04434474       0.03555484       0.03284539       0.05131761       0.05851443       0.05429074       0.04114932       0.03277515       0.03119647       0.03666949       0.04140524       0.05491782       0.06512868       0.04104560       0.05651230       0.04162205       0.04584306       0.04283225       0.02744729       0.03460364       0.02283851       0.04705717       0.05077500       0.05246092       0.05549890       0.03282543       0.05173629       0.04954690       0.03983151       0.03975593       0.05662767       0.04912935       0.05858628       0.03789864       0.04927143       0.04458940       0.01393025       0.06694427       0.05130586       0.06108318       0.03256612       0.04405889       0.04363261       0.05064422       0.04374431       0.02425661
       0.05661081       0.04555623       0.03371209       0.04422109       0.05571317       0.05541918       0.05541656       0.04562355       0.02476922       0.03219454       0.04122910       0.02628351       0.05452289       0.04985820       0.04162687       0.05246444       0.05730838       0.04357727       0.04715190       0.04450853       0.03744796       0.03188161       0.05565354       0.03049307       0.03647160       0.04125589       0.04166240       0.03399791       0.04716301       0.07033735       0.03177448       0.02687247       0.04618764       0.04958368       0.05862618       0.04091000       0.03972658       0.04558099       0.04225737       0.03753785       0.03571304       0.04239533       0.03201979       0.03792584       0.03208500       0.05066451       0.03903203       0.04848141       0.06406835       0.03348045       0.05072791       0.04283951       0.04527007       0.04083780       0.06694427       0.01346333       0.04105360       0.04765162       0.04735022       0.03631241       0.04891463       0.04048554       0.02762971       0.03822177
       0.05127914       0.04183082       0.03196943       0.04435707       0.04049875       0.04279964       0.02560720       0.04202131       0.04053846       0.03759780       0.04589964       0.03431158       0.03913690       0.05331145       0.04565050       0.02973346       0.03593755       0.03540559       0.03783032       0.03578400       0.03839069       0.04870226       0.05303716       0.04728200       0.03698902       0.03933328       0.05266369       0.06148429       0.05689888       0.03595465       0.04478978       0.05534344       0.05787898       0.04972984       0.02336200       0.04798205       0.04022240       0.03735568       0.06722709       0.06616234       0.04134206       0.05423242       0.06021143       0.04167306       0.04819103       0.02929534       0.05022301       0.05068065       0.06213383       0.06089127       0.04510102       0.06402752       0.04599728       0.05804964       0.05130586       0.04105360       0.01531237       0.06419111       0.03818008       0.04798478       0.04566892       0.03835034       0.05161652       0.04774324
       0.05250395       0.04642170       0.04558824       0.05620132       0.05264940       0.03397127       0.04234211       0.04186262       0.02611892       0.05565891       0.05802063       0.05876050       0.06616747       0.05087597       0.06230639       0.04324415       0.06178433       0.03803536       0.05540352       0.06470361       0.05113132       0.04001083       0.06696075       0.06047300       0.05165639       0.04432819       0.04391098       0.05448926       0.04598134       0.03903507       0.07360246       0.05806272       0.05182330       0.05129748       0.05456074       0.04072488       0.04069447       0.04017337       0.05832324       0.05132133       0.06312593       0.04197803       0.04733514       0.04105259       0.04141003       0.03299022       0.05925946       0.03422254       0.05851765       0.04406161       0.04198112       0.04588699       0.06403654       0.04210366       0.06108318       0.04765162       0.06419111       0.01788049       0.04548431       0.05487457       0.04998585       0.05867908       0.04715600       0.04561373
       0.05039445       0.04801548       0.02819319       0.03773800       0.03822623       0.05831380       0.03757897       0.05768270       0.02838612       0.04651265       0.04361676       0.04929306       0.04934050       0.07455357       0.04929670       0.03412692       0.04845614       0.05036052       0.04068238       0.04629092       0.03107467       0.05415988       0.06910386       0.03536847       0.04521634       0.04229449       0.04764608       0.04559333       0.02762151       0.03128720       0.05548747       0.06681630       0.04929491       0.03155531       0.03685558       0.05604374       0.04750655       0.02817188       0.04578024       0.04635074       0.05758789       0.04719693       0.04737504       0.03586893       0.06134222       0.03255150       0.05171524       0.03109757       0.04238753       0.04113855       0.04405322       0.04220943       0.02350208       0.05849476       0.03256612       0.04735022       0.03818008       0.04548431       0.01275977       0.06057893       0.04345444       0.03260268       0.04733968       0.03537866
       0.03280856       0.05959152       0.05116063       0.03722566       0.04492841       0.04967842       0.03885589       0.03880050       0.02648068       0.04261566       0.04050465       0.04981073       0.04825962       0.03388235       0.05170257       0.04668592       0.05463489       0.06041161       0.04407134       0.04189025       0.04568910       0.03069061       0.05068907       0.03524345       0.03926779       0.02879959       0.03716149       0.04762654       0.04021845       0.03067939       0.04286597       0.04890596       0.05996389       0.04209584       0.04527549       0.05691072       0.04196601       0.03245785       0.03590305       0.04629913       0.04409827       0.04919648       0.06354744       0.03930760       0.05261516       0.04615283       0.05139856       0.05038952       0.04334498       0.06497926       0.05929823       0.05100112       0.03740269       0.04968772       0.04405889       0.03631241       0.04798478       0.05487457       0.06057893       0.01792410       0.04946630       0.04167778       0.06257930       0.04719753
       0.05300473       0.05471123       0.03631265       0.04406842       0.04465246       0.03279329       0.05338349       0.04122608       0.04655296       0.07202948       0.03135147       0.05438869       0.04651820       0.04998941       0.06568993       0.03485994       0.04590193       0.03002653       0.04853721       0.04570218       0.05899694       0.05605725       0.05389141       0.04884058       0.05564856       0.03755664       0.02765818       0.02416626       0.04351974       0.02666852       0.04608111       0.04670578       0.04377314       0.05278760       0.06166060       0.04657441       0.04625125       0.02997366       0.04110498       0.06689402       0.04016405       0.06520907       0.04929616       0.05224469       0.03904215       0.04280526       0.03771078       0.04319746       0.02670323       0.04666785       0.04561568       0.03780975       0.05349277       0.03943424       0.04363261       0.04891463       0.04566892       0.04998585       0.04345444       0.04946630       0.00792523       0.05557852       0.04071091       0.06331781
       0.04881652       0.03632386       0.07179330       0.04021761       0.06303722       0.04264894       0.05940363       0.05212359       0.05970506       0.04414818       0.04456418       0.05026153       0.04392797       0.05310882       0.05089962       0.05549436       0.06049143       0.05458618       0.05216957       0.03896304       0.04163709       0.05829223       0.04726591       0.05797877       0.04191378       0.04011619       0.06526547       0.03323430       0.04229083       0.03572830       0.06391907       0.03328668       0.03593194       0.04717527       0.05833192       0.03762749       0.03605932       0.05161336       0.03026139       0.04183366       0.04062996       0.04096142       0.04240446       0.03801386       0.04861093       0.04437880       0.03474512       0.04613147       0.05023318       0.04589920       0.04845597       0.03482983       0.06224976       0.03566479       0.05064422       0.04048554       0.03835034       0.05867908       0.03260268       0.04167778       0.05557852       0.01453710       0.03580200       0.05577409
       0.05400874       0.03871485       0.06687176       0.05822125       0.05263138       0.04471584       0.03565434       0.04888851       0.04379484       0.03421368       0.05337752       0.03978167       0.06386894       0.03240240       0.05093348       0.06549345       0.04330271       0.04144840       0.06012337       0.03585017       0.03919666       0.05130342       0.04061759       0.05731613       0.04451064       0.06301998       0.05638583       0.03849713       0.04004815       0.03017067       0.06568767       0.04863480       0.04629283       0.06016572       0.04342692       0.03024213       0.04357040       0.03734122       0.03243500       0.04481830       0.04538250       0.05205101       0.05426881       0.03897566       0.03628758       0.03878499       0.04778600       0.04149942       0.05793427       0.06088649       0.05900884       0.04128524       0.04134014       0.02848365       0.04374431       0.02762971       0.05161652       0.04715600       0.04733968       0.06257930       0.04071091       0.03580200       0.01517624       0.03770501
       0.03808991       0.03771427       0.05721873       0.07057172       0.05854434       0.03876720       0.05338249       0.05951202       0.05074375       0.04598104       0.05406720       0.02732047       0.01785716       0.04083096       0.04241930       0.05368264       0.03801284       0.05272946       0.03714237       0.05302679       0.04274045       0.04944709       0.06760902       0.04366404       0.03571687       0.04970617       0.05266358       0.05210430       0.04951668       0.03520192       0.04674795       0.05224898       0.04117698       0.04824651       0.02376647       0.05108054       0.03248897       0.03027883       0.05461655       0.03964539       0.04757200       0.03137505       0.06224738       0.04831247       0.03486856       0.05462038       0.04216933       0.03476639       0.03435358       0.06401601       0.04346235       0.03815050       0.02971683       0.04120221       0.02425661       0.03822177       0.04774324       0.04561373       0.03537866       0.04719753       0.06331781       0.05577409       0.03770501       0.01475019
Average upden (full)                       = 
       0.47212902       0.48342127       0.48133452       0.49497753       0.50393423       0.48663613       0.49284814       0.45803217       0.45042042       0.58094546       0.51875426       0.47002191       0.54135761       0.44773620       0.52931318       0.49748581       0.52015385       0.50921138       0.48170994       0.54518490       0.48287658       0.50664940       0.52643835       0.49557949       0.49727370       0.48720633       0.51995916       0.53408724       0.45819822       0.49525880       0.44777498       0.46557250       0.52263788       0.50484733       0.49959468       0.50690279       0.56323126       0.45925295       0.56575940       0.48185173       0.45696344       0.53512223       0.47513167       0.51025574       0.41148898       0.52850769       0.48123553       0.48843375       0.56628925       0.46247896       0.48343479       0.52219274       0.48508565       0.43957453       0.53852539       0.46443412       0.51374994       0.53350385       0.49860316       0.47205762       0.54890063       0.51226813       0.48887355       0.54597427
+-
       0.04012562       0.03573400       0.04029289       0.04635204       0.04092204       0.04236960       0.03328958       0.02825276       0.03846165       0.02155919       0.04730291       0.03518151       0.05217212       0.02409898       0.03082245       0.03696674       0.04263668       0.02756719       0.03309801       0.04015367       0.04057847       0.02821149       0.05632121       0.04375476       0.04438076       0.03623443       0.02918273       0.02877384       0.03033659       0.04012912       0.04684618       0.03758410       0.03072792       0.04338360       0.03993214       0.03362551       0.03341518       0.03674578       0.04151850       0.04729345       0.04224616       0.02722218       0.02961544       0.03329529       0.05094500       0.05253768       0.03514989       0.04215782       0.03064937       0.03167354       0.02870912       0.04804001       0.04487821       0.04097945       0.03673004       0.02738619       0.03684144       0.04598740       0.03493490       0.03012290       0.02403585       0.03301974       0.04296612       0.02720585
Average dnden (full)                       = 
       0.52767084       0.51700819       0.51921520       0.50580071       0.49620108       0.51350586       0.50680517       0.54125802       0.54977300       0.41941012       0.48122858       0.53072720       0.45888329       0.55229217       0.47139324       0.50250113       0.47960546       0.49110579       0.51851855       0.45431013       0.51681350       0.49445368       0.47411437       0.50500655       0.50403503       0.51301283       0.47960952       0.46698771       0.54169378       0.50437345       0.55249230       0.53470689       0.47728940       0.49527434       0.49991385       0.49350127       0.43729292       0.54007895       0.43440677       0.51913927       0.54261881       0.46459343       0.52449588       0.48958781       0.58746033       0.47244261       0.51907093       0.51166911       0.43398637       0.53785737       0.51610155       0.47782735       0.51422760       0.56008395       0.46145506       0.53566927       0.48507611       0.46584455       0.50036040       0.52754426       0.45054486       0.48889610       0.51104287       0.45464790
+-
       0.04024339       0.03583848       0.04028283       0.04627571       0.04088355       0.04218528       0.03282609       0.02807519       0.03871886       0.02160986       0.04733382       0.03515740       0.05225031       0.02422517       0.03104580       0.03702645       0.04266171       0.02774472       0.03297087       0.04014300       0.04041835       0.02852734       0.05631296       0.04390203       0.04435459       0.03638184       0.02939779       0.02853970       0.03034883       0.04022673       0.04703677       0.03739733       0.03071663       0.04338802       0.04014156       0.03397273       0.03359962       0.03681464       0.04168594       0.04718564       0.04208311       0.02731779       0.02957819       0.03340249       0.05122621       0.05296815       0.03518005       0.04228890       0.03061291       0.03160189       0.02843462       0.04804285       0.04475730       0.04089627       0.03681246       0.02746919       0.03704382       0.04575470       0.03503266       0.03023878       0.02415475       0.03286705       0.04316945       0.02726438
Average double occupancy (full)            = 
       0.12891863       0.14665706       0.13153130       0.13831184       0.12531040       0.13284824       0.12904464       0.13658825       0.14237624       0.13900559       0.13037431       0.14271847       0.13699309       0.13642427       0.12256516       0.13096704       0.14205914       0.13252070       0.12919343       0.13666711       0.14281503       0.13488226       0.11180128       0.13488506       0.14208791       0.15031010       0.14567088       0.12979070       0.13360935       0.14358227       0.13592638       0.14389151       0.14080452       0.12737931       0.12615061       0.13697668       0.13859408       0.14646084       0.14299255       0.14662141       0.13769604       0.12674544       0.13489793       0.14818780       0.13724804       0.14702321       0.13051994       0.14559450       0.14672028       0.13049146       0.13368619       0.14441142       0.12087364       0.13352051       0.12439592       0.13939003       0.12849224       0.11650616       0.13373902       0.12903608       0.12584045       0.13501886       0.13559282       0.12814224
+-
       0.00524501       0.00557340       0.00512004       0.00993418       0.00804369       0.00392173       0.00872926       0.00497397       0.00845434       0.00694654       0.00647461       0.00516738       0.00913950       0.00713289       0.00804938       0.00783407       0.00890206       0.00473943       0.00704202       0.00897358       0.00537206       0.00694242       0.00517540       0.00822015       0.00623001       0.00726375       0.00797301       0.00795530       0.00463217       0.00720570       0.00725486       0.00903949       0.00669950       0.00727706       0.00646678       0.00691416       0.00602316       0.00546212       0.00640735       0.00645719       0.00538063       0.00830246       0.00774283       0.00857932       0.01150361       0.00673813       0.00622179       0.00688617       0.00991735       0.00831148       0.00957333       0.00757576       0.00645584       0.00682701       0.00693354       0.00668307       0.00761903       0.00891305       0.00630436       0.00911916       0.00403210       0.00725143       0.00765454       0.00753227
Average magnetic moment (full)             = 
       0.55647195       0.53033651       0.55311534       0.54311592       0.56213588       0.55083414       0.55617302       0.54458527       0.53658070       0.54175829       0.55442567       0.53648413       0.54469104       0.54538486       0.56668208       0.55353964       0.53673077       0.55145683       0.55638123       0.54462061       0.53554502       0.54850392       0.58271261       0.54811194       0.53784969       0.52469921       0.53117018       0.55612017       0.54950498       0.53435077       0.54631089       0.53437228       0.53873868       0.55902229       0.56040549       0.54483802       0.54250201       0.52980767       0.53563581       0.53081113       0.54314262       0.55966859       0.54737377       0.52760097       0.54333991       0.53017791       0.55444993       0.53168539       0.53012630       0.55451507       0.54912297       0.53339793       0.56817447       0.54946309       0.56339145       0.54099250       0.55638117       0.57475206       0.54861415       0.55614729       0.56082345       0.54834488       0.54654809       0.55825326
+-
       0.00783761       0.00827595       0.00764879       0.01493572       0.01198228       0.00580511       0.01310266       0.00768847       0.01270320       0.01034558       0.00977864       0.00769042       0.01369033       0.01067649       0.01216574       0.01161135       0.01327812       0.00704164       0.01073207       0.01357341       0.00786846       0.01026355       0.00781619       0.01206609       0.00941770       0.01100158       0.01203359       0.01173691       0.00702303       0.01082891       0.01079228       0.01342423       0.01007586       0.01095897       0.00982204       0.01023893       0.00881899       0.00824203       0.00965199       0.00958400       0.00839441       0.01240730       0.01169342       0.01299068       0.01730714       0.00994344       0.00914033       0.01044389       0.01489135       0.01223654       0.01439845       0.01130348       0.00965951       0.01019573       0.01044769       0.01009749       0.01148427       0.01341037       0.00956983       0.01344308       0.00594393       0.01090282       0.01138218       0.01106265
